train_smiles,test_smiles
[H:8][C:1]([H:9])([H:10])[C:2](=[O:3])[C:4]([H:11])([H:12])[S:5][C:6]([H:13])([H:14])[F:7],[H:8][C:1]([H:9])([H:10])[C:2](=[O:3])[C:4]([H:11])([H:12])[S:5][C:6]([H:13])([H:14])[F:7]
[H:20][C:10](=[O:11])[P:8](=[O:9])([O-:12])[O:7][C:6]([H:18])([H:19])[C:4]1([O:5][C:1]([C:2]([S:3]1)([H:15])[H:16])([H:13])[H:14])[H:17],[H:20][C:10](=[O:11])[P:8](=[O:9])([O-:12])[O:7][C:6]([H:18])([H:19])[C:4]1([O:5][C:1]([C:2]([S:3]1)([H:15])[H:16])([H:13])[H:14])[H:17]
[H:16][C:2](=[C:3]([C:4]([H:17])([H:18])[H:19])[C:5]([H:20])([H:21])[C:6]([H:22])([H:23])[C:7]([H:24])([C:8]([C:9]([H:25])([H:26])[H:27])([C:10]([H:28])([H:29])[H:30])[O:11][H:31])[O:12][H:32])[C:1]([H:13])([H:14])[H:15],[H:16][C:2](=[C:3]([C:4]([H:17])([H:18])[H:19])[C:5]([H:20])([H:21])[C:6]([H:22])([H:23])[C:7]([H:24])([C:8]([C:9]([H:25])([H:26])[H:27])([C:10]([H:28])([H:29])[H:30])[O:11][H:31])[O:12][H:32])[C:1]([H:13])([H:14])[H:15]
[H:20][c:4]1[c:5]([c:6]([c:8]([c:10]([c:3]1[B:2]([c:11]2[c:12]([c:13]([c:14]([c:16]([c:18]2[H:31])[Cl:17])[C:15]([H:28])([H:29])[H:30])[H:27])[H:26])[O:1][H:19])[H:25])[Cl:9])[C:7]([H:22])([H:23])[H:24])[H:21],[H:20][c:4]1[c:5]([c:6]([c:8]([c:10]([c:3]1[B:2]([c:11]2[c:12]([c:13]([c:14]([c:16]([c:18]2[H:31])[Cl:17])[C:15]([H:28])([H:29])[H:30])[H:27])[H:26])[O:1][H:19])[H:25])[Cl:9])[C:7]([H:22])([H:23])[H:24])[H:21]
[H:17][C:8](=[O:9])[C:7]([H:15])([H:16])[S:4](=[O:5])(=[O:6])[C:3]1([C:1]([C:2]1([H:12])[H:13])([H:10])[H:11])[H:14],[H:17][C:8](=[O:9])[C:7]([H:15])([H:16])[S:4](=[O:5])(=[O:6])[C:3]1([C:1]([C:2]1([H:12])[H:13])([H:10])[H:11])[H:14]
[H:11][C:1]([H:12])([H:13])[C:2]([H:14])([C:3]([H:15])([H:16])[H:17])[C:4]([H:18])([H:19])[C:5]([H:20])([C:6](=[O:7])[C:8]([H:21])([H:22])[Br:9])[N+:10]([H:23])([H:24])[H:25],[H:11][C:1]([H:12])([H:13])[C:2]([H:14])([C:3]([H:15])([H:16])[H:17])[C:4]([H:18])([H:19])[C:5]([H:20])([C:6](=[O:7])[C:8]([H:21])([H:22])[Br:9])[N+:10]([H:23])([H:24])[H:25]
[H:18][C:9]1([C:10]([O:11][C:12]([C:8]1([H:17])[C:6]2=[N:5][N:4]=[C:3]([S:7]2)[N:2]([H:16])[C:1]([H:13])([H:14])[H:15])([H:22])[H:23])([H:20])[H:21])[H:19],[H:18][C:9]1([C:10]([O:11][C:12]([C:8]1([H:17])[C:6]2=[N:5][N:4]=[C:3]([S:7]2)[N:2]([H:16])[C:1]([H:13])([H:14])[H:15])([H:22])[H:23])([H:20])[H:21])[H:19]
[H:16][C:5]1=[N:4][C:3](=[C:2]([N:6]1[H:17])[C:1]([H:13])([H:14])[H:15])[C:7]([H:18])([H:19])[C:8]([H:20])([H:21])[N+:9]([H:22])([H:23])[C:10]([H:24])([H:25])[C:11]([H:26])([H:27])[N:12]([H:28])[H:29],[H:16][C:5]1=[N:4][C:3](=[C:2]([N:6]1[H:17])[C:1]([H:13])([H:14])[H:15])[C:7]([H:18])([H:19])[C:8]([H:20])([H:21])[N+:9]([H:22])([H:23])[C:10]([H:24])([H:25])[C:11]([H:26])([H:27])[N:12]([H:28])[H:29]
[O:1]=[C:2]([C@:3]([F:4])([C@@:5]([I:6])([C:7](=[O:8])[H:12])[H:11])[H:10])[H:9],[O:1]=[C:2]([C@@:3]([F:4])([C@@:5]([I:6])([C:7](=[O:8])[H:12])[H:11])[H:10])[H:9]
[H:7][C:1]([H:8])([C:2]([H:9])([C:3]([H:10])([H:11])[Br:4])[O:5][H:12])[O:6][H:13],[H:7][C:1]([H:8])([C:2]([H:9])([C:3]([H:10])([H:11])[Br:4])[O:5][H:12])[O:6][H:13]
[H:21][c:5]1[c:6]([c:7]([c:12]([c:15]([c:4]1[C@@:2]([H:19])([C:1]([H:16])([H:17])[H:18])[O:3][H:20])[H:28])[C:13]([H:25])([H:26])[O:14][H:27])[O:8][B:9]([O:10][H:23])[O:11][H:24])[H:22],[H:21][c:5]1[c:6]([c:7]([c:12]([c:15]([c:4]1[C@@:2]([H:19])([C:1]([H:16])([H:17])[H:18])[O:3][H:20])[H:28])[C:13]([H:25])([H:26])[O:14][H:27])[O:8][B:9]([O:10][H:23])[O:11][H:24])[H:22]
[H:19][C:5]1([C:4]([N+:6]1([H:21])[C:7]([H:22])([H:23])[C:8]([H:24])([C:9]([H:25])([H:26])[H:27])[O:10][H:28])([H:18])[C:2]([H:14])([C:1]([H:11])([H:12])[H:13])[C:3]([H:15])([H:16])[H:17])[H:20],[H:19][C:5]1([C:4]([N+:6]1([H:21])[C:7]([H:22])([H:23])[C:8]([H:24])([C:9]([H:25])([H:26])[H:27])[O:10][H:28])([H:18])[C:2]([H:14])([C:1]([H:11])([H:12])[H:13])[C:3]([H:15])([H:16])[H:17])[H:20]
[H:12][c:1]1[c:2]([c:3]([c:4]([c:5]([c:6]1[H:15])[C:7]([H:16])([H:17])[N:8]([H:18])[C:9](=[S:10])[H:19])[Cl:11])[H:14])[H:13],[H:12][c:1]1[c:2]([c:3]([c:4]([c:5]([c:6]1[H:15])[C:7]([H:16])([H:17])[N:8]([H:18])[C:9](=[S:10])[H:19])[Cl:11])[H:14])[H:13]
[H:13][C:1]([H:14])([H:15])[C:2]([C:3]([H:16])([H:17])[H:18])([C:4]([H:19])([H:20])[H:21])[S:5][C:6]([H:22])([H:23])[C:7]([H:24])([C:8](=[O:9])[C:10]([H:25])([H:26])[O:11][H:27])[N+:12]([H:28])([H:29])[H:30],[H:13][C:1]([H:14])([H:15])[C:2]([C:3]([H:16])([H:17])[H:18])([C:4]([H:19])([H:20])[H:21])[S:5][C:6]([H:22])([H:23])[C:7]([H:24])([C:8](=[O:9])[C:10]([H:25])([H:26])[O:11][H:27])[N+:12]([H:28])([H:29])[H:30]
[N:1](=[C:2]1\[C:3](=[O:4])[O:5][C:6]([H:10])([H:11])[C@:7]1([I:8])[H:12])\[H:9],[N:1](=[C:2]1/[C:3](=[O:4])[O:5][C:6]([H:10])([H:11])[C@@:7]1([I:8])[H:12])\[H:9]
[H:13][C:1]1([C:2]([O:3][C:4]([O:5]1)([H:16])[C:6]([H:17])([H:18])[O:7][P:8](=[O:9])([O-:10])[O-:11])([H:15])[S:12][H:19])[H:14],[H:13][C:1]1([C:2]([O:3][C:4]([O:5]1)([H:16])[C:6]([H:17])([H:18])[O:7][P:8](=[O:9])([O-:10])[O-:11])([H:15])[S:12][H:19])[H:14]
[H:13][C:2]1([C:1]([C:5]([O:4][C:3]1([H:15])[C:8](=[O:9])[N:10]([H:21])[H:22])([H:16])[C:6]([H:17])([H:18])[N:7]([H:19])[H:20])([H:11])[H:12])[H:14],[H:13][C:2]1([C:1]([C:5]([O:4][C:3]1([H:15])[C:8](=[O:9])[N:10]([H:21])[H:22])([H:16])[C:6]([H:17])([H:18])[N:7]([H:19])[H:20])([H:11])[H:12])[H:14]
[H:17][C:4](=[O:5])[C:2]([C:6]1([C:7]([N:8]([C:9]1([H:21])[H:22])[H:20])([H:18])[H:19])[O:10][H:23])([C:1]([H:11])([H:12])[H:13])[C:3]([H:14])([H:15])[H:16],[H:17][C:4](=[O:5])[C:2]([C:6]1([C:7]([N:8]([C:9]1([H:21])[H:22])[H:20])([H:18])[H:19])[O:10][H:23])([C:1]([H:11])([H:12])[H:13])[C:3]([H:14])([H:15])[H:16]
[H:18][C:5](=[O:6])[C:4]([H:17])([C:3]([H:15])([H:16])[C:2]([H:13])([H:14])[C:1]([H:10])([H:11])[H:12])[N:7]([C:8]([H:19])([H:20])[H:21])[C:9]([H:22])([H:23])[H:24],[H:18][C:5](=[O:6])[C:4]([H:17])([C:3]([H:15])([H:16])[C:2]([H:13])([H:14])[C:1]([H:10])([H:11])[H:12])[N:7]([C:8]([H:19])([H:20])[H:21])[C:9]([H:22])([H:23])[H:24]
[H:18][C:7](=[O:8])[C:6](=[N:5][O:4][C:2]([H:14])([C:1]([H:11])([H:12])[H:13])[C:3]([H:15])([H:16])[H:17])[C:9]#[N:10],[H:18][C:7](=[O:8])[C:6](=[N:5][O:4][C:2]([H:14])([C:1]([H:11])([H:12])[H:13])[C:3]([H:15])([H:16])[H:17])[C:9]#[N:10]
[H:26][C:9]1([C:8]([O:7][C:6]([C:5]([C:10]1([H:28])[Br:11])([H:21])[N+:4]([H:19])([H:20])[C:3]([H:17])([H:18])[C:2]([H:16])([C:1]([H:13])([H:14])[H:15])[O:12][H:29])([H:22])[H:23])([H:24])[H:25])[H:27],[H:26][C:9]1([C:8]([O:7][C:6]([C:5]([C:10]1([H:28])[Br:11])([H:21])[N+:4]([H:19])([H:20])[C:3]([H:17])([H:18])[C:2]([H:16])([C:1]([H:13])([H:14])[H:15])[O:12][H:29])([H:22])[H:23])([H:24])[H:25])[H:27]
[H:26][c:10]1[c:9]([c:8]([c:7]([c:12]([c:11]1[H:27])[H:28])[Si:5]2([O:4][C:3]([C:2]([N:1]([C:15]([C:14]([O:13]2)([H:29])[H:30])([H:31])[H:32])[H:16])([H:17])[H:18])([H:19])[H:20])[C:6]([H:21])([H:22])[H:23])[H:24])[H:25],[H:26][c:10]1[c:9]([c:8]([c:7]([c:12]([c:11]1[H:27])[H:28])[Si:5]2([O:4][C:3]([C:2]([N:1]([C:15]([C:14]([O:13]2)([H:29])[H:30])([H:31])[H:32])[H:16])([H:17])[H:18])([H:19])[H:20])[C:6]([H:21])([H:22])[H:23])[H:24])[H:25]
[H:19][C:1](=[O:2])[C@:3]1([C@:12]([C@:11]2([C@@:6]([C:5]1([H:22])[H:23])([C@:7]([N:9]([C:10]2([H:30])[H:31])[H:29])([H:25])[C:8]([H:26])([H:27])[H:28])[H:24])[H:32])([H:33])[C:13]([H:34])([H:35])[C:14]([H:36])([H:37])[C:15]([H:38])([H:39])[B:16]([O:17][H:40])[O:18][H:41])[N:4]([H:20])[H:21],[H:19][C:1](=[O:2])[C@:3]1([C@:12]([C@:11]2([C@@:6]([C:5]1([H:22])[H:23])([C@:7]([N:9]([C:10]2([H:30])[H:31])[H:29])([H:25])[C:8]([H:26])([H:27])[H:28])[H:24])[H:32])([H:33])[C:13]([H:34])([H:35])[C:14]([H:36])([H:37])[C:15]([H:38])([H:39])[B:16]([O:17][H:40])[O:18][H:41])[N:4]([H:20])[H:21]
[H:25][C:10]1=[C:9]([N:8]([C:12](=[N:11]1)[H:26])[C:7]([H:22])([H:23])[C:5](=[O:6])[C:2]([C:1]([H:13])([H:14])[H:15])([C:3]([H:16])([H:17])[H:18])[C:4]([H:19])([H:20])[H:21])[H:24],[H:25][C:10]1=[C:9]([N:8]([C:12](=[N:11]1)[H:26])[C:7]([H:22])([H:23])[C:5](=[O:6])[C:2]([C:1]([H:13])([H:14])[H:15])([C:3]([H:16])([H:17])[H:18])[C:4]([H:19])([H:20])[H:21])[H:24]
[H:13][C:3]1([C:2]([C:4]1([H:15])[N+:5]([H:16])([H:17])[C:6]([H:18])([H:19])[C:7]([H:20])([H:21])[N:8]([H:22])[H:23])([H:12])[C:1]([H:9])([H:10])[H:11])[H:14],[H:13][C:3]1([C:2]([C:4]1([H:15])[N+:5]([H:16])([H:17])[C:6]([H:18])([H:19])[C:7]([H:20])([H:21])[N:8]([H:22])[H:23])([H:12])[C:1]([H:9])([H:10])[H:11])[H:14]
[H:13][C:1]1=[C:2]([S:3][C:4](=[N:5]1)[C:6](=[O:7])[C:8]2([C:9]([C:10]([C:11]([N:12]2[H:22])([H:20])[H:21])([H:18])[H:19])([H:16])[H:17])[H:15])[H:14],[H:13][C:1]1=[C:2]([S:3][C:4](=[N:5]1)[C:6](=[O:7])[C:8]2([C:9]([C:10]([C:11]([N:12]2[H:22])([H:20])[H:21])([H:18])[H:19])([H:16])[H:17])[H:15])[H:14]
[H:8][C:1]([H:9])([C:2]([H:10])([C:3]([H:11])([H:12])[O:4][N:5]([H:13])[H:14])[O:6][H:15])[N+:7]([H:16])([H:17])[H:18],[H:8][C:1]([H:9])([C:2]([H:10])([C:3]([H:11])([H:12])[O:4][N:5]([H:13])[H:14])[O:6][H:15])[N+:7]([H:16])([H:17])[H:18]
[H:17][C:8]1=[C:7]([N:11]=[C:10]([S:9]1)[N:12]([H:18])[H:19])[C:4](=[N:3][O:2][C:1]([H:13])([H:14])[H:15])[C:5](=[O:6])[H:16],[H:17][C:8]1=[C:7]([N:11]=[C:10]([S:9]1)[N:12]([H:18])[H:19])[C:4](=[N:3][O:2][C:1]([H:13])([H:14])[H:15])[C:5](=[O:6])[H:16]
[H:16][c:3]1[c:4]([n+:5]([c:6]([c:7]([c:2]1[C:1]([H:13])([H:14])[H:15])[H:19])[H:18])[C:8]([H:20])([H:21])[C:9]([H:22])([C:10](=[O:11])[H:23])[O:12][H:24])[H:17],[H:16][c:3]1[c:4]([n+:5]([c:6]([c:7]([c:2]1[C:1]([H:13])([H:14])[H:15])[H:19])[H:18])[C:8]([H:20])([H:21])[C:9]([H:22])([C:10](=[O:11])[H:23])[O:12][H:24])[H:17]
[N:1]#[C:2][C:3]1=[C:8]([S:9][C:10]([C:11](=[O:12])[H:15])([H:13])[H:14])[S:7][N:6]=[C:4]1[I:5],[N:1]#[C:2][C:3]1=[C:8]([S:9][C:10]([C:11](=[O:12])[H:15])([H:13])[H:14])[S:7][N:6]=[C:4]1[I:5]
[H:9][C:1]([H:10])([H:11])[C:2]([H:12])([H:13])[C:3]([H:14])([H:15])[C:4]([H:16])([H:17])[C:5]([H:18])([H:19])[C:6]([H:20])([C:7]([H:21])([H:22])[H:23])[O:8][H:24],[H:9][C:1]([H:10])([H:11])[C:2]([H:12])([H:13])[C:3]([H:14])([H:15])[C:4]([H:16])([H:17])[C:5]([H:18])([H:19])[C:6]([H:20])([C:7]([H:21])([H:22])[H:23])[O:8][H:24]
[H:18][C:11](=[O:12])[C:10]([H:16])([H:17])[S:9][C:4]1=[C:3]([S:8][C:6](=[O:7])[S:5]1)[S:2][C:1]([H:13])([H:14])[H:15],[H:18][C:11](=[O:12])[C:10]([H:16])([H:17])[S:9][C:4]1=[C:3]([S:8][C:6](=[O:7])[S:5]1)[S:2][C:1]([H:13])([H:14])[H:15]
[H:12][C:1]([H:13])([H:14])[C:2]([H:15])([H:16])[C:3]([H:17])([H:18])[C:4]([H:19])([C:5]([H:20])([H:21])[O:6][H:22])[C:7]([H:23])([O:8][H:24])[O:9][C:10]([H:25])([H:26])[C:11]([H:27])([H:28])[H:29],[H:12][C:1]([H:13])([H:14])[C:2]([H:15])([H:16])[C:3]([H:17])([H:18])[C:4]([H:19])([C:5]([H:20])([H:21])[O:6][H:22])[C:7]([H:23])([O:8][H:24])[O:9][C:10]([H:25])([H:26])[C:11]([H:27])([H:28])[H:29]
[N+:1]([C@:2]([C:3]([O:4][H:19])([H:17])[H:18])([c:5]1[c:6]([H:20])[c:7]([H:21])[c:8]([H:22])[c:9]([I:10])[c:11]1[O:12][H:23])[H:16])([H:13])([H:14])[H:15],[N+:1]([C@@:2]([C:3]([O:4][H:19])([H:17])[H:18])([c:5]1[c:6]([H:20])[c:7]([H:21])[c:8]([H:22])[c:9]([I:10])[c:11]1[O:12][H:23])[H:16])([H:13])([H:14])[H:15]
[O:1]=[N+:2]([O-:3])[C@:4]([I:5])([C@@:6]([I:7])([C:8]([I:9])([H:12])[H:13])[H:11])[H:10],[O:1]=[N+:2]([O-:3])[C@@:4]([I:5])([C@@:6]([I:7])([C:8]([I:9])([H:12])[H:13])[H:11])[H:10]
[C:1](=[C:2]([I:3])[c:4]1[c:5]([H:14])[c:6]([H:15])[c:7]([I:8])[c:9]([H:16])[c:10]1[I:11])([H:12])[H:13],[C:1](=[C:2]([I:3])[c:4]1[c:5]([H:14])[c:6]([H:15])[c:7]([I:8])[c:9]([H:16])[c:10]1[I:11])([H:12])[H:13]
[H:17][C:3](=[O:4])[C:2]([H:16])([C:1]([H:13])([H:14])[H:15])[N:5]([H:18])[C:6]1=[N:7][C:8]([C:9]([C:10]([C:11]([C:12]1([H:27])[H:28])([H:25])[H:26])([H:23])[H:24])([H:21])[H:22])([H:19])[H:20],[H:17][C:3](=[O:4])[C:2]([H:16])([C:1]([H:13])([H:14])[H:15])[N:5]([H:18])[C:6]1=[N:7][C:8]([C:9]([C:10]([C:11]([C:12]1([H:27])[H:28])([H:25])[H:26])([H:23])[H:24])([H:21])[H:22])([H:19])[H:20]
[H:9][C:1]([H:10])([C:2]([H:11])([H:12])[S:3][S:4](=[O:5])(=[O:6])[O:7][H:13])[O:8][H:14],[H:9][C:1]([H:10])([C:2]([H:11])([H:12])[S:3][S:4](=[O:5])(=[O:6])[O:7][H:13])[O:8][H:14]
[H:8][C:1]([H:9])([H:10])[C:2]([H:11])([H:12])[N:3]([C:4]([H:13])([H:14])[C:5]([H:15])([H:16])[H:17])[C:6]([H:18])([H:19])[O:7][H:20],[H:8][C:1]([H:9])([H:10])[C:2]([H:11])([H:12])[N:3]([C:4]([H:13])([H:14])[C:5]([H:15])([H:16])[H:17])[C:6]([H:18])([H:19])[O:7][H:20]
[H:12][C:1]([H:13])([C:2]([H:14])([H:15])[C:3]([H:16])([H:17])[S:4](=[O:5])[O-:6])[C:7]([H:18])([H:19])[C:8]([Cl:9])([Cl:10])[Cl:11],[H:12][C:1]([H:13])([C:2]([H:14])([H:15])[C:3]([H:16])([H:17])[S:4](=[O:5])[O-:6])[C:7]([H:18])([H:19])[C:8]([Cl:9])([Cl:10])[Cl:11]
[H:15][C:1](=[O:2])[C@:3]([H:16])([C@@:5]([H:18])([C@:7]1([C@@:12]([O:11][B:9]([O:8]1)[O:10][H:21])([H:22])[C:13]([H:23])([H:24])[O:14][H:25])[H:20])[O:6][H:19])[O:4][H:17],[H:15][C:1](=[O:2])[C@@:3]([H:16])([C@:5]([H:18])([C@:7]1([C@@:12]([O:11][B:9]([O:8]1)[O:10][H:21])([H:22])[C:13]([H:23])([H:24])[O:14][H:25])[H:20])[O:6][H:19])[O:4][H:17]
[H:8][C:1]1([C:2]([C:3]([S:4]1)([H:11])[H:12])([H:10])[C:5]([H:13])([H:14])[C:6]([H:15])([H:16])[O:7][H:17])[H:9],[H:8][C:1]1([C:2]([C:3]([S:4]1)([H:11])[H:12])([H:10])[C:5]([H:13])([H:14])[C:6]([H:15])([H:16])[O:7][H:17])[H:9]
[H:16][C:4]1([C:5]([O:6][C:2]([N+:3]1([H:14])[H:15])([C:1]([H:11])([H:12])[H:13])[C:10]([H:24])([H:25])[H:26])([H:18])[C:7]([H:19])([H:20])[C:8]([H:21])([H:22])[O:9][H:23])[H:17],[H:16][C:4]1([C:5]([O:6][C:2]([N+:3]1([H:14])[H:15])([C:1]([H:11])([H:12])[H:13])[C:10]([H:24])([H:25])[H:26])([H:18])[C:7]([H:19])([H:20])[C:8]([H:21])([H:22])[O:9][H:23])[H:17]
[N:1]([C@:2]([C:3]([C:4]1=[C:5]([I:6])[O:7][c:8]2[c:9]([H:22])[c:10]([H:23])[c:11]([H:24])[c:12]([H:25])[c:13]21)([H:20])[H:21])([B:14]([O:15][H:26])[O:16][H:27])[H:19])([H:17])[H:18],[N:1]([C@@:2]([C:3]([C:4]1=[C:5]([I:6])[O:7][c:8]2[c:9]([H:22])[c:10]([H:23])[c:11]([H:24])[c:12]([H:25])[c:13]21)([H:20])[H:21])([B:14]([O:15][H:26])[O:16][H:27])[H:19])([H:17])[H:18]
[H:17][C:4]1([C:3]([C:2]([C:7]([N+:6]([C:5]1([H:19])[H:20])([H:21])[H:22])([H:23])[C:8]([H:24])([H:25])[C:9]([H:26])([H:27])[O:10][H:28])([H:14])[C:1]([H:11])([H:12])[H:13])([H:15])[H:16])[H:18],[H:17][C:4]1([C:3]([C:2]([C:7]([N+:6]([C:5]1([H:19])[H:20])([H:21])[H:22])([H:23])[C:8]([H:24])([H:25])[C:9]([H:26])([H:27])[O:10][H:28])([H:14])[C:1]([H:11])([H:12])[H:13])([H:15])[H:16])[H:18]
[H:22][C:8]1([C:6](=[O:7])[N:5]([C:4]([C:3]([C:2]([C:1]([C:12]([C:11]([N+:10]([C:9]1([H:24])[H:25])([H:26])[H:27])([H:28])[H:29])([H:30])[H:31])([H:13])[H:14])([H:15])[H:16])([H:17])[H:18])([H:19])[H:20])[H:21])[H:23],[H:22][C:8]1([C:6](=[O:7])[N:5]([C:4]([C:3]([C:2]([C:1]([C:12]([C:11]([N+:10]([C:9]1([H:24])[H:25])([H:26])[H:27])([H:28])[H:29])([H:30])[H:31])([H:13])[H:14])([H:15])[H:16])([H:17])[H:18])([H:19])[H:20])[H:21])[H:23]
[H:15][C:5]1([C:6]([C:4]1([C:7]([H:19])([H:20])[C:8]([H:21])([H:22])[N:9]([H:23])[H:24])[C:3]([H:13])([H:14])[S:2][C:1]([H:10])([H:11])[H:12])([H:17])[H:18])[H:16],[H:15][C:5]1([C:6]([C:4]1([C:7]([H:19])([H:20])[C:8]([H:21])([H:22])[N:9]([H:23])[H:24])[C:3]([H:13])([H:14])[S:2][C:1]([H:10])([H:11])[H:12])([H:17])[H:18])[H:16]
[O:1](/[N+:2](=[C:3](\[C:4]1=[N:5][N:6]([H:13])[C:7]([H:14])=[C:8]1[I:9])[H:12])[H:11])[H:10],[O:1](/[N+:2](=[C:3](/[C:4]1=[N:5][N:6]([H:13])[C:7]([H:14])=[C:8]1[I:9])[H:12])[H:11])[H:10]
[H:13][C:1]([H:14])([H:15])[C:2]([H:16])([C:3]1=[N:7][O:6][C:5](=[N:4]1)[C:8]([H:17])([H:18])[N:9]([H:19])[C:10]([H:20])([H:21])[H:22])[O:11][C:12]([H:23])([H:24])[H:25],[H:13][C:1]([H:14])([H:15])[C:2]([H:16])([C:3]1=[N:7][O:6][C:5](=[N:4]1)[C:8]([H:17])([H:18])[N:9]([H:19])[C:10]([H:20])([H:21])[H:22])[O:11][C:12]([H:23])([H:24])[H:25]
[N:1](=[C:2](\[C:3]([I:4])([I:5])[I:6])[H:8])\[H:7],[N:1](=[C:2](/[C:3]([I:4])([I:5])[I:6])[H:8])\[H:7]
[H:25][C:8]1([C:9]([O:10][C:11]([N+:5]([C:6]([O:7]1)([H:23])[H:24])([H:22])[C:3]([H:18])([C:4]([H:19])([H:20])[H:21])[C:2]([H:16])([H:17])[C:1]([H:13])([H:14])[H:15])([H:28])[H:29])([H:27])[C:12]([H:30])([H:31])[H:32])[H:26],[H:25][C:8]1([C:9]([O:10][C:11]([N+:5]([C:6]([O:7]1)([H:23])[H:24])([H:22])[C:3]([H:18])([C:4]([H:19])([H:20])[H:21])[C:2]([H:16])([H:17])[C:1]([H:13])([H:14])[H:15])([H:28])[H:29])([H:27])[C:12]([H:30])([H:31])[H:32])[H:26]
[H:12][C:1]1=[C:5]([S:4][C:3](=[C:2]1[H:13])[S:6][C:7]2([C:8]([C:9]([N:10]([C:11]2([H:21])[H:22])[H:20])([H:18])[H:19])([H:16])[H:17])[H:15])[H:14],[H:12][C:1]1=[C:5]([S:4][C:3](=[C:2]1[H:13])[S:6][C:7]2([C:8]([C:9]([N:10]([C:11]2([H:21])[H:22])[H:20])([H:18])[H:19])([H:16])[H:17])[H:15])[H:14]
[H:15][C:1](=[O:2])[C@@:3]([H:16])([C@:5]([H:18])([C@:7]1([C@@:12]([O:11][B:9]([O:8]1)[O:10][H:21])([H:22])[C:13]([H:23])([H:24])[O:14][H:25])[H:20])[O:6][H:19])[O:4][H:17],[H:15][C:1](=[O:2])[C@@:3]([H:16])([C@:5]([H:18])([C@:7]1([C@@:12]([O:11][B:9]([O:8]1)[O:10][H:21])([H:22])[C:13]([H:23])([H:24])[O:14][H:25])[H:20])[O:6][H:19])[O:4][H:17]
[H:20][C:11](=[O:12])[C:3]1=[N:4][C:5]([C:1]([C:2]1([H:15])[H:16])([H:13])[H:14])([H:17])[C:6]([H:18])([C:9]#[N:10])[C:7](=[O:8])[H:19],[H:20][C:11](=[O:12])[C:3]1=[N:4][C:5]([C:1]([C:2]1([H:15])[H:16])([H:13])[H:14])([H:17])[C:6]([H:18])([C:9]#[N:10])[C:7](=[O:8])[H:19]
[H:18][c:4]1[c:5]([c:6]([c:7]([c:8]([c:3]1[C:2]([H:16])([H:17])[C:1]([H:13])([H:14])[H:15])[H:21])[H:20])[C:9]([H:22])([C:10]([H:23])([H:24])[C:11]([H:25])([H:26])[H:27])[O:12][H:28])[H:19],[H:18][c:4]1[c:5]([c:6]([c:7]([c:8]([c:3]1[C:2]([H:16])([H:17])[C:1]([H:13])([H:14])[H:15])[H:21])[H:20])[C:9]([H:22])([C:10]([H:23])([H:24])[C:11]([H:25])([H:26])[H:27])[O:12][H:28])[H:19]
[C:1]1([H:13])([H:14])[C:2]([H:15])([H:16])[C:3]([H:17])([H:18])[C@:4]2([I:12])[C:5]([H:19])([H:20])[C:6]([H:21])=[C:7]([H:22])[C:8]([H:23])([H:24])[C@:9]2([N:11]([H:27])[H:28])[C:10]1([H:25])[H:26],[C:1]1([H:13])([H:14])[C:2]([H:15])([H:16])[C:3]([H:17])([H:18])[C@:4]2([I:12])[C:5]([H:19])([H:20])[C:6]([H:21])=[C:7]([H:22])[C:8]([H:23])([H:24])[C@@:9]2([N:11]([H:27])[H:28])[C:10]1([H:25])[H:26]
[H:20][C@:6]1([C:4](=[O:5])[N:3]([C@:2]1([H:18])[O:1][H:17])[H:19])[C@@:7]([H:21])([C:8]([H:22])([H:23])[H:24])[O:9][Si:10]([C:11]([H:25])([H:26])[H:27])([C:12]([H:28])([H:29])[H:30])[C:13]([C:14]([H:31])([H:32])[H:33])([C:15]([H:34])([H:35])[H:36])[C:16]([H:37])([H:38])[H:39],[H:20][C@:6]1([C:4](=[O:5])[N:3]([C@:2]1([H:18])[O:1][H:17])[H:19])[C@@:7]([H:21])([C:8]([H:22])([H:23])[H:24])[O:9][Si:10]([C:11]([H:25])([H:26])[H:27])([C:12]([H:28])([H:29])[H:30])[C:13]([C:14]([H:31])([H:32])[H:33])([C:15]([H:34])([H:35])[H:36])[C:16]([H:37])([H:38])[H:39]
[H:18][C:9]1=[C:10]([S:11][C:7](=[C:8]1[H:17])[C:4](=[N+:3]([H:15])[O:2][C:1]([H:12])([H:13])[H:14])[C:5](=[O:6])[H:16])[H:19],[H:18][C:9]1=[C:10]([S:11][C:7](=[C:8]1[H:17])[C:4](=[N+:3]([H:15])[O:2][C:1]([H:12])([H:13])[H:14])[C:5](=[O:6])[H:16])[H:19]
[H:18][C:6]1=[C:5]([S:9][C:8](=[N:7]1)[H:19])[C:4]([H:16])([H:17])[C:3]([H:14])([H:15])[N:2]([H:13])[C:1]([H:10])([H:11])[H:12],[H:18][C:6]1=[C:5]([S:9][C:8](=[N:7]1)[H:19])[C:4]([H:16])([H:17])[C:3]([H:14])([H:15])[N:2]([H:13])[C:1]([H:10])([H:11])[H:12]
[H:20][C:5]1([C:4]([N+:8]([C:7]([O:6]1)([H:22])[C:9]([H:25])([H:26])[C:10]([H:27])([H:28])[O:11][H:29])([H:23])[H:24])([H:19])[C:2]([H:15])([C:1]([H:12])([H:13])[H:14])[C:3]([H:16])([H:17])[H:18])[H:21],[H:20][C:5]1([C:4]([N+:8]([C:7]([O:6]1)([H:22])[C:9]([H:25])([H:26])[C:10]([H:27])([H:28])[O:11][H:29])([H:23])[H:24])([H:19])[C:2]([H:15])([C:1]([H:12])([H:13])[H:14])[C:3]([H:16])([H:17])[H:18])[H:21]
[H:15][C:2](=[N+:3]1[C:4]([C:5]([C:6]([C:7]([C:8]1([H:23])[H:24])([H:22])[C:9]([H:25])([H:26])[C:10](=[O:11])[H:27])([H:20])[H:21])([H:18])[H:19])([H:16])[H:17])[C:1]([H:12])([H:13])[H:14],[H:15][C:2](=[N+:3]1[C:4]([C:5]([C:6]([C:7]([C:8]1([H:23])[H:24])([H:22])[C:9]([H:25])([H:26])[C:10](=[O:11])[H:27])([H:20])[H:21])([H:18])[H:19])([H:16])[H:17])[C:1]([H:12])([H:13])[H:14]
[H:26][C:10]([H:27])([H:28])[C:9]([H:24])([H:25])[C:7](=[O:8])[C:5]([H:20])([C:6]([H:21])([H:22])[H:23])[C:4]([H:19])([C:3]([H:17])([H:18])[C:2]([H:15])([H:16])[C:1]([H:12])([H:13])[H:14])[N:11]([H:29])[H:30],[H:26][C:10]([H:27])([H:28])[C:9]([H:24])([H:25])[C:7](=[O:8])[C:5]([H:20])([C:6]([H:21])([H:22])[H:23])[C:4]([H:19])([C:3]([H:17])([H:18])[C:2]([H:15])([H:16])[C:1]([H:12])([H:13])[H:14])[N:11]([H:29])[H:30]
[H:13][C:1]1([C:2](=[N:3][N:4]([C:5]1([C:6]([H:16])([F:7])[F:8])[O:9][H:17])[H:15])[C:10]([H:18])([F:11])[F:12])[H:14],[H:13][C:1]1([C:2](=[N:3][N:4]([C:5]1([C:6]([H:16])([F:7])[F:8])[O:9][H:17])[H:15])[C:10]([H:18])([F:11])[F:12])[H:14]
[H:17][C:1](=[O:2])[C@:3]1([C@:15]([C@:13]([C@:11]([C@:5]([O:4]1)([H:19])[O:6][Si:7]([C:8]([H:20])([H:21])[H:22])([O:9][H:23])[O:10][H:24])([H:25])[O:12][H:26])([H:27])[O:14][H:28])([H:29])[O:16][H:30])[H:18],[H:17][C:1](=[O:2])[C@:3]1([C@@:15]([C@:13]([C@:11]([C@:5]([O:4]1)([H:19])[O:6][Si:7]([C:8]([H:20])([H:21])[H:22])([O:9][H:23])[O:10][H:24])([H:25])[O:12][H:26])([H:27])[O:14][H:28])([H:29])[O:16][H:30])[H:18]
[H:16][C:6]#[C:5][C:4]([H:15])([O:3][C:2]([H:13])([H:14])[C:1]([H:10])([H:11])[H:12])[O:7][C:8]([H:17])([H:18])[C:9]([H:19])([H:20])[H:21],[H:16][C:6]#[C:5][C:4]([H:15])([O:3][C:2]([H:13])([H:14])[C:1]([H:10])([H:11])[H:12])[O:7][C:8]([H:17])([H:18])[C:9]([H:19])([H:20])[H:21]
[H:19][C:5](=[O:6])[C:4]([H:17])([H:18])[N:3]([C:2]([H:15])([H:16])[C:1]([H:12])([H:13])[H:14])[C:7]([H:20])([H:21])[C:8]([H:22])([C:10]#[N:11])[C:9]([H:23])([H:24])[H:25],[H:19][C:5](=[O:6])[C:4]([H:17])([H:18])[N:3]([C:2]([H:15])([H:16])[C:1]([H:12])([H:13])[H:14])[C:7]([H:20])([H:21])[C:8]([H:22])([C:10]#[N:11])[C:9]([H:23])([H:24])[H:25]
[H:13][c:1]1[c:2]([c:3]([c:4]([c:5]([c:6]1[F:7])[H:16])[H:15])[S:8][C:9]([H:17])([H:18])[C:10]([H:19])([F:11])[F:12])[H:14],[H:13][c:1]1[c:2]([c:3]([c:4]([c:5]([c:6]1[F:7])[H:16])[H:15])[S:8][C:9]([H:17])([H:18])[C:10]([H:19])([F:11])[F:12])[H:14]
[H:11][C:1]([H:12])([H:13])[C:2]([H:14])([H:15])[C:3]([H:16])([H:17])[C:4]([H:18])([H:19])[C:5]([H:20])([H:21])[O:6][N:7]=[C:8]([N:9]([H:22])[H:23])[N:10]([H:24])[H:25],[H:11][C:1]([H:12])([H:13])[C:2]([H:14])([H:15])[C:3]([H:16])([H:17])[C:4]([H:18])([H:19])[C:5]([H:20])([H:21])[O:6][N:7]=[C:8]([N:9]([H:22])[H:23])[N:10]([H:24])[H:25]
[H:9][C:1](=[C:2]([H:11])[C:3]([H:12])([H:13])[O:4][N:5]=[C:6]([H:14])[C:7](=[O:8])[H:15])[H:10],[H:9][C:1](=[C:2]([H:11])[C:3]([H:12])([H:13])[O:4][N:5]=[C:6]([H:14])[C:7](=[O:8])[H:15])[H:10]
[H:19][C:6]1([C:7]([N+:8]([C:9]([C:10]([C:5]1([H:18])[C:4]([H:16])([H:17])[N:3]=[S:2](=[O:11])([C:1]([H:13])([H:14])[H:15])[C:12]([H:29])([H:30])[H:31])([H:27])[H:28])([H:25])[H:26])([H:23])[H:24])([H:21])[H:22])[H:20],[H:19][C:6]1([C:7]([N+:8]([C:9]([C:10]([C:5]1([H:18])[C:4]([H:16])([H:17])[N:3]=[S:2](=[O:11])([C:1]([H:13])([H:14])[H:15])[C:12]([H:29])([H:30])[H:31])([H:27])[H:28])([H:25])[H:26])([H:23])[H:24])([H:21])[H:22])[H:20]
[H:20][C@@:3]1([C@:12]([O:15][C:1]([C:2]1([H:18])[H:19])([H:16])[H:17])([H:36])[C:13]([H:37])([H:38])[O:14][H:39])[O:4][Si:5]([C:6]([H:21])([H:22])[H:23])([C:7]([H:24])([H:25])[H:26])[C:8]([C:9]([H:27])([H:28])[H:29])([C:10]([H:30])([H:31])[H:32])[C:11]([H:33])([H:34])[H:35],[H:20][C@@:3]1([C@@:12]([O:15][C:1]([C:2]1([H:18])[H:19])([H:16])[H:17])([H:36])[C:13]([H:37])([H:38])[O:14][H:39])[O:4][Si:5]([C:6]([H:21])([H:22])[H:23])([C:7]([H:24])([H:25])[H:26])[C:8]([C:9]([H:27])([H:28])[H:29])([C:10]([H:30])([H:31])[H:32])[C:11]([H:33])([H:34])[H:35]
[H:13][C:1]1([C:2]([C:3]1([H:17])[C:4]2([C:5]([C:6]([C:7]([O:8]2)([H:23])[C:9]([H:24])([H:25])[S:10](=[O:11])[O-:12])([H:21])[H:22])([H:19])[H:20])[H:18])([H:15])[H:16])[H:14],[H:13][C:1]1([C:2]([C:3]1([H:17])[C:4]2([C:5]([C:6]([C:7]([O:8]2)([H:23])[C:9]([H:24])([H:25])[S:10](=[O:11])[O-:12])([H:21])[H:22])([H:19])[H:20])[H:18])([H:15])[H:16])[H:14]
[H:22][C:7](=[O:8])[C:6]([H:20])([H:21])[N+:5]([H:18])([H:19])[C:4]([H:16])([H:17])[C:3]([H:14])([H:15])[C:2]([H:12])([H:13])[C:1]([H:9])([H:10])[H:11],[H:22][C:7](=[O:8])[C:6]([H:20])([H:21])[N+:5]([H:18])([H:19])[C:4]([H:16])([H:17])[C:3]([H:14])([H:15])[C:2]([H:12])([H:13])[C:1]([H:9])([H:10])[H:11]
[H:13][C:1]([H:14])([H:15])[C:2]1=[C:3]([N:4]([C:5](=[N:6][C:7]1=[O:8])[C:9]([H:17])([H:18])[C:10]([H:19])([H:20])[N:11]([H:21])[H:22])[H:16])[O:12][H:23],[H:13][C:1]([H:14])([H:15])[C:2]1=[C:3]([N:4]([C:5](=[N:6][C:7]1=[O:8])[C:9]([H:17])([H:18])[C:10]([H:19])([H:20])[N:11]([H:21])[H:22])[H:16])[O:12][H:23]
[H:9][C:1](=[C:2]1[C:3]([C:4]1([C:5]([H:13])([H:14])[O:6][H:15])[C:7]([H:16])([H:17])[F:8])([H:11])[H:12])[H:10],[H:9][C:1](=[C:2]1[C:3]([C:4]1([C:5]([H:13])([H:14])[O:6][H:15])[C:7]([H:16])([H:17])[F:8])([H:11])[H:12])[H:10]
[H:12][C:1]([H:13])([H:14])[C:2]([H:15])([H:16])[C:3]([H:17])([H:18])[C:4]([H:19])([H:20])[C:5]([H:21])([H:22])[N:6]=[C:7]([N:8]([H:23])[H:24])[N:9]([H:25])[C:10]#[N:11],[H:12][C:1]([H:13])([H:14])[C:2]([H:15])([H:16])[C:3]([H:17])([H:18])[C:4]([H:19])([H:20])[C:5]([H:21])([H:22])[N:6]=[C:7]([N:8]([H:23])[H:24])[N:9]([H:25])[C:10]#[N:11]
[H:10][C:1]([H:11])([H:12])[C:2]([H:13])([H:14])[C:3]([H:15])([H:16])[C:4]([H:17])([O:5][H:18])[O:6][N+:7](=[O:8])[O-:9],[H:10][C:1]([H:11])([H:12])[C:2]([H:13])([H:14])[C:3]([H:15])([H:16])[C:4]([H:17])([O:5][H:18])[O:6][N+:7](=[O:8])[O-:9]
[O:1]=[C:2](/[C:3](=[N:4]\[O:5][H:14])[H:13])[C@:6]1([H:15])[C:7]([H:16])([H:17])[C:8]([H:18])([H:19])[C:9]([H:20])([H:21])[C:10]([H:22])([H:23])[C@:11]1([I:12])[H:24],[O:1]=[C:2](/[C:3](=[N:4]/[O:5][H:14])[H:13])[C@@:6]1([H:15])[C:7]([H:16])([H:17])[C:8]([H:18])([H:19])[C:9]([H:20])([H:21])[C:10]([H:22])([H:23])[C@@:11]1([I:12])[H:24]
[H:13][C:1]([H:14])([H:15])[C:2]([H:16])([H:17])[C:3]([H:18])([C:5]1=[N:9][N:8]=[C:7]([N:6]1[H:22])[C:10]([H:23])([C:11]([H:24])([H:25])[H:26])[N+:12]([H:27])([H:28])[H:29])[C:4]([H:19])([H:20])[H:21],[H:13][C:1]([H:14])([H:15])[C:2]([H:16])([H:17])[C:3]([H:18])([C:5]1=[N:9][N:8]=[C:7]([N:6]1[H:22])[C:10]([H:23])([C:11]([H:24])([H:25])[H:26])[N+:12]([H:27])([H:28])[H:29])[C:4]([H:19])([H:20])[H:21]
[H:17][C:11]1=[C:7]([C:5](=[O:6])[C:3](=[C:2]([N:1]1[H:12])[H:13])[O:4][H:14])[B:8]([O:9][H:15])[O:10][H:16],[H:17][C:11]1=[C:7]([C:5](=[O:6])[C:3](=[C:2]([N:1]1[H:12])[H:13])[O:4][H:14])[B:8]([O:9][H:15])[O:10][H:16]
[H:13][C:1]([H:14])([H:15])[C:2]([C:3]([H:16])([H:17])[H:18])([C:4]([H:19])([H:20])[H:21])[C:5]([H:22])([H:23])[C:6]([C:7]([H:24])([H:25])[H:26])([C:8]([H:27])([H:28])[H:29])[N:9]([H:30])[C:10](=[S:11])[N:12]([H:31])[H:32],[H:13][C:1]([H:14])([H:15])[C:2]([C:3]([H:16])([H:17])[H:18])([C:4]([H:19])([H:20])[H:21])[C:5]([H:22])([H:23])[C:6]([C:7]([H:24])([H:25])[H:26])([C:8]([H:27])([H:28])[H:29])[N:9]([H:30])[C:10](=[S:11])[N:12]([H:31])[H:32]
[H:11][C:1]1=[N:5][O:4][C:3](=[C:2]1[C:9]([H:17])([H:18])[O:10][H:19])[C:6]2([C:7]([C:8]2([H:15])[H:16])([H:13])[H:14])[H:12],[H:11][C:1]1=[N:5][O:4][C:3](=[C:2]1[C:9]([H:17])([H:18])[O:10][H:19])[C:6]2([C:7]([C:8]2([H:15])[H:16])([H:13])[H:14])[H:12]
[H:15][C:1](=[O:2])[C@@:3]([H:16])([C@@:5]([H:18])([C@:7]1([C@@:12]([O:11][B:9]([O:8]1)[O:10][H:21])([H:22])[C:13]([H:23])([H:24])[O:14][H:25])[H:20])[O:6][H:19])[O:4][H:17],[H:15][C:1](=[O:2])[C@@:3]([H:16])([C@:5]([H:18])([C@:7]1([C@@:12]([O:11][B:9]([O:8]1)[O:10][H:21])([H:22])[C:13]([H:23])([H:24])[O:14][H:25])[H:20])[O:6][H:19])[O:4][H:17]
[H:22][C:11]1=[C:12]([C:7]([C:8]([C:9]([C:10]1([H:20])[H:21])([H:18])[H:19])([H:16])[H:17])([H:15])[S:6][C:3]2=[N:4][N:5]=[C:1]([N:2]2[H:14])[H:13])[H:23],[H:22][C:11]1=[C:12]([C:7]([C:8]([C:9]([C:10]1([H:20])[H:21])([H:18])[H:19])([H:16])[H:17])([H:15])[S:6][C:3]2=[N:4][N:5]=[C:1]([N:2]2[H:14])[H:13])[H:23]
[H:11][C:1]1=[C:2]([S:3][C:4](=[N:5]1)[N:6]([H:12])[H:13])[C:7]([H:14])([C:8]([H:15])([H:16])[O:9][H:17])[O:10][H:18],[H:11][C:1]1=[C:2]([S:3][C:4](=[N:5]1)[N:6]([H:12])[H:13])[C:7]([H:14])([C:8]([H:15])([H:16])[O:9][H:17])[O:10][H:18]
[H:10][C:1]([H:11])([H:12])[C:2]([H:13])([C:3]([H:14])([H:15])[H:16])[C:4]([H:17])([H:18])[C:5]([C:6]([H:19])([H:20])[H:21])([C:7]([H:22])([H:23])[N:8]([H:24])[H:25])[N:9]([H:26])[H:27],[H:10][C:1]([H:11])([H:12])[C:2]([H:13])([C:3]([H:14])([H:15])[H:16])[C:4]([H:17])([H:18])[C:5]([C:6]([H:19])([H:20])[H:21])([C:7]([H:22])([H:23])[N:8]([H:24])[H:25])[N:9]([H:26])[H:27]
[H:19][C:8]1([C:9]([O:10][C:6]([O:7]1)([H:18])[C:5]([H:16])([H:17])[C:3](=[O:4])[C:2]([H:15])([C:1]([H:12])([H:13])[H:14])[N:11]([H:23])[H:24])([H:21])[H:22])[H:20],[H:19][C:8]1([C:9]([O:10][C:6]([O:7]1)([H:18])[C:5]([H:16])([H:17])[C:3](=[O:4])[C:2]([H:15])([C:1]([H:12])([H:13])[H:14])[N:11]([H:23])[H:24])([H:21])[H:22])[H:20]
[H:27][C:10]1=[C:9]([C:8]([C:7]([N+:6]([C:11]1([H:28])[H:29])([H:22])[C:5]([H:20])([H:21])[C:4]([H:18])([H:19])[O:3][C:2]([H:16])([H:17])[C:1]([H:13])([H:14])[H:15])([H:23])[H:24])([H:25])[H:26])[C:12]([H:30])([H:31])[H:32],[H:27][C:10]1=[C:9]([C:8]([C:7]([N+:6]([C:11]1([H:28])[H:29])([H:22])[C:5]([H:20])([H:21])[C:4]([H:18])([H:19])[O:3][C:2]([H:16])([H:17])[C:1]([H:13])([H:14])[H:15])([H:23])[H:24])([H:25])[H:26])[C:12]([H:30])([H:31])[H:32]
[H:19][C:4]1([C:3]([N+:2]([C:7]([C:6]([C:5]1([H:21])[C:8]([H:26])([H:27])[N+:9](=[C:10]([N:11]([H:29])[H:30])[N:12]([H:31])[H:32])[H:28])([H:22])[H:23])([H:24])[H:25])([H:16])[C:1]([H:13])([H:14])[H:15])([H:17])[H:18])[H:20],[H:19][C:4]1([C:3]([N+:2]([C:7]([C:6]([C:5]1([H:21])[C:8]([H:26])([H:27])[N+:9](=[C:10]([N:11]([H:29])[H:30])[N:12]([H:31])[H:32])[H:28])([H:22])[H:23])([H:24])[H:25])([H:16])[C:1]([H:13])([H:14])[H:15])([H:17])[H:18])[H:20]
[H:11][C:1](=[C:2]([H:13])[C:3]([H:14])([H:15])[C:4]1([C:5]([C:6]([N:7]1[H:20])([H:18])[H:19])([H:16])[H:17])[C:8]([H:21])([H:22])[C:9](=[C:10]([H:24])[H:25])[H:23])[H:12],[H:11][C:1](=[C:2]([H:13])[C:3]([H:14])([H:15])[C:4]1([C:5]([C:6]([N:7]1[H:20])([H:18])[H:19])([H:16])[H:17])[C:8]([H:21])([H:22])[C:9](=[C:10]([H:24])[H:25])[H:23])[H:12]
[H:14][C:3](=[O:4])[C:2]([H:13])([C:5](=[N:6][H:15])[C:7]([H:16])([H:17])[C:8]#[N:9])[C:1]([H:10])([H:11])[H:12],[H:14][C:3](=[O:4])[C:2]([H:13])([C:5](=[N:6][H:15])[C:7]([H:16])([H:17])[C:8]#[N:9])[C:1]([H:10])([H:11])[H:12]
[H:20][C:6](=[O:7])[C:5]([H:18])([H:19])[C:4]([C:1]([H:13])([H:14])[C:2]([H:15])([H:16])[O:3][H:17])([C:8]([F:9])([F:10])[F:11])[O:12][H:21],[H:20][C:6](=[O:7])[C:5]([H:18])([H:19])[C:4]([C:1]([H:13])([H:14])[C:2]([H:15])([H:16])[O:3][H:17])([C:8]([F:9])([F:10])[F:11])[O:12][H:21]
[H:17][C:4]1=[N:5][C:1]([C:2]([C:3]1([H:16])[N+:6]([H:18])([H:19])[N:7]([H:20])[C:8](=[O:9])[N:10]([H:21])[H:22])([H:15])[C:11](=[O:12])[H:23])([H:13])[H:14],[H:17][C:4]1=[N:5][C:1]([C:2]([C:3]1([H:16])[N+:6]([H:18])([H:19])[N:7]([H:20])[C:8](=[O:9])[N:10]([H:21])[H:22])([H:15])[C:11](=[O:12])[H:23])([H:13])[H:14]
[H:19][C:1](=[O:2])[C@:3]1([C@:12]([C@@:11]2([C@:6]([C:5]1([H:22])[H:23])([C@:7]([N:9]([C:10]2([H:30])[H:31])[H:29])([H:25])[C:8]([H:26])([H:27])[H:28])[H:24])[H:32])([H:33])[C:13]([H:34])([H:35])[C:14]([H:36])([H:37])[C:15]([H:38])([H:39])[B:16]([O:17][H:40])[O:18][H:41])[N:4]([H:20])[H:21],[H:19][C:1](=[O:2])[C@:3]1([C@:12]([C@:11]2([C@@:6]([C:5]1([H:22])[H:23])([C@:7]([N:9]([C:10]2([H:30])[H:31])[H:29])([H:25])[C:8]([H:26])([H:27])[H:28])[H:24])[H:32])([H:33])[C:13]([H:34])([H:35])[C:14]([H:36])([H:37])[C:15]([H:38])([H:39])[B:16]([O:17][H:40])[O:18][H:41])[N:4]([H:20])[H:21]
[H:26][C:11](=[C:10]([H:25])[C:2]1([C:3]([C:4]([C:5]([C:6]([O:7]1)([H:21])[O:8][C:9]([H:22])([H:23])[H:24])([H:19])[H:20])([H:17])[H:18])([H:15])[H:16])[C:1]([H:12])([H:13])[H:14])[H:27],[H:26][C:11](=[C:10]([H:25])[C:2]1([C:3]([C:4]([C:5]([C:6]([O:7]1)([H:21])[O:8][C:9]([H:22])([H:23])[H:24])([H:19])[H:20])([H:17])[H:18])([H:15])[H:16])[C:1]([H:12])([H:13])[H:14])[H:27]
[H:11][C:1]([H:12])([H:13])[O:2][C:3]([H:14])([H:15])[C:4]([H:16])([C:5]1=[N:9][N:8]=[N:7][N:6]1[H:17])[N:10]([H:18])[H:19],[H:11][C:1]([H:12])([H:13])[O:2][C:3]([H:14])([H:15])[C:4]([H:16])([C:5]1=[N:9][N:8]=[N:7][N:6]1[H:17])[N:10]([H:18])[H:19]
[H:13][C:1]([H:14])([C:2]([H:15])([H:16])[F:3])[C:4]([H:17])([H:18])[S+:5](=[O:6])([C:7]1=[N:11][N:10]=[N:9][N:8]1[H:19])[O:12][H:20],[H:13][C:1]([H:14])([C:2]([H:15])([H:16])[F:3])[C:4]([H:17])([H:18])[S+:5](=[O:6])([C:7]1=[N:11][N:10]=[N:9][N:8]1[H:19])[O:12][H:20]
[H:18][C:4]1=[C:3]([N:7]=[C:6]([N:5]1[C:11]([H:24])([H:25])[C:12]([H:26])([H:27])[H:28])[C:8]([H:19])([H:20])[C:9]([H:21])([H:22])[O:10][H:23])[C:2]([H:16])([H:17])[C:1]([H:13])([H:14])[H:15],[H:18][C:4]1=[C:3]([N:7]=[C:6]([N:5]1[C:11]([H:24])([H:25])[C:12]([H:26])([H:27])[H:28])[C:8]([H:19])([H:20])[C:9]([H:21])([H:22])[O:10][H:23])[C:2]([H:16])([H:17])[C:1]([H:13])([H:14])[H:15]
[H:13][C:1]1=[C:2]([N:3]=[C:4]([S:5]1)[H:14])[C:6]([H:15])([H:16])[S:7][C:8]2=[N:12][C:11](=[N:10][N:9]2[H:17])[H:18],[H:13][C:1]1=[C:2]([N:3]=[C:4]([S:5]1)[H:14])[C:6]([H:15])([H:16])[S:7][C:8]2=[N:12][C:11](=[N:10][N:9]2[H:17])[H:18]
[N:1](=[C:2]1/[C:3]([H:10])([H:11])[C:4]([H:12])([H:13])[C:5]([H:14])=[N:6][C@:7]1([I:8])[H:15])\[H:9],[N:1](=[C:2]1/[C:3]([H:10])([H:11])[C:4]([H:12])([H:13])[C:5]([H:14])=[N:6][C@@:7]1([I:8])[H:15])\[H:9]
[H:12][C:1]([H:13])([C:2]1=[C:3]([N:4]([N:5]=[C:6]1[Cl:7])[H:14])[C:8]([H:15])([F:9])[F:10])[O:11][H:16],[H:12][C:1]([H:13])([C:2]1=[C:3]([N:4]([N:5]=[C:6]1[Cl:7])[H:14])[C:8]([H:15])([F:9])[F:10])[O:11][H:16]
[H:1][C:2](=[C:4]([H:5])[C:6]([H:7])([H:8])[N+:9]([H:10])([H:11])[C:12]([H:13])([C:17]([Br:18])([Br:19])[Br:20])[N:14]([H:15])[H:16])[H:3],[H:1][C:2](=[C:4]([H:5])[C:6]([H:7])([H:8])[N+:9]([H:10])([H:11])[C:12]([H:13])([C:17]([Br:18])([Br:19])[Br:20])[N:14]([H:15])[H:16])[H:3]
[H:20][C@:6]1([C:4](=[O:5])[N:3]([C@@:2]1([H:18])[O:1][H:17])[H:19])[C@:7]([H:21])([C:8]([H:22])([H:23])[H:24])[O:9][Si:10]([C:11]([H:25])([H:26])[H:27])([C:12]([H:28])([H:29])[H:30])[C:13]([C:14]([H:31])([H:32])[H:33])([C:15]([H:34])([H:35])[H:36])[C:16]([H:37])([H:38])[H:39],[H:20][C@:6]1([C:4](=[O:5])[N:3]([C@:2]1([H:18])[O:1][H:17])[H:19])[C@@:7]([H:21])([C:8]([H:22])([H:23])[H:24])[O:9][Si:10]([C:11]([H:25])([H:26])[H:27])([C:12]([H:28])([H:29])[H:30])[C:13]([C:14]([H:31])([H:32])[H:33])([C:15]([H:34])([H:35])[H:36])[C:16]([H:37])([H:38])[H:39]
[H:10][C:1]#[C:2][C:3]([H:11])([H:12])[C:4]1([C:5]([C:6]([C:7]1([H:17])[H:18])([H:15])[H:16])([H:13])[H:14])[C:8]([H:19])([H:20])[O:9][H:21],[H:10][C:1]#[C:2][C:3]([H:11])([H:12])[C:4]1([C:5]([C:6]([C:7]1([H:17])[H:18])([H:15])[H:16])([H:13])[H:14])[C:8]([H:19])([H:20])[O:9][H:21]
[H:19][C:6](=[C:5]([H:18])[C:4]([H:16])([H:17])[C:3]([C:7]([H:21])([H:22])[C:8](=[C:9]([H:24])[H:25])[H:23])([C:2]([H:15])([C:1]([H:12])([H:13])[H:14])[N:11]([H:27])[H:28])[O:10][H:26])[H:20],[H:19][C:6](=[C:5]([H:18])[C:4]([H:16])([H:17])[C:3]([C:7]([H:21])([H:22])[C:8](=[C:9]([H:24])[H:25])[H:23])([C:2]([H:15])([C:1]([H:12])([H:13])[H:14])[N:11]([H:27])[H:28])[O:10][H:26])[H:20]
[H:12][C:1]1=[N:5][C:4](=[C:3]([N:2]1[H:13])[C:10](=[O:11])[H:19])[C:6](=[N:7][H:14])[N:8]([H:15])[N+:9]([H:16])([H:17])[H:18],[H:12][C:1]1=[N:5][C:4](=[C:3]([N:2]1[H:13])[C:10](=[O:11])[H:19])[C:6](=[N:7][H:14])[N:8]([H:15])[N+:9]([H:16])([H:17])[H:18]
[H:10][C:1]([H:11])([H:12])[C:2]([H:13])([H:14])[C:3]([H:15])([H:16])[N+:4]([H:17])([H:18])[C:5]([H:19])([H:20])[C:6]([C:7]([H:21])([H:22])[H:23])([C:8]([H:24])([H:25])[H:26])[N:9]([H:27])[H:28],[H:10][C:1]([H:11])([H:12])[C:2]([H:13])([H:14])[C:3]([H:15])([H:16])[N+:4]([H:17])([H:18])[C:5]([H:19])([H:20])[C:6]([C:7]([H:21])([H:22])[H:23])([C:8]([H:24])([H:25])[H:26])[N:9]([H:27])[H:28]
[H:8][C:2]1([C:3]([C:4]([C:5]([C:1]1([H:6])[H:7])([H:14])[H:15])([H:12])[H:13])([H:10])[H:11])[H:9],[H:4][C:1]1([C:2]([C:3]1([H:8])[H:9])([H:6])[H:7])[H:5]
[H:8][C:1]1([C:2]([N+:3]1([H:12])[C:4]([H:13])([H:14])[C:5]([H:15])([H:16])[C:6]([H:17])([H:18])[N:7]([H:19])[H:20])([H:10])[H:11])[H:9],[H:8][C:1]1([C:2]([N+:3]1([H:12])[C:4]([H:13])([H:14])[C:5]([H:15])([H:16])[C:6]([H:17])([H:18])[N:7]([H:19])[H:20])([H:10])[H:11])[H:9]
[H:22][C:7]1([C:8]([C:9]([N+:10]([C:11]([C:5]([C:6]1([H:20])[H:21])([H:19])[C:4]([H:17])([H:18])[C:3]([H:15])([H:16])[O:2][C:1]([H:12])([H:13])[H:14])([H:30])[H:31])([H:28])[H:29])([H:26])[H:27])([H:24])[H:25])[H:23],[H:22][C:7]1([C:8]([C:9]([N+:10]([C:11]([C:5]([C:6]1([H:20])[H:21])([H:19])[C:4]([H:17])([H:18])[C:3]([H:15])([H:16])[O:2][C:1]([H:12])([H:13])[H:14])([H:30])[H:31])([H:28])[H:29])([H:26])[H:27])([H:24])[H:25])[H:23]
[H:11][C:1]([H:12])([H:13])[C:2]([C:3]([H:14])([H:15])[H:16])([C:4]([H:17])([H:18])[C:5]([H:19])([C:6]#[N:7])[O:8][H:20])[N:9]=[O:10],[H:11][C:1]([H:12])([H:13])[C:2]([C:3]([H:14])([H:15])[H:16])([C:4]([H:17])([H:18])[C:5]([H:19])([C:6]#[N:7])[O:8][H:20])[N:9]=[O:10]
[H:17][C:1](=[O:2])[C@@:3]1([C@:15]([C@@:13]([C@:11]([C@@:5]([O:4]1)([H:19])[O:6][Si:7]([C:8]([H:20])([H:21])[H:22])([O:9][H:23])[O:10][H:24])([H:25])[O:12][H:26])([H:27])[O:14][H:28])([H:29])[O:16][H:30])[H:18],[H:17][C:1](=[O:2])[C@:3]1([C@@:15]([C@:13]([C@:11]([C@:5]([O:4]1)([H:19])[O:6][Si:7]([C:8]([H:20])([H:21])[H:22])([O:9][H:23])[O:10][H:24])([H:25])[O:12][H:26])([H:27])[O:14][H:28])([H:29])[O:16][H:30])[H:18]
[H:11][C:1]([H:12])([H:13])[C:2](=[N+:3]([H:14])[O:4][H:15])[C:5]([H:16])([H:17])[C:6]1=[N:7][N:8]([N:9]=[N:10]1)[H:18],[H:11][C:1]([H:12])([H:13])[C:2](=[N+:3]([H:14])[O:4][H:15])[C:5]([H:16])([H:17])[C:6]1=[N:7][N:8]([N:9]=[N:10]1)[H:18]
[H:15][C:1](=[O:2])[C@@:3]([H:16])([C@:5]([H:18])([C@:7]1([C@:12]([O:11][B:9]([O:8]1)[O:10][H:21])([H:22])[C:13]([H:23])([H:24])[O:14][H:25])[H:20])[O:6][H:19])[O:4][H:17],[H:15][C:1](=[O:2])[C@@:3]([H:16])([C@:5]([H:18])([C@:7]1([C@@:12]([O:11][B:9]([O:8]1)[O:10][H:21])([H:22])[C:13]([H:23])([H:24])[O:14][H:25])[H:20])[O:6][H:19])[O:4][H:17]
[H:13][C:1]([H:14])([H:15])[C:2]([H:16])([C:3]([H:17])([H:18])[C:4]#[C:5][C:6]([C:7]([H:19])([H:20])[H:21])([C:8]([H:22])([H:23])[H:24])[N+:9]([H:25])([C:10]([H:26])([H:27])[H:28])[C:11]([H:29])([H:30])[H:31])[O:12][H:32],[H:13][C:1]([H:14])([H:15])[C:2]([H:16])([C:3]([H:17])([H:18])[C:4]#[C:5][C:6]([C:7]([H:19])([H:20])[H:21])([C:8]([H:22])([H:23])[H:24])[N+:9]([H:25])([C:10]([H:26])([H:27])[H:28])[C:11]([H:29])([H:30])[H:31])[O:12][H:32]
[H:10][C:1]([H:11])([H:12])[C:2]([H:13])([C:3](=[O:4])[S:5][C:6]([H:14])([H:15])[C:7]([H:16])([H:17])[N+:8]([H:18])([H:19])[H:20])[N+:9]([H:21])([H:22])[H:23],[H:10][C:1]([H:11])([H:12])[C:2]([H:13])([C:3](=[O:4])[S:5][C:6]([H:14])([H:15])[C:7]([H:16])([H:17])[N+:8]([H:18])([H:19])[H:20])[N+:9]([H:21])([H:22])[H:23]
[H:9][C:1](=[O:2])[C:3]([H:10])([H:11])[C:4]([H:12])([H:13])[Si:5]([Cl:6])([Cl:7])[Cl:8],[H:9][C:1](=[O:2])[C:3]([H:10])([H:11])[C:4]([H:12])([H:13])[Si:5]([Cl:6])([Cl:7])[Cl:8]
[H:15][C:4]1([C:3]([C:2]([C:1]([C:8]([C:7]([C:6]([C:5]1([H:17])[H:18])([H:19])[H:20])([H:21])[H:22])([H:23])[H:24])([H:9])[H:10])([H:11])[H:12])([H:13])[H:14])[H:16],[H:4][C:1]1([C:2]([C:3]1([H:8])[H:9])([H:6])[H:7])[H:5]
[H:13][C:1]1=[C:5]([S:4][C:3](=[C:2]1[H:14])[C:6]([H:16])([C:11]#[N:12])[C:7]([H:17])([H:18])[C:8]([H:19])([H:20])[C:9](=[O:10])[H:21])[H:15],[H:13][C:1]1=[C:5]([S:4][C:3](=[C:2]1[H:14])[C:6]([H:16])([C:11]#[N:12])[C:7]([H:17])([H:18])[C:8]([H:19])([H:20])[C:9](=[O:10])[H:21])[H:15]
[H:20][C:10](=[O:11])[C:6]1=[C:5]([N:9]([N:8]=[N:7]1)[H:19])[O:4][C:3]([H:17])([H:18])[C:2]([H:15])([H:16])[C:1]([H:12])([H:13])[H:14],[H:20][C:10](=[O:11])[C:6]1=[C:5]([N:9]([N:8]=[N:7]1)[H:19])[O:4][C:3]([H:17])([H:18])[C:2]([H:15])([H:16])[C:1]([H:12])([H:13])[H:14]
[H:22][C:9](=[O:10])[C:8]([H:20])([H:21])[C:1]([H:11])([H:12])[C:2]([H:13])([H:14])[C:3]([H:15])([H:16])[N:4]([H:17])[C:5](=[O:6])[N:7]([H:18])[H:19],[H:22][C:9](=[O:10])[C:8]([H:20])([H:21])[C:1]([H:11])([H:12])[C:2]([H:13])([H:14])[C:3]([H:15])([H:16])[N:4]([H:17])[C:5](=[O:6])[N:7]([H:18])[H:19]
[H:20][C:8]1=[C:9]([N:10]([C:6](=[C:7]1[H:19])[C:4](=[O:5])[C:3]([H:17])([H:18])[N+:2]([H:15])([H:16])[C:1]([H:12])([H:13])[H:14])[C:11]([H:22])([H:23])[H:24])[H:21],[H:20][C:8]1=[C:9]([N:10]([C:6](=[C:7]1[H:19])[C:4](=[O:5])[C:3]([H:17])([H:18])[N+:2]([H:15])([H:16])[C:1]([H:12])([H:13])[H:14])[C:11]([H:22])([H:23])[H:24])[H:21]
[H:18][C:4]1=[C:3]([O:7][C:6](=[C:5]1[H:19])[C:8]([H:20])([C:9]([H:21])([H:22])[O:10][C:11]([H:23])([H:24])[H:25])[N+:12]([H:26])([H:27])[H:28])[C:2]([H:16])([H:17])[C:1]([H:13])([H:14])[H:15],[H:18][C:4]1=[C:3]([O:7][C:6](=[C:5]1[H:19])[C:8]([H:20])([C:9]([H:21])([H:22])[O:10][C:11]([H:23])([H:24])[H:25])[N+:12]([H:26])([H:27])[H:28])[C:2]([H:16])([H:17])[C:1]([H:13])([H:14])[H:15]
[H:20][C:7]1=[C:6]([C:11](=[O:12])[C:10]([C:9]([C:8]1([H:21])[H:22])([H:23])[H:24])([H:25])[H:26])[C:4](=[O:5])[C:3]([H:18])([H:19])[C:2]([H:16])([H:17])[C:1]([H:13])([H:14])[H:15],[H:20][C:7]1=[C:6]([C:11](=[O:12])[C:10]([C:9]([C:8]1([H:21])[H:22])([H:23])[H:24])([H:25])[H:26])[C:4](=[O:5])[C:3]([H:18])([H:19])[C:2]([H:16])([H:17])[C:1]([H:13])([H:14])[H:15]
[H:10][C:1]1([C:2](=[C:3]([C:4]([N:5]1[H:14])([H:12])[H:13])[C:6]([H:15])([H:16])[O:7][H:17])[C:8]([H:18])([H:19])[O:9][H:20])[H:11],[H:10][C:1]1([C:2](=[C:3]([C:4]([N:5]1[H:14])([H:12])[H:13])[C:6]([H:15])([H:16])[O:7][H:17])[C:8]([H:18])([H:19])[O:9][H:20])[H:11]
[H:13][C:1]1([C:2]([C:3]1([H:17])[C:4]2=[N:8][O:7][C:6](=[N:5]2)[C:9]3([C:10]([N+:11]([C:12]3([H:23])[H:24])([H:21])[H:22])([H:19])[H:20])[H:18])([H:15])[H:16])[H:14],[H:13][C:1]1([C:2]([C:3]1([H:17])[C:4]2=[N:8][O:7][C:6](=[N:5]2)[C:9]3([C:10]([N+:11]([C:12]3([H:23])[H:24])([H:21])[H:22])([H:19])[H:20])[H:18])([H:15])[H:16])[H:14]
[H:15][C:7](=[S:8])[S:6][C:4](=[S:5])[N:2]([C:1]([H:9])([H:10])[H:11])[C:3]([H:12])([H:13])[H:14],[H:15][C:7](=[S:8])[S:6][C:4](=[S:5])[N:2]([C:1]([H:9])([H:10])[H:11])[C:3]([H:12])([H:13])[H:14]
[H:21][C:6]1([C:7]([O:8][C:9]([C:10]([C:5]1([H:20])[C:4]([H:18])([H:19])[C:3]([H:16])([H:17])[N+:2]([H:14])([H:15])[C:1]([H:11])([H:12])[H:13])([H:27])[H:28])([H:25])[H:26])([H:23])[H:24])[H:22],[H:21][C:6]1([C:7]([O:8][C:9]([C:10]([C:5]1([H:20])[C:4]([H:18])([H:19])[C:3]([H:16])([H:17])[N+:2]([H:14])([H:15])[C:1]([H:11])([H:12])[H:13])([H:27])[H:28])([H:25])[H:26])([H:23])[H:24])[H:22]
[H:27][C:8](=[O:9])[C:7]([H:25])([H:26])[N+:6]([H:24])([C:10]1([C:11]([C:12]1([H:31])[H:32])([H:29])[H:30])[H:28])[C:4]([H:20])([C:5]([H:21])([H:22])[H:23])[C:2]([H:16])([C:1]([H:13])([H:14])[H:15])[C:3]([H:17])([H:18])[H:19],[H:27][C:8](=[O:9])[C:7]([H:25])([H:26])[N+:6]([H:24])([C:10]1([C:11]([C:12]1([H:31])[H:32])([H:29])[H:30])[H:28])[C:4]([H:20])([C:5]([H:21])([H:22])[H:23])[C:2]([H:16])([C:1]([H:13])([H:14])[H:15])[C:3]([H:17])([H:18])[H:19]
[H:23][C:7](=[O:8])[C:6]([H:21])([H:22])[C:5]([H:20])([C:9]#[N:10])[C:4]([H:18])([H:19])[C:2]([H:14])([C:1]([H:11])([H:12])[H:13])[C:3]([H:15])([H:16])[H:17],[H:23][C:7](=[O:8])[C:6]([H:21])([H:22])[C:5]([H:20])([C:9]#[N:10])[C:4]([H:18])([H:19])[C:2]([H:14])([C:1]([H:11])([H:12])[H:13])[C:3]([H:15])([H:16])[H:17]
[H:12][C:1](=[C:2]([H:14])[C:3]([H:15])([H:16])[C:4]1([C:5]([C:6]([C:7]([C:8]([N+:9]1([H:24])[H:25])([H:22])[H:23])([H:21])[O:10][H:26])([H:19])[H:20])([H:18])[O:11][H:27])[H:17])[H:13],[H:12][C:1](=[C:2]([H:14])[C:3]([H:15])([H:16])[C:4]1([C:5]([C:6]([C:7]([C:8]([N+:9]1([H:24])[H:25])([H:22])[H:23])([H:21])[O:10][H:26])([H:19])[H:20])([H:18])[O:11][H:27])[H:17])[H:13]
[H:21][C:6]1=[C:7]([C:8]([N:9]([C:4]([C:5]1([H:19])[H:20])([H:18])[C:3]([H:16])([H:17])[C:2](=[C:1]([H:13])[H:14])[H:15])[H:24])([H:23])[C:10]([H:25])([H:26])[C:11](=[C:12]([H:28])[H:29])[H:27])[H:22],[H:21][C:6]1=[C:7]([C:8]([N:9]([C:4]([C:5]1([H:19])[H:20])([H:18])[C:3]([H:16])([H:17])[C:2](=[C:1]([H:13])[H:14])[H:15])[H:24])([H:23])[C:10]([H:25])([H:26])[C:11](=[C:12]([H:28])[H:29])[H:27])[H:22]
[H:18][C:5]1=[N:6][O:7][C:8](=[C:4]1[C:2](=[C:3]([H:16])[H:17])[C:1]([H:13])([H:14])[H:15])[C:9]([C:10]([H:19])([H:20])[H:21])([C:11]([H:22])([H:23])[H:24])[O:12][H:25],[H:18][C:5]1=[N:6][O:7][C:8](=[C:4]1[C:2](=[C:3]([H:16])[H:17])[C:1]([H:13])([H:14])[H:15])[C:9]([C:10]([H:19])([H:20])[H:21])([C:11]([H:22])([H:23])[H:24])[O:12][H:25]
[H:11][C:1]1([C:2]([C:3]1([H:14])[C:4]([H:15])([F:5])[F:6])([H:13])[C:7]([H:16])([H:17])[S:8](=[O:9])[O-:10])[H:12],[H:11][C:1]1([C:2]([C:3]1([H:14])[C:4]([H:15])([F:5])[F:6])([H:13])[C:7]([H:16])([H:17])[S:8](=[O:9])[O-:10])[H:12]
[H:12][C:1]1=[C:2]([N:3]=[C:4]([S:5]1)[N:6]([H:13])[H:14])[C:7]([C:8]([H:15])([H:16])[O:9][H:17])([F:10])[F:11],[H:12][C:1]1=[C:2]([N:3]=[C:4]([S:5]1)[N:6]([H:13])[H:14])[C:7]([C:8]([H:15])([H:16])[O:9][H:17])([F:10])[F:11]
[H:10][C:1]([H:11])([H:12])[N:2]([C:3]([H:13])([H:14])[H:15])[N+:4](=[N:5][O:6][C:7]([H:16])([H:17])[O:8][H:18])[O:9][H:19],[H:10][C:1]([H:11])([H:12])[N:2]([C:3]([H:13])([H:14])[H:15])[N+:4](=[N:5][O:6][C:7]([H:16])([H:17])[O:8][H:18])[O:9][H:19]
[H:21][C:9](=[C:8]([H:20])[C:7]([H:18])([H:19])[C:5]1([C:4]([O:3][C:2]([O:6]1)([C:1]([H:13])([H:14])[H:15])[C:12]([H:26])([H:27])[H:28])([H:16])[H:17])[C:10]([H:23])([H:24])[O:11][H:25])[H:22],[H:21][C:9](=[C:8]([H:20])[C:7]([H:18])([H:19])[C:5]1([C:4]([O:3][C:2]([O:6]1)([C:1]([H:13])([H:14])[H:15])[C:12]([H:26])([H:27])[H:28])([H:16])[H:17])[C:10]([H:23])([H:24])[O:11][H:25])[H:22]
[H:37][c:14]1[c:15]([c:16]([c:17]([c:12]([c:13]1[H:36])[C@:3]([H:20])([C:1](=[O:2])[H:19])[O:4][Si:5]([C:6]([H:21])([H:22])[C:7]([H:23])([H:24])[H:25])([C:8]([H:26])([H:27])[C:9]([H:28])([H:29])[H:30])[C:10]([H:31])([H:32])[C:11]([H:33])([H:34])[H:35])[C:18]([H:40])([H:41])[H:42])[H:39])[H:38],[H:37][c:14]1[c:15]([c:16]([c:17]([c:12]([c:13]1[H:36])[C@:3]([H:20])([C:1](=[O:2])[H:19])[O:4][Si:5]([C:6]([H:21])([H:22])[C:7]([H:23])([H:24])[H:25])([C:8]([H:26])([H:27])[C:9]([H:28])([H:29])[H:30])[C:10]([H:31])([H:32])[C:11]([H:33])([H:34])[H:35])[C:18]([H:40])([H:41])[H:42])[H:39])[H:38]
[H:15][C:1](=[O:2])[C@:3]([H:16])([C@:5]([H:18])([C@@:7]1([C@@:12]([O:11][B:9]([O:8]1)[O:10][H:21])([H:22])[C:13]([H:23])([H:24])[O:14][H:25])[H:20])[O:6][H:19])[O:4][H:17],[H:15][C:1](=[O:2])[C@@:3]([H:16])([C@:5]([H:18])([C@:7]1([C@@:12]([O:11][B:9]([O:8]1)[O:10][H:21])([H:22])[C:13]([H:23])([H:24])[O:14][H:25])[H:20])[O:6][H:19])[O:4][H:17]
[H:8][C:1]1([C:2]([C:3]1([H:12])[C:4](=[O:5])[C:6]([H:13])([H:14])[O:7][H:15])([H:10])[H:11])[H:9],[H:8][C:1]1([C:2]([C:3]1([H:12])[C:4](=[O:5])[C:6]([H:13])([H:14])[O:7][H:15])([H:10])[H:11])[H:9]
[I:1][c:2]1[c:3]([H:13])[c:4]([H:14])[c:5]([H:15])[c:6]([C@@:7]2([H:16])[C:8]([H:17])([H:18])[C:9]([H:19])([H:20])[N:10]=[N:11]2)[c:12]1[H:21],[I:1][c:2]1[c:3]([H:13])[c:4]([H:14])[c:5]([H:15])[c:6]([C@:7]2([H:16])[C:8]([H:17])([H:18])[C:9]([H:19])([H:20])[N:10]=[N:11]2)[c:12]1[H:21]
[H:22][C:7](=[O:8])[C:6]([H:20])([H:21])[C@:5]1([C:4]([C:3]([C@@:2]([B:10]([O:9]1)[O:11][H:23])([H:14])[N:1]([H:12])[H:13])([H:15])[H:16])([H:17])[H:18])[H:19],[H:22][C:7](=[O:8])[C:6]([H:20])([H:21])[C@@:5]1([C:4]([C:3]([C@@:2]([B:10]([O:9]1)[O:11][H:23])([H:14])[N:1]([H:12])[H:13])([H:15])[H:16])([H:17])[H:18])[H:19]
[H:32][C:11](=[O:12])[C:10]([H:30])([H:31])[N+:9]([H:28])([H:29])[C:6]([C:7]([H:22])([H:23])[H:24])([C:8]([H:25])([H:26])[H:27])[C:2]([C:1]([H:13])([H:14])[H:15])([C:3]([H:16])([H:17])[H:18])[C:4]([H:19])([H:20])[O:5][H:21],[H:32][C:11](=[O:12])[C:10]([H:30])([H:31])[N+:9]([H:28])([H:29])[C:6]([C:7]([H:22])([H:23])[H:24])([C:8]([H:25])([H:26])[H:27])[C:2]([C:1]([H:13])([H:14])[H:15])([C:3]([H:16])([H:17])[H:18])[C:4]([H:19])([H:20])[O:5][H:21]
[H:10][C:1]([H:11])([C:2]([H:12])([H:13])[C:3]([H:14])([C:4]([H:15])([H:16])[O:5][H:17])[C:6]([H:18])([H:19])[O:7][H:20])[C:8]([H:21])([H:22])[O:9][H:23],[H:10][C:1]([H:11])([C:2]([H:12])([H:13])[C:3]([H:14])([C:4]([H:15])([H:16])[O:5][H:17])[C:6]([H:18])([H:19])[O:7][H:20])[C:8]([H:21])([H:22])[O:9][H:23]
[H:21][c:6]1[c:5]([n:10][c:9]([n:8][c:7]1[O:12][H:25])[C:11]([H:22])([H:23])[H:24])[N:3]([C:4]([H:18])([H:19])[H:20])[C:2]([H:16])([H:17])[C:1]([H:13])([H:14])[H:15],[H:21][c:6]1[c:5]([n:10][c:9]([n:8][c:7]1[O:12][H:25])[C:11]([H:22])([H:23])[H:24])[N:3]([C:4]([H:18])([H:19])[H:20])[C:2]([H:16])([H:17])[C:1]([H:13])([H:14])[H:15]
[H:7][C:2]1([C:1]([C:4]([C:3]1([H:9])[H:10])([H:11])[H:12])([H:5])[H:6])[H:8],[H:4][C:1]1([C:2]([C:3]1([H:8])[H:9])([H:6])[H:7])[H:5]
[H:13][c:1]1[c:2]([c:3]([n:4][c:5]([n:6]1)[H:14])[C:7]([H:15])([H:16])[N+:8]([H:17])([H:18])[C:9]2([C:10]([C:11]2([H:22])[H:23])([H:20])[H:21])[H:19])[N:12]([H:24])[H:25],[H:13][c:1]1[c:2]([c:3]([n:4][c:5]([n:6]1)[H:14])[C:7]([H:15])([H:16])[N+:8]([H:17])([H:18])[C:9]2([C:10]([C:11]2([H:22])[H:23])([H:20])[H:21])[H:19])[N:12]([H:24])[H:25]
[N+:1]([C@@:2]1([H:16])[C:3]([H:17])([H:18])[C@@:4]1([c:5]1[c:6]([H:20])[c:7]([H:21])[c:8]([I:9])[c:10]([F:11])[c:12]1[H:22])[H:19])([H:13])([H:14])[H:15],[N+:1]([C@:2]1([H:16])[C:3]([H:17])([H:18])[C@:4]1([c:5]1[c:6]([H:20])[c:7]([H:21])[c:8]([I:9])[c:10]([F:11])[c:12]1[H:22])[H:19])([H:13])([H:14])[H:15]
[H:32][c:16]1[c:17]([c:18]([c:10]([c:11]([c:12]1[B:13]([O:14][H:30])[O:15][H:31])[H:29])[C:9]([H:27])([H:28])[c:8]2[c:1]([n:2][c:3]([n:5][c:6]2[C:7]([H:24])([H:25])[H:26])[N:4]([H:22])[H:23])[H:21])[O:19][C:20]([H:34])([H:35])[H:36])[H:33],[H:32][c:16]1[c:17]([c:18]([c:10]([c:11]([c:12]1[B:13]([O:14][H:30])[O:15][H:31])[H:29])[C:9]([H:27])([H:28])[c:8]2[c:1]([n:2][c:3]([n:5][c:6]2[C:7]([H:24])([H:25])[H:26])[N:4]([H:22])[H:23])[H:21])[O:19][C:20]([H:34])([H:35])[H:36])[H:33]
[H:10][C:1]([H:11])([H:12])[C:2]([H:13])([C:3]([H:14])([H:15])[H:16])[C:4]([H:17])([C:5]([H:18])([H:19])[N:6]([H:20])[H:21])[C:7]([H:22])([C:8]([H:23])([H:24])[H:25])[C:9]([H:26])([H:27])[H:28],[H:10][C:1]([H:11])([H:12])[C:2]([H:13])([C:3]([H:14])([H:15])[H:16])[C:4]([H:17])([C:5]([H:18])([H:19])[N:6]([H:20])[H:21])[C:7]([H:22])([C:8]([H:23])([H:24])[H:25])[C:9]([H:26])([H:27])[H:28]
[H:9][C:1]([H:10])([H:11])[C:2]([H:12])([H:13])[O:3][B:4]([O:5][H:14])[O:6][C:7]([H:15])([H:16])[C:8]([H:17])([H:18])[H:19],[H:9][C:1]([H:10])([H:11])[C:2]([H:12])([H:13])[O:3][B:4]([O:5][H:14])[O:6][C:7]([H:15])([H:16])[C:8]([H:17])([H:18])[H:19]
[O:1]=[C:2](/[C:3](=[N:4]\[O:5][H:14])[H:13])[C@@:6]1([H:15])[C:7]([H:16])([H:17])[C:8]([H:18])([H:19])[C:9]([H:20])([H:21])[C:10]([H:22])([H:23])[C@:11]1([I:12])[H:24],[O:1]=[C:2](/[C:3](=[N:4]/[O:5][H:14])[H:13])[C@@:6]1([H:15])[C:7]([H:16])([H:17])[C:8]([H:18])([H:19])[C:9]([H:20])([H:21])[C:10]([H:22])([H:23])[C@@:11]1([I:12])[H:24]
[H:9][C:1](=[O:2])[C:3]([H:10])([C:4](=[N+:5]([H:11])[H:12])[N:6]([H:13])[O:7][H:14])[N+:8]([H:15])([H:16])[H:17],[H:9][C:1](=[O:2])[C:3]([H:10])([C:4](=[N+:5]([H:11])[H:12])[N:6]([H:13])[O:7][H:14])[N+:8]([H:15])([H:16])[H:17]
[N:1](=[C:2]1\[C:3]([H:10])([H:11])[C:4]([H:12])([H:13])[C:5]([H:14])([H:15])[N:6]=[C:7]1[I:8])\[H:9],[N:1](=[C:2]1/[C:3]([H:10])([H:11])[C:4]([H:12])([H:13])[C:5]([H:14])([H:15])[N:6]=[C:7]1[I:8])\[H:9]
[H:11][C:1]([H:12])([H:13])[C:2]([H:14])([C:3]([H:15])([H:16])[H:17])[C:4]([H:18])([H:19])[C:5]([H:20])([H:21])[C:6]([H:22])([H:23])[C:7]([H:24])([H:25])[C:8]([H:26])([H:27])[C:9]([H:28])([H:29])[N:10]([H:30])[H:31],[H:11][C:1]([H:12])([H:13])[C:2]([H:14])([C:3]([H:15])([H:16])[H:17])[C:4]([H:18])([H:19])[C:5]([H:20])([H:21])[C:6]([H:22])([H:23])[C:7]([H:24])([H:25])[C:8]([H:26])([H:27])[C:9]([H:28])([H:29])[N:10]([H:30])[H:31]
[H:14][C:5](=[O:6])[S:4][C:3]([H:12])([H:13])[C:2]([H:10])([H:11])[C:1]([H:7])([H:8])[H:9],[H:14][C:5](=[O:6])[S:4][C:3]([H:12])([H:13])[C:2]([H:10])([H:11])[C:1]([H:7])([H:8])[H:9]
[N:1]([C@@:2]1([H:12])[O:3][C:4](=[O:5])[C:6]([I:7])=[C:8]1[I:9])([H:10])[H:11],[N:1]([C@:2]1([H:12])[O:3][C:4](=[O:5])[C:6]([I:7])=[C:8]1[I:9])([H:10])[H:11]
[H:22][C:6]1([C:7](=[O:8])[N:9]([C:10]([C:11]([C:1]([C:2]([C:3]([N+:4]([C:5]1([H:20])[H:21])([H:18])[H:19])([H:16])[H:17])([H:14])[H:15])([H:12])[H:13])([H:27])[H:28])([H:25])[H:26])[H:24])[H:23],[H:22][C:8]1([C:6](=[O:7])[N:5]([C:4]([C:3]([C:2]([C:1]([C:12]([C:11]([N+:10]([C:9]1([H:24])[H:25])([H:26])[H:27])([H:28])[H:29])([H:30])[H:31])([H:13])[H:14])([H:15])[H:16])([H:17])[H:18])([H:19])[H:20])[H:21])[H:23]
[H:23][c:8]1[c:7]([c:6]([c:11]([c:10]([c:9]1[H:24])[O:12][H:26])[H:25])[C:5]2([C:4]([C:3]2([H:18])[N+:2]([H:16])([H:17])[C:1]([H:13])([H:14])[H:15])([H:19])[H:20])[H:21])[H:22],[H:23][c:8]1[c:7]([c:6]([c:11]([c:10]([c:9]1[H:24])[O:12][H:26])[H:25])[C:5]2([C:4]([C:3]2([H:18])[N+:2]([H:16])([H:17])[C:1]([H:13])([H:14])[H:15])([H:19])[H:20])[H:21])[H:22]
[H:9][C:1](=[C:2]([H:11])[C:3]([H:12])([H:13])[C:4]([H:14])([C:5](=[O:6])[H:15])[C:7](=[O:8])[H:16])[H:10],[H:9][C:1](=[C:2]([H:11])[C:3]([H:12])([H:13])[C:4]([H:14])([C:5](=[O:6])[H:15])[C:7](=[O:8])[H:16])[H:10]
[N:1](=[C:2](/[C:3]([I:4])([H:7])[H:8])[H:6])\[H:5],[N:1](=[C:2](\[C:3]([I:4])([H:7])[H:8])[H:6])\[H:5]
[H:14][C:2](=[C:3]([H:15])[C:4]([H:16])([H:17])[P:5](=[O:6])([O:7][C:8]([H:18])([H:19])[H:20])[O:9][C:10]([H:21])([H:22])[H:23])[C:1]([H:11])([H:12])[H:13],[H:14][C:2](=[C:3]([H:15])[C:4]([H:16])([H:17])[P:5](=[O:6])([O:7][C:8]([H:18])([H:19])[H:20])[O:9][C:10]([H:21])([H:22])[H:23])[C:1]([H:11])([H:12])[H:13]
[H:17][C:6](=[O:7])[C:5]([H:15])([H:16])[N:4]=[C:3]([N:8]([H:18])[C:9]([H:19])([H:20])[C:10](=[O:11])[H:21])[S:2][C:1]([H:12])([H:13])[H:14],[H:17][C:6](=[O:7])[C:5]([H:15])([H:16])[N:4]=[C:3]([N:8]([H:18])[C:9]([H:19])([H:20])[C:10](=[O:11])[H:21])[S:2][C:1]([H:12])([H:13])[H:14]
[H:23][C:7]1([C:8]([O:9][C:10]([C:11]([N:6]1[C:5]([H:21])([H:22])[C:4]([H:19])([H:20])[N+:3]([H:17])([H:18])[C:2]([H:15])([H:16])[C:1]([H:12])([H:13])[H:14])([H:29])[H:30])([H:27])[H:28])([H:25])[H:26])[H:24],[H:23][C:7]1([C:8]([O:9][C:10]([C:11]([N:6]1[C:5]([H:21])([H:22])[C:4]([H:19])([H:20])[N+:3]([H:17])([H:18])[C:2]([H:15])([H:16])[C:1]([H:12])([H:13])[H:14])([H:29])[H:30])([H:27])[H:28])([H:25])[H:26])[H:24]
[H:19][C:5]1=[C:6]([C:1]([C:2]([N+:3]([C:4]1([H:17])[H:18])([H:15])[H:16])([H:13])[H:14])([H:11])[H:12])[C:7]([H:20])([H:21])[C:8]([H:22])([H:23])[C:9]([H:24])([H:25])[O:10][H:26],[H:19][C:5]1=[C:6]([C:1]([C:2]([N+:3]([C:4]1([H:17])[H:18])([H:15])[H:16])([H:13])[H:14])([H:11])[H:12])[C:7]([H:20])([H:21])[C:8]([H:22])([H:23])[C:9]([H:24])([H:25])[O:10][H:26]
[H:20][C:10](=[O:11])[C:8]1=[C:7]([N:6]=[C:5]([S:9]1)[C:4]([H:18])([H:19])[O:3][C:2]([H:16])([H:17])[C:1]([H:13])([H:14])[H:15])[C:12]([H:21])([H:22])[H:23],[H:20][C:10](=[O:11])[C:8]1=[C:7]([N:6]=[C:5]([S:9]1)[C:4]([H:18])([H:19])[O:3][C:2]([H:16])([H:17])[C:1]([H:13])([H:14])[H:15])[C:12]([H:21])([H:22])[H:23]
[H:9][C:1]([H:10])([H:11])[O:2][P:3](=[S:4])([O:5][C:6]([H:12])([H:13])[H:14])[S:7][C:8]([H:15])([H:16])[H:17],[H:9][C:1]([H:10])([H:11])[O:2][P:3](=[S:4])([O:5][C:6]([H:12])([H:13])[H:14])[S:7][C:8]([H:15])([H:16])[H:17]
[H:11][C:1]1=[N:5][N:4]([N:3]=[C:2]1[C:6]([H:13])([H:14])[C:7]([H:15])([H:16])[S:8](=[O:9])[O-:10])[H:12],[H:11][C:1]1=[N:5][N:4]([N:3]=[C:2]1[C:6]([H:13])([H:14])[C:7]([H:15])([H:16])[S:8](=[O:9])[O-:10])[H:12]
[N:1](=[C:2](\[C:3]([c:4]1[c:5]([F:6])[c:7]([H:16])[c:8]([H:17])[c:9]([H:18])[c:10]1[I:11])([H:14])[H:15])[H:13])\[H:12],[N:1](=[C:2](/[C:3]([c:4]1[c:5]([F:6])[c:7]([H:16])[c:8]([H:17])[c:9]([H:18])[c:10]1[I:11])([H:14])[H:15])[H:13])\[H:12]
[H:18][C:8]1=[C:7]([O:11][N:10]=[N:9]1)[N:6]([H:17])[C:4](=[O:5])[O:3][C:2]([H:15])([H:16])[C:1]([H:12])([H:13])[H:14],[H:18][C:8]1=[C:7]([O:11][N:10]=[N:9]1)[N:6]([H:17])[C:4](=[O:5])[O:3][C:2]([H:15])([H:16])[C:1]([H:12])([H:13])[H:14]
[H:12][C:1]([H:13])([H:14])[N:2]=[C:3]([N:9]([H:23])[C:10]#[N:11])[N:4]([H:15])[C:5]([H:16])([H:17])[C:6]([H:18])([H:19])[S:7][C:8]([H:20])([H:21])[H:22],[H:12][C:1]([H:13])([H:14])[N:2]=[C:3]([N:9]([H:23])[C:10]#[N:11])[N:4]([H:15])[C:5]([H:16])([H:17])[C:6]([H:18])([H:19])[S:7][C:8]([H:20])([H:21])[H:22]
[H:12][C:1]([H:13])([H:14])[C:2]([H:15])([H:16])[C:3](=[O:4])[C:5]([C:6]([H:17])([H:18])[C:7]([H:19])([H:20])[H:21])([C:8]([H:22])([C:9]([H:23])([H:24])[H:25])[O:10][H:26])[O:11][H:27],[H:12][C:1]([H:13])([H:14])[C:2]([H:15])([H:16])[C:3](=[O:4])[C:5]([C:6]([H:17])([H:18])[C:7]([H:19])([H:20])[H:21])([C:8]([H:22])([C:9]([H:23])([H:24])[H:25])[O:10][H:26])[O:11][H:27]
[C:1]([C@:2]1([I:3])[C:4](=[O:5])[N:6]([H:16])[C:7](=[O:8])[N:9]([H:17])[C@@:10]1([C:11](=[O:12])[H:19])[H:18])([H:13])([H:14])[H:15],[C:1]([C@@:2]1([I:3])[C:4](=[O:5])[N:6]([H:16])[C:7](=[O:8])[N:9]([H:17])[C@:10]1([C:11](=[O:12])[H:19])[H:18])([H:13])([H:14])[H:15]
[H:12][c:1]1[c:2]([c:3]([n:4][c:5]([c:6]1[C:7]([H:15])([H:16])[C:8]([H:17])([H:18])[C:9]([H:19])([H:20])[O:10][H:21])[H:14])[F:11])[H:13],[H:12][c:1]1[c:2]([c:3]([n:4][c:5]([c:6]1[C:7]([H:15])([H:16])[C:8]([H:17])([H:18])[C:9]([H:19])([H:20])[O:10][H:21])[H:14])[F:11])[H:13]
[H:16][C:3]1([C:2]([C:6]([C:5]([O:4]1)([H:17])[C:8]([H:20])([H:21])[O:9][H:22])([H:18])[O:7][H:19])([C:1]([H:13])([H:14])[H:15])[O:12][H:23])[C:10]#[N:11],[H:16][C:3]1([C:2]([C:6]([C:5]([O:4]1)([H:17])[C:8]([H:20])([H:21])[O:9][H:22])([H:18])[O:7][H:19])([C:1]([H:13])([H:14])[H:15])[O:12][H:23])[C:10]#[N:11]
[H:8][C:2]([C:1]([H:7])([N+:5]([H:12])([H:13])[H:14])[O:6][H:15])([N:3]([H:9])[H:10])[O:4][H:11],[H:8][C:2]([C:1]([H:7])([N+:5]([H:12])([H:13])[H:14])[O:6][H:15])([N:3]([H:9])[H:10])[O:4][H:11]
[H:12][c:1]1[c:2]([n:3][c:4]([n:5][c:6]1[O:7][N:8]=[N+:9]([H:14])[O:10][H:15])[Cl:11])[H:13],[H:12][c:1]1[c:2]([n:3][c:4]([n:5][c:6]1[O:7][N:8]=[N+:9]([H:14])[O:10][H:15])[Cl:11])[H:13]
[H:12][C:1]1([C:2]([C:3]([C:4]([C:5]([C:6]1([C:7]([H:20])([H:21])[N:8]([H:22])[H:23])[O:9][H:24])([H:18])[H:19])([H:16])[H:17])([F:10])[F:11])([H:14])[H:15])[H:13],[H:12][C:1]1([C:2]([C:3]([C:4]([C:5]([C:6]1([C:7]([H:20])([H:21])[N:8]([H:22])[H:23])[O:9][H:24])([H:18])[H:19])([H:16])[H:17])([F:10])[F:11])([H:14])[H:15])[H:13]
[H:13][C:1]1=[C:5]([O:4][C:3](=[C:2]1[H:14])[C:6]([H:16])([H:17])[N:7]2[C:8]([C:9]([N+:10]([C:11]([C:12]2([H:26])[H:27])([H:24])[H:25])([H:22])[H:23])([H:20])[H:21])([H:18])[H:19])[H:15],[H:13][C:1]1=[C:5]([O:4][C:3](=[C:2]1[H:14])[C:6]([H:16])([H:17])[N:7]2[C:8]([C:9]([N+:10]([C:11]([C:12]2([H:26])[H:27])([H:24])[H:25])([H:22])[H:23])([H:20])[H:21])([H:18])[H:19])[H:15]
[H:9][C:1]([H:10])([H:11])[N:2]([H:12])[C:3]([H:13])([H:14])[C:4]([H:15])([C:5]([H:16])([H:17])[O:6][C:7]([H:18])([H:19])[H:20])[O:8][H:21],[H:9][C:1]([H:10])([H:11])[N:2]([H:12])[C:3]([H:13])([H:14])[C:4]([H:15])([C:5]([H:16])([H:17])[O:6][C:7]([H:18])([H:19])[H:20])[O:8][H:21]
[H:25][C:9]1=[C:8]([C:7]([C:6]([C:5]1([C:4]([H:19])([H:20])[C:3]([H:17])([H:18])[C:2]([H:15])([H:16])[C:1]([H:12])([H:13])[H:14])[O:11][H:29])([H:21])[H:22])([H:23])[H:24])[C:10]([H:26])([H:27])[H:28],[H:25][C:9]1=[C:8]([C:7]([C:6]([C:5]1([C:4]([H:19])([H:20])[C:3]([H:17])([H:18])[C:2]([H:15])([H:16])[C:1]([H:12])([H:13])[H:14])[O:11][H:29])([H:21])[H:22])([H:23])[H:24])[C:10]([H:26])([H:27])[H:28]
[H:22][C:7]1=[C:8]([N:9]([N:10]=[C:6]1[C:5]([H:20])([H:21])[N+:4]([H:18])([H:19])[C:3]([H:16])([H:17])[C:2]([H:14])([H:15])[C:1]([H:11])([H:12])[H:13])[H:24])[H:23],[H:22][C:7]1=[C:8]([N:9]([N:10]=[C:6]1[C:5]([H:20])([H:21])[N+:4]([H:18])([H:19])[C:3]([H:16])([H:17])[C:2]([H:14])([H:15])[C:1]([H:11])([H:12])[H:13])[H:24])[H:23]
[H:13][C:1]1=[C:5]([O:4][C:3](=[C:2]1[H:14])[C:6]([C:9]2([C:10]([C:11]2([H:23])[H:24])([H:21])[H:22])[H:20])([C:7]([H:16])([H:17])[N:8]([H:18])[H:19])[O:12][H:25])[H:15],[H:13][C:1]1=[C:5]([O:4][C:3](=[C:2]1[H:14])[C:6]([C:9]2([C:10]([C:11]2([H:23])[H:24])([H:21])[H:22])[H:20])([C:7]([H:16])([H:17])[N:8]([H:18])[H:19])[O:12][H:25])[H:15]
[H:15][c:1]1[c:2]([c:3]([c:4]([c:13]([c:14]1[H:34])[H:33])[O:5][Si:6]([C:7]([H:18])([H:19])[H:20])([C:8]([H:21])([H:22])[H:23])[C:9]([C:10]([H:24])([H:25])[H:26])([C:11]([H:27])([H:28])[H:29])[C:12]([H:30])([H:31])[H:32])[H:17])[H:16],[H:15][c:1]1[c:2]([c:3]([c:4]([c:13]([c:14]1[H:34])[H:33])[O:5][Si:6]([C:7]([H:18])([H:19])[H:20])([C:8]([H:21])([H:22])[H:23])[C:9]([C:10]([H:24])([H:25])[H:26])([C:11]([H:27])([H:28])[H:29])[C:12]([H:30])([H:31])[H:32])[H:17])[H:16]
[H:16][C:5]1=[C:6]([S:7][C:3](=[C:4]1[H:15])[C:2]([C:8]2([C:9]([C:10]2([H:21])[H:22])([H:19])[H:20])[H:18])([C:1]([H:12])([H:13])[H:14])[O:11][H:23])[H:17],[H:16][C:5]1=[C:6]([S:7][C:3](=[C:4]1[H:15])[C:2]([C:8]2([C:9]([C:10]2([H:21])[H:22])([H:19])[H:20])[H:18])([C:1]([H:12])([H:13])[H:14])[O:11][H:23])[H:17]
[H:18][C:9](=[O:10])[C:6]1=[N:5][C:4](=[N:8][O:7]1)[C:3]([H:16])([H:17])[C:2]([H:14])([H:15])[C:1]([H:11])([H:12])[H:13],[H:18][C:9](=[O:10])[C:6]1=[N:5][C:4](=[N:8][O:7]1)[C:3]([H:16])([H:17])[C:2]([H:14])([H:15])[C:1]([H:11])([H:12])[H:13]
[H:16][C:4]1([C:3]([C:2]([N:6]([C:5]1([H:18])[H:19])[H:20])([C:1]([H:11])([H:12])[H:13])[C:7]([H:21])([H:22])[C:8]([H:23])([H:24])[C:9]([H:25])([H:26])[O:10][H:27])([H:14])[H:15])[H:17],[H:16][C:4]1([C:3]([C:2]([N:6]([C:5]1([H:18])[H:19])[H:20])([C:1]([H:11])([H:12])[H:13])[C:7]([H:21])([H:22])[C:8]([H:23])([H:24])[C:9]([H:25])([H:26])[O:10][H:27])([H:14])[H:15])[H:17]
[N:1](=[C:2](\[N:3]([H:9])[H:10])[C:4]([I:5])([I:6])[I:7])\[H:8],[N:1](=[C:2](/[N:3]([H:9])[H:10])[C:4]([I:5])([I:6])[I:7])\[H:8]
[H:10][C:1]([H:11])([H:12])[C:2]([H:13])([H:14])[N:3]([C:4]([H:15])([H:16])[H:17])[C:5]([H:18])([H:19])[C:6]([C:7]([H:20])([H:21])[H:22])([C:8]([H:23])([H:24])[H:25])[O:9][H:26],[H:10][C:1]([H:11])([H:12])[C:2]([H:13])([H:14])[N:3]([C:4]([H:15])([H:16])[H:17])[C:5]([H:18])([H:19])[C:6]([C:7]([H:20])([H:21])[H:22])([C:8]([H:23])([H:24])[H:25])[O:9][H:26]
[H:12][C:1]([H:13])([H:14])[C:2]#[C:3][C:4]([H:15])([H:16])[N+:5]([H:17])([C:6]([H:18])([H:19])[H:20])[C:7]([H:21])([H:22])[C:8]([H:23])([H:24])[C:9]([H:25])([H:26])[C:10]([H:27])([H:28])[Cl:11],[H:12][C:1]([H:13])([H:14])[C:2]#[C:3][C:4]([H:15])([H:16])[N+:5]([H:17])([C:6]([H:18])([H:19])[H:20])[C:7]([H:21])([H:22])[C:8]([H:23])([H:24])[C:9]([H:25])([H:26])[C:10]([H:27])([H:28])[Cl:11]
[H:12][C:1]([H:13])([H:14])[C:2]([H:15])([H:16])[S:3][C:4]1=[N:8][N:7]([C:6](=[N:5]1)[C:9]([H:18])([F:10])[F:11])[H:17],[H:12][C:1]([H:13])([H:14])[C:2]([H:15])([H:16])[S:3][C:4]1=[N:8][N:7]([C:6](=[N:5]1)[C:9]([H:18])([F:10])[F:11])[H:17]
[H:12][C:2](=[O:3])[C:1]([H:10])([H:11])[C:4]([H:13])([C:5]([Cl:6])([Cl:7])[Cl:8])[O:9][H:14],[H:12][C:2](=[O:3])[C:1]([H:10])([H:11])[C:4]([H:13])([C:5]([Cl:6])([Cl:7])[Cl:8])[O:9][H:14]
[H:17][C:1](=[O:2])[C@@:3]1([C@:15]([C@:13]([C@:11]([C@:5]([O:4]1)([H:19])[O:6][Si:7]([C:8]([H:20])([H:21])[H:22])([O:9][H:23])[O:10][H:24])([H:25])[O:12][H:26])([H:27])[O:14][H:28])([H:29])[O:16][H:30])[H:18],[H:17][C:1](=[O:2])[C@:3]1([C@@:15]([C@:13]([C@:11]([C@:5]([O:4]1)([H:19])[O:6][Si:7]([C:8]([H:20])([H:21])[H:22])([O:9][H:23])[O:10][H:24])([H:25])[O:12][H:26])([H:27])[O:14][H:28])([H:29])[O:16][H:30])[H:18]
[H:13][C:1]1([C:2]([C:3]([C:4]([O:5]1)([H:17])[C:6]([H:18])([H:19])[S:7][C:8]([H:20])([H:21])[C:9]([H:22])([H:23])[Cl:10])([H:16])[O:11][H:24])([H:15])[O:12][H:25])[H:14],[H:13][C:1]1([C:2]([C:3]([C:4]([O:5]1)([H:17])[C:6]([H:18])([H:19])[S:7][C:8]([H:20])([H:21])[C:9]([H:22])([H:23])[Cl:10])([H:16])[O:11][H:24])([H:15])[O:12][H:25])[H:14]
[H:13][C:1]([H:14])([H:15])[C:2]([H:16])([H:17])[N+:3]([H:18])([H:19])[C:4]([H:20])([H:21])[C:5]1=[N:9][O:8][N+:7](=[C:6]1[C:11]#[N:12])[O-:10],[H:13][C:1]([H:14])([H:15])[C:2]([H:16])([H:17])[N+:3]([H:18])([H:19])[C:4]([H:20])([H:21])[C:5]1=[N:9][O:8][N+:7](=[C:6]1[C:11]#[N:12])[O-:10]
[H:12][C:1]1([C:2]([N+:3]([C:4]([C:5]([O:6][C:7]1([H:21])[H:22])([H:20])[C:8](=[O:9])[C:10]([H:23])([H:24])[N+:11]([H:25])([H:26])[H:27])([H:18])[H:19])([H:16])[H:17])([H:14])[H:15])[H:13],[H:12][C:1]1([C:2]([N+:3]([C:4]([C:5]([O:6][C:7]1([H:21])[H:22])([H:20])[C:8](=[O:9])[C:10]([H:23])([H:24])[N+:11]([H:25])([H:26])[H:27])([H:18])[H:19])([H:16])[H:17])([H:14])[H:15])[H:13]
[H:11][C:1]([H:12])([H:13])[C:2]([H:14])([H:15])[S:3][C:4]([H:16])([H:17])[C:5]1=[N:6][N:7]([C:8](=[S:9])[O:10]1)[H:18],[H:11][C:1]([H:12])([H:13])[C:2]([H:14])([H:15])[S:3][C:4]([H:16])([H:17])[C:5]1=[N:6][N:7]([C:8](=[S:9])[O:10]1)[H:18]
[H:9][C:1]([H:10])([H:11])[C:2]([H:12])([H:13])[C:3]([H:14])([C:5](=[O:6])[C:7]([H:18])([H:19])[O:8][H:20])[C:4]([H:15])([H:16])[H:17],[H:9][C:1]([H:10])([H:11])[C:2]([H:12])([H:13])[C:3]([H:14])([C:5](=[O:6])[C:7]([H:18])([H:19])[O:8][H:20])[C:4]([H:15])([H:16])[H:17]
[H:20][C:7]1=[N:6][C:5](=[N:9][O:8]1)[C:3]([C:4]([H:17])([H:18])[H:19])([C:2]([H:15])([H:16])[C:1]([H:12])([H:13])[H:14])[O:10][C:11]([H:21])([H:22])[H:23],[H:20][C:7]1=[N:6][C:5](=[N:9][O:8]1)[C:3]([C:4]([H:17])([H:18])[H:19])([C:2]([H:15])([H:16])[C:1]([H:12])([H:13])[H:14])[O:10][C:11]([H:21])([H:22])[H:23]
[H:11][C:1]([H:12])([H:13])[C:2]([H:14])([C:3]([H:15])([H:16])[H:17])[C:4]([H:18])([H:19])[Si:5]([C:6]([H:20])([H:21])[H:22])([O:7][C:8]([H:23])([H:24])[H:25])[O:9][C:10]([H:26])([H:27])[H:28],[H:11][C:1]([H:12])([H:13])[C:2]([H:14])([C:3]([H:15])([H:16])[H:17])[C:4]([H:18])([H:19])[Si:5]([C:6]([H:20])([H:21])[H:22])([O:7][C:8]([H:23])([H:24])[H:25])[O:9][C:10]([H:26])([H:27])[H:28]
[H:10][C:1]([H:11])([H:12])[C:2](=[O:3])[C:4]([H:13])([H:14])[C:5]([H:15])([H:16])[C:6]([H:17])([H:18])[N+:7](=[O:8])[O-:9],[H:10][C:1]([H:11])([H:12])[C:2](=[O:3])[C:4]([H:13])([H:14])[C:5]([H:15])([H:16])[C:6]([H:17])([H:18])[N+:7](=[O:8])[O-:9]
[H:12][C:1]([H:13])([H:14])[C:2]([H:15])([H:16])[C:3]([H:17])([H:18])[N:4]([H:19])[C:5](=[N:6][C:7]#[N:8])[N:9]([C:10]([H:20])([H:21])[H:22])[C:11]([H:23])([H:24])[H:25],[H:12][C:1]([H:13])([H:14])[C:2]([H:15])([H:16])[C:3]([H:17])([H:18])[N:4]([H:19])[C:5](=[N:6][C:7]#[N:8])[N:9]([C:10]([H:20])([H:21])[H:22])[C:11]([H:23])([H:24])[H:25]
[H:9][C:1]([H:10])([H:11])[C:2]([H:12])([H:13])[N+:3]([H:14])([H:15])[C:4]([H:16])([H:17])[C:5]([H:18])([H:19])[N+:6]([H:20])([C:7]([H:21])([H:22])[H:23])[C:8]([H:24])([H:25])[H:26],[H:9][C:1]([H:10])([H:11])[C:2]([H:12])([H:13])[N+:3]([H:14])([H:15])[C:4]([H:16])([H:17])[C:5]([H:18])([H:19])[N+:6]([H:20])([C:7]([H:21])([H:22])[H:23])[C:8]([H:24])([H:25])[H:26]
[H:21][C:5](=[O:6])[C:4]([H:19])([H:20])[C:3]([H:17])([H:18])[N+:2]([H:16])([C:7]1([C:8]([C:9]1([H:24])[H:25])([H:22])[H:23])[C:10]([H:26])([H:27])[O:11][C:12]([H:28])([H:29])[H:30])[C:1]([H:13])([H:14])[H:15],[H:21][C:5](=[O:6])[C:4]([H:19])([H:20])[C:3]([H:17])([H:18])[N+:2]([H:16])([C:7]1([C:8]([C:9]1([H:24])[H:25])([H:22])[H:23])[C:10]([H:26])([H:27])[O:11][C:12]([H:28])([H:29])[H:30])[C:1]([H:13])([H:14])[H:15]
[H:25][C:9]1([C:8]([C:7]([C:6]([C:11]([C:10]1([H:27])[H:28])([H:29])[H:30])([H:20])[C:3]([H:15])([C:4]([H:16])([H:17])[N:5]([H:18])[H:19])[O:2][C:1]([H:12])([H:13])[H:14])([H:21])[H:22])([H:23])[H:24])[H:26],[H:25][C:9]1([C:8]([C:7]([C:6]([C:11]([C:10]1([H:27])[H:28])([H:29])[H:30])([H:20])[C:3]([H:15])([C:4]([H:16])([H:17])[N:5]([H:18])[H:19])[O:2][C:1]([H:12])([H:13])[H:14])([H:21])[H:22])([H:23])[H:24])[H:26]
[H:12][C:1]1=[C:5]([N:4]([C:3](=[C:2]1[H:13])[C:6]([H:16])([H:17])[N+:7]([H:18])([H:19])[C:8]([H:20])([H:21])[C:9]([H:22])([H:23])[C:10]([H:24])([H:25])[N:11]([H:26])[H:27])[H:14])[H:15],[H:12][C:1]1=[C:5]([N:4]([C:3](=[C:2]1[H:13])[C:6]([H:16])([H:17])[N+:7]([H:18])([H:19])[C:8]([H:20])([H:21])[C:9]([H:22])([H:23])[C:10]([H:24])([H:25])[N:11]([H:26])[H:27])[H:14])[H:15]
[H:19][C:1](=[O:2])[C@@:3]1([C@:12]([C@@:11]2([C@@:6]([C:5]1([H:22])[H:23])([C@@:7]([N:9]([C:10]2([H:30])[H:31])[H:29])([H:25])[C:8]([H:26])([H:27])[H:28])[H:24])[H:32])([H:33])[C:13]([H:34])([H:35])[C:14]([H:36])([H:37])[C:15]([H:38])([H:39])[B:16]([O:17][H:40])[O:18][H:41])[N:4]([H:20])[H:21],[H:19][C:1](=[O:2])[C@:3]1([C@:12]([C@:11]2([C@@:6]([C:5]1([H:22])[H:23])([C@:7]([N:9]([C:10]2([H:30])[H:31])[H:29])([H:25])[C:8]([H:26])([H:27])[H:28])[H:24])[H:32])([H:33])[C:13]([H:34])([H:35])[C:14]([H:36])([H:37])[C:15]([H:38])([H:39])[B:16]([O:17][H:40])[O:18][H:41])[N:4]([H:20])[H:21]
[H:11][C:1]([H:12])([H:13])[C:2]1=[N:6][O:5][C:4](=[N:3]1)[C:7]([H:14])([H:15])[C:8]([H:16])([H:17])[O:9][C:10]([H:18])([H:19])[H:20],[H:11][C:1]([H:12])([H:13])[C:2]1=[N:6][O:5][C:4](=[N:3]1)[C:7]([H:14])([H:15])[C:8]([H:16])([H:17])[O:9][C:10]([H:18])([H:19])[H:20]
[H:12][C:1]1([C:2]([C:3]([C:4]([C:5]([C:6]1([H:21])[H:22])([H:19])[H:20])([H:18])[N:7]([H:23])[C:8](=[S:9])[N:10]([H:24])[N:11]([H:25])[H:26])([H:16])[H:17])([H:14])[H:15])[H:13],[H:12][C:1]1([C:2]([C:3]([C:4]([C:5]([C:6]1([H:21])[H:22])([H:19])[H:20])([H:18])[N:7]([H:23])[C:8](=[S:9])[N:10]([H:24])[N:11]([H:25])[H:26])([H:16])[H:17])([H:14])[H:15])[H:13]
[H:13][c:1]1[c:2]([c:3]([c:4]([c:5]([c:6]1[F:7])[H:15])[C:8]([H:16])([C:9]([H:17])([H:18])[O:10][H:19])[N:11]([H:20])[H:21])[F:12])[H:14],[H:13][c:1]1[c:2]([c:3]([c:4]([c:5]([c:6]1[F:7])[H:15])[C:8]([H:16])([C:9]([H:17])([H:18])[O:10][H:19])[N:11]([H:20])[H:21])[F:12])[H:14]
[H:20][C:5](=[O:6])[C:4]([H:18])([H:19])[N+:3]([H:17])([C:2]([H:15])([H:16])[C:1]([H:12])([H:13])[H:14])[C:7]([H:21])([H:22])[C:8]([C:9]([H:23])([H:24])[H:25])([C:10]([H:26])([H:27])[H:28])[O:11][H:29],[H:20][C:5](=[O:6])[C:4]([H:18])([H:19])[N+:3]([H:17])([C:2]([H:15])([H:16])[C:1]([H:12])([H:13])[H:14])[C:7]([H:21])([H:22])[C:8]([C:9]([H:23])([H:24])[H:25])([C:10]([H:26])([H:27])[H:28])[O:11][H:29]
[H:19][C:1](=[O:2])[C@:3]1([C@:12]([C@:11]2([C@@:6]([C:5]1([H:22])[H:23])([C@@:7]([N:9]([C:10]2([H:30])[H:31])[H:29])([H:25])[C:8]([H:26])([H:27])[H:28])[H:24])[H:32])([H:33])[C:13]([H:34])([H:35])[C:14]([H:36])([H:37])[C:15]([H:38])([H:39])[B:16]([O:17][H:40])[O:18][H:41])[N:4]([H:20])[H:21],[H:19][C:1](=[O:2])[C@:3]1([C@:12]([C@:11]2([C@@:6]([C:5]1([H:22])[H:23])([C@:7]([N:9]([C:10]2([H:30])[H:31])[H:29])([H:25])[C:8]([H:26])([H:27])[H:28])[H:24])[H:32])([H:33])[C:13]([H:34])([H:35])[C:14]([H:36])([H:37])[C:15]([H:38])([H:39])[B:16]([O:17][H:40])[O:18][H:41])[N:4]([H:20])[H:21]
[H:19][C:1](=[O:2])[C@@:3]1([C@:12]([C@:11]2([C@@:6]([C:5]1([H:22])[H:23])([C@@:7]([N:9]([C:10]2([H:30])[H:31])[H:29])([H:25])[C:8]([H:26])([H:27])[H:28])[H:24])[H:32])([H:33])[C:13]([H:34])([H:35])[C:14]([H:36])([H:37])[C:15]([H:38])([H:39])[B:16]([O:17][H:40])[O:18][H:41])[N:4]([H:20])[H:21],[H:19][C:1](=[O:2])[C@:3]1([C@:12]([C@:11]2([C@@:6]([C:5]1([H:22])[H:23])([C@:7]([N:9]([C:10]2([H:30])[H:31])[H:29])([H:25])[C:8]([H:26])([H:27])[H:28])[H:24])[H:32])([H:33])[C:13]([H:34])([H:35])[C:14]([H:36])([H:37])[C:15]([H:38])([H:39])[B:16]([O:17][H:40])[O:18][H:41])[N:4]([H:20])[H:21]
[H:16][C:3]1=[C:2]([O:6][C:5](=[C:4]1[H:17])[C:7]([H:18])([H:19])[N+:8]([H:20])([C:9]([H:21])([H:22])[H:23])[C:10]([H:24])([H:25])[C:11](=[O:12])[H:26])[C:1]([H:13])([H:14])[H:15],[H:16][C:3]1=[C:2]([O:6][C:5](=[C:4]1[H:17])[C:7]([H:18])([H:19])[N+:8]([H:20])([C:9]([H:21])([H:22])[H:23])[C:10]([H:24])([H:25])[C:11](=[O:12])[H:26])[C:1]([H:13])([H:14])[H:15]
[H:23][C:9](=[O:10])[C:8]([H:21])([H:22])[C:5]1([C:6]([N:7]([C:2]([C:3]([O:4]1)([H:15])[H:16])([C:1]([H:12])([H:13])[H:14])[C:11]([H:24])([H:25])[H:26])[H:20])([H:18])[H:19])[H:17],[H:23][C:9](=[O:10])[C:8]([H:21])([H:22])[C:5]1([C:6]([N:7]([C:2]([C:3]([O:4]1)([H:15])[H:16])([C:1]([H:12])([H:13])[H:14])[C:11]([H:24])([H:25])[H:26])[H:20])([H:18])[H:19])[H:17]
[H:12][C:1]1([C:2]([N+:3]([C:4]([C:5]([N:6]1[H:21])([H:19])[H:20])([H:17])[H:18])([H:16])[C:7]([H:22])([H:23])[S:8](=[O:9])(=[O:10])[N:11]([H:24])[H:25])([H:14])[H:15])[H:13],[H:12][C:1]1([C:2]([N+:3]([C:4]([C:5]([N:6]1[H:21])([H:19])[H:20])([H:17])[H:18])([H:16])[C:7]([H:22])([H:23])[S:8](=[O:9])(=[O:10])[N:11]([H:24])[H:25])([H:14])[H:15])[H:13]
[H:10][C:1]1=[C:5]([S:4][C:3](=[C:2]1[N:8]([H:15])[N:9]([H:16])[H:17])[H:11])[C:6]([H:12])([H:13])[O:7][H:14],[H:10][C:1]1=[C:5]([S:4][C:3](=[C:2]1[N:8]([H:15])[N:9]([H:16])[H:17])[H:11])[C:6]([H:12])([H:13])[O:7][H:14]
[H:21][C:7]([H:22])([C:8](=[O:9])[O-:10])[C:6]([H:19])([H:20])[C:1]([H:11])([H:12])[C:2]([H:13])([H:14])[C:3]([H:15])([H:16])[C:4]([H:17])([H:18])[Br:5],[H:21][C:7]([H:22])([C:8](=[O:9])[O-:10])[C:6]([H:19])([H:20])[C:1]([H:11])([H:12])[C:2]([H:13])([H:14])[C:3]([H:15])([H:16])[C:4]([H:17])([H:18])[Br:5]
[C:1]([C@:2]1([H:16])[C:3]([H:17])([H:18])[N:4]([H:19])[C@@:5]([C:6]([H:21])([H:22])[H:23])([H:20])[C:7]2=[C:12]1[N:11]([H:25])[C:9]([I:10])=[C:8]2[H:24])([H:13])([H:14])[H:15],[C:1]([C@:2]1([H:16])[C:3]([H:17])([H:18])[N:4]([H:19])[C@:5]([C:6]([H:21])([H:22])[H:23])([H:20])[C:7]2=[C:12]1[N:11]([H:25])[C:9]([I:10])=[C:8]2[H:24])([H:13])([H:14])[H:15]
[H:24][C:7]1([C:8]([N:9]([C:10]([C:11]([C:6]1([H:23])[C:5]([H:22])([C:4]([H:20])([H:21])[C:2]([H:16])([C:1]([H:13])([H:14])[H:15])[C:3]([H:17])([H:18])[H:19])[O:12][H:33])([H:31])[H:32])([H:29])[H:30])[H:28])([H:26])[H:27])[H:25],[H:24][C:7]1([C:8]([N:9]([C:10]([C:11]([C:6]1([H:23])[C:5]([H:22])([C:4]([H:20])([H:21])[C:2]([H:16])([C:1]([H:13])([H:14])[H:15])[C:3]([H:17])([H:18])[H:19])[O:12][H:33])([H:31])[H:32])([H:29])[H:30])[H:28])([H:26])[H:27])[H:25]
[H:25][C:8]1([C:7]([N+:6]([C:11]([C:10]([N+:9]1([H:27])[H:28])([H:29])[H:30])([H:31])[H:32])([H:22])[C:5]([H:20])([H:21])[C:4]([H:18])([H:19])[N:2]([C:1]([H:12])([H:13])[H:14])[C:3]([H:15])([H:16])[H:17])([H:23])[H:24])[H:26],[H:25][C:8]1([C:7]([N+:6]([C:11]([C:10]([N+:9]1([H:27])[H:28])([H:29])[H:30])([H:31])[H:32])([H:22])[C:5]([H:20])([H:21])[C:4]([H:18])([H:19])[N:2]([C:1]([H:12])([H:13])[H:14])[C:3]([H:15])([H:16])[H:17])([H:23])[H:24])[H:26]
[H:12][C:1](=[O:2])[C@@:3]([H:13])([C:4]([H:14])([H:15])[B:5]([O:6][H:16])[O:7][H:17])[N:8]([H:18])[C:9](=[O:11])[N:10]([H:19])[H:20],[H:12][C:1](=[O:2])[C@@:3]([H:13])([C:4]([H:14])([H:15])[B:5]([O:6][H:16])[O:7][H:17])[N:8]([H:18])[C:9](=[O:11])[N:10]([H:19])[H:20]
[I:1][c:2]1[c:3]([H:12])[c:4]([H:13])[c:5]([C@@:6]2([H:14])[C:7]([H:15])([H:16])[C:8]([H:17])([H:18])[N+:9]2([H:19])[H:20])[c:10]([H:21])[c:11]1[H:22],[I:1][c:2]1[c:3]([H:12])[c:4]([H:13])[c:5]([C@:6]2([H:14])[C:7]([H:15])([H:16])[C:8]([H:17])([H:18])[N+:9]2([H:19])[H:20])[c:10]([H:21])[c:11]1[H:22]
[H:16][C:3]1([C:4]([C:5]([N:6]([N:7]([C:2]1([H:15])[C:1]([H:12])([H:13])[H:14])[H:20])[H:19])([H:18])[C:8]([H:21])([H:22])[N:9]([H:23])[H:24])([H:17])[O:10][H:25])[O:11][H:26],[H:16][C:3]1([C:4]([C:5]([N:6]([N:7]([C:2]1([H:15])[C:1]([H:12])([H:13])[H:14])[H:20])[H:19])([H:18])[C:8]([H:21])([H:22])[N:9]([H:23])[H:24])([H:17])[O:10][H:25])[O:11][H:26]
[H:9][C:1]([H:10])([H:11])[C:2]([H:12])([C:3]([C:4]([H:13])([H:14])[H:15])([C:5]([H:16])([H:17])[H:18])[O:6][H:19])[N:7]([H:20])[C:8]([H:21])([H:22])[H:23],[H:9][C:1]([H:10])([H:11])[C:2]([H:12])([C:3]([C:4]([H:13])([H:14])[H:15])([C:5]([H:16])([H:17])[H:18])[O:6][H:19])[N:7]([H:20])[C:8]([H:21])([H:22])[H:23]
[H:23][C:11](=[O:12])[C:10]([H:21])([H:22])[S:9][C:6]1=[N:7][N:8]=[C:4]([N:5]1[H:20])[C:2]([H:16])([C:1]([H:13])([H:14])[H:15])[C:3]([H:17])([H:18])[H:19],[H:23][C:11](=[O:12])[C:10]([H:21])([H:22])[S:9][C:6]1=[N:7][N:8]=[C:4]([N:5]1[H:20])[C:2]([H:16])([C:1]([H:13])([H:14])[H:15])[C:3]([H:17])([H:18])[H:19]
[H:23][C:7](=[O:8])[C:6]([H:21])([H:22])[N+:4]1([C:5]([C:1]([C:2]([C:3]1([H:17])[C:9]([H:24])([H:25])[C:10]([H:26])([H:27])[C:11]([H:28])([H:29])[O:12][H:30])([H:15])[H:16])([H:13])[H:14])([H:19])[H:20])[H:18],[H:23][C:7](=[O:8])[C:6]([H:21])([H:22])[N+:4]1([C:5]([C:1]([C:2]([C:3]1([H:17])[C:9]([H:24])([H:25])[C:10]([H:26])([H:27])[C:11]([H:28])([H:29])[O:12][H:30])([H:15])[H:16])([H:13])[H:14])([H:19])[H:20])[H:18]
[H:12][C:1]([H:13])([H:14])[C:2]([H:15])([H:16])[N:3]([H:17])[C:4]1=[N:5][N:6]=[C:7]([O:8]1)[C:9]([H:18])([F:10])[F:11],[H:12][C:1]([H:13])([H:14])[C:2]([H:15])([H:16])[N:3]([H:17])[C:4]1=[N:5][N:6]=[C:7]([O:8]1)[C:9]([H:18])([F:10])[F:11]
[H:20][C:4]1=[C:5]([C:9]([C@:10]([C@:2]([C:3]1([H:18])[H:19])([H:17])[N:1]([H:15])[H:16])([H:25])[N:11]([H:26])/[C:12](=[N:13]/[H:27])/[N:14]([H:28])[H:29])([H:23])[H:24])[B:6]([O:7][H:21])[O:8][H:22],[H:20][C:4]1=[C:5]([C:9]([C@@:10]([C@@:2]([C:3]1([H:18])[H:19])([H:17])[N:1]([H:15])[H:16])([H:25])[N:11]([H:26])/[C:12](=[N:13]\[H:27])/[N:14]([H:28])[H:29])([H:23])[H:24])[B:6]([O:7][H:21])[O:8][H:22]
[H:12][C:1](=[C:2]([H:14])[C:3]([H:15])([H:16])[N:4]1[C:5]([C:6]([N+:7]([C:8]([C:9]1([H:24])[H:25])([H:23])[C:10](=[O:11])[H:26])([H:21])[H:22])([H:19])[H:20])([H:17])[H:18])[H:13],[H:12][C:1](=[C:2]([H:14])[C:3]([H:15])([H:16])[N:4]1[C:5]([C:6]([N+:7]([C:8]([C:9]1([H:24])[H:25])([H:23])[C:10](=[O:11])[H:26])([H:21])[H:22])([H:19])[H:20])([H:17])[H:18])[H:13]
[N:1](=[C:2](\[N:3]([H:13])[H:14])[c:4]1[c:5]([H:15])[c:6]([I:7])[n:8][c:9]([I:10])[c:11]1[H:16])\[H:12],[N:1](=[C:2](/[N:3]([H:13])[H:14])[c:4]1[c:5]([H:15])[c:6]([I:7])[n:8][c:9]([I:10])[c:11]1[H:16])\[H:12]
[H:11][C:1]([H:12])([H:13])[C:2]([H:14])([C:3]([H:15])([H:16])[N+:4]([H:17])([H:18])[C:5]([H:19])([H:20])[C:6]([C:7]([H:21])([H:22])[H:23])([C:8]([H:24])([H:25])[H:26])[N+:9]([H:27])([H:28])[H:29])[O:10][H:30],[H:11][C:1]([H:12])([H:13])[C:2]([H:14])([C:3]([H:15])([H:16])[N+:4]([H:17])([H:18])[C:5]([H:19])([H:20])[C:6]([C:7]([H:21])([H:22])[H:23])([C:8]([H:24])([H:25])[H:26])[N+:9]([H:27])([H:28])[H:29])[O:10][H:30]
[H:13][c:2]1[c:1]([c:6]([c:5]([c:4]([c:3]1[C:10]([H:20])([H:21])[O:11][H:22])[C:8]([H:17])([H:18])[O:9][H:19])[H:14])[N:7]([H:15])[H:16])[H:12],[H:13][c:2]1[c:1]([c:6]([c:5]([c:4]([c:3]1[C:10]([H:20])([H:21])[O:11][H:22])[C:8]([H:17])([H:18])[O:9][H:19])[H:14])[N:7]([H:15])[H:16])[H:12]
[H:8][C:1]([H:9])([H:10])[C:2]([H:11])([H:12])[N:3]([C:4]([H:13])([H:14])[H:15])[C:5]([H:16])([H:17])[C:6]([H:18])([H:19])[N:7]([H:20])[H:21],[H:8][C:1]([H:9])([H:10])[C:2]([H:11])([H:12])[N:3]([C:4]([H:13])([H:14])[H:15])[C:5]([H:16])([H:17])[C:6]([H:18])([H:19])[N:7]([H:20])[H:21]
[H:12][C:1]1([C:2]([C:3]([C:4]([C:5]([C:6]1([H:21])[H:22])([H:19])[H:20])([H:18])[C:7]2([C:8]([C:9]2([H:26])[C:10]([H:27])([H:28])[N:11]([H:29])[H:30])([H:24])[H:25])[H:23])([H:16])[H:17])([H:14])[H:15])[H:13],[H:12][C:1]1([C:2]([C:3]([C:4]([C:5]([C:6]1([H:21])[H:22])([H:19])[H:20])([H:18])[C:7]2([C:8]([C:9]2([H:26])[C:10]([H:27])([H:28])[N:11]([H:29])[H:30])([H:24])[H:25])[H:23])([H:16])[H:17])([H:14])[H:15])[H:13]
[H:18][C:1](=[O:2])[C@@:3]([C:4]([H:19])([H:20])[C:5]([H:21])([H:22])[C:6]([H:23])([H:24])[C:7]([H:25])([H:26])[B:8]([O:9][H:27])[O:10][H:28])([C:11]([H:29])([H:30])[N:12]([H:31])/[C:13](=[N:14]/[H:32])/[N:15]([H:33])[H:34])[N:16]([H:35])[C:17]([H:36])([H:37])[H:38],[H:18][C:1](=[O:2])[C@@:3]([C:4]([H:19])([H:20])[C:5]([H:21])([H:22])[C:6]([H:23])([H:24])[C:7]([H:25])([H:26])[B:8]([O:9][H:27])[O:10][H:28])([C:11]([H:29])([H:30])[N:12]([H:31])/[C:13](=[N:14]\[H:32])/[N:15]([H:33])[H:34])[N:16]([H:35])[C:17]([H:36])([H:37])[H:38]
[H:20][C:8](=[C:7]([C:4]1([C:3](=[C:2]([C:6]([C:5]1([H:16])[H:17])([H:18])[H:19])[C:1]([H:12])([H:13])[H:14])[C:10]([H:25])([H:26])[O:11][H:27])[H:15])[C:9]([H:22])([H:23])[H:24])[H:21],[H:20][C:8](=[C:7]([C:4]1([C:3](=[C:2]([C:6]([C:5]1([H:16])[H:17])([H:18])[H:19])[C:1]([H:12])([H:13])[H:14])[C:10]([H:25])([H:26])[O:11][H:27])[H:15])[C:9]([H:22])([H:23])[H:24])[H:21]
[H:15][C:3]1=[C:4]([C:5](=[N:6][N:2]1[C:1]([H:12])([H:13])[H:14])[H:16])[C:7]([H:17])([C:8](=[O:9])[H:18])[O:10][C:11]([H:19])([H:20])[H:21],[H:15][C:3]1=[C:4]([C:5](=[N:6][N:2]1[C:1]([H:12])([H:13])[H:14])[H:16])[C:7]([H:17])([C:8](=[O:9])[H:18])[O:10][C:11]([H:19])([H:20])[H:21]
[N+:1]([C@@:2]([C:3](=[O:4])[H:15])([C@:5]1([H:16])[C:6]([H:17])([H:18])[C:7]([I:8])=[N:9][O:10]1)[H:14])([H:11])([H:12])[H:13],[N+:1]([C@@:2]([C:3](=[O:4])[H:15])([C@@:5]1([H:16])[C:6]([H:17])([H:18])[C:7]([I:8])=[N:9][O:10]1)[H:14])([H:11])([H:12])[H:13]
[H:21][C:7]1=[C:6]([C:11]([N:10]([C:9]([C:8]1([H:22])[H:23])([H:24])[H:25])[H:26])([H:27])[H:28])[C:5]([H:19])([H:20])[C:4]([H:17])([H:18])[C:3]([H:15])([H:16])[O:2][C:1]([H:12])([H:13])[H:14],[H:21][C:7]1=[C:6]([C:11]([N:10]([C:9]([C:8]1([H:22])[H:23])([H:24])[H:25])[H:26])([H:27])[H:28])[C:5]([H:19])([H:20])[C:4]([H:17])([H:18])[C:3]([H:15])([H:16])[O:2][C:1]([H:12])([H:13])[H:14]
[H:11][C:1]([H:12])([H:13])[C:2]([H:14])([C:3]([H:15])([H:16])[H:17])[C:4]([H:18])([H:19])[C:5]([H:20])([C:6]([H:21])([H:22])[N:7]([H:23])[H:24])[N+:8]([H:25])([C:9]([H:26])([H:27])[H:28])[C:10]([H:29])([H:30])[H:31],[H:11][C:1]([H:12])([H:13])[C:2]([H:14])([C:3]([H:15])([H:16])[H:17])[C:4]([H:18])([H:19])[C:5]([H:20])([C:6]([H:21])([H:22])[N:7]([H:23])[H:24])[N+:8]([H:25])([C:9]([H:26])([H:27])[H:28])[C:10]([H:29])([H:30])[H:31]
[H:11][C:1]([H:12])([H:13])[C:2]([H:14])([H:15])[S:3](=[O:4])(=[O:5])[C:6]([H:16])([H:17])[C:7]([H:18])([C:8]([H:19])([H:20])[H:21])[O:9][C:10]([H:22])([H:23])[H:24],[H:11][C:1]([H:12])([H:13])[C:2]([H:14])([H:15])[S:3](=[O:4])(=[O:5])[C:6]([H:16])([H:17])[C:7]([H:18])([C:8]([H:19])([H:20])[H:21])[O:9][C:10]([H:22])([H:23])[H:24]
[H:23][c:9]1[c:8]([c:7]([c:6]([c:11]([c:10]1[H:24])[H:25])[Si:3]([C:4]([H:15])([H:16])[H:17])([C:5]([H:18])([H:19])[H:20])[C:2]([H:13])([H:14])[O:1][H:12])[H:21])[H:22],[H:23][c:9]1[c:8]([c:7]([c:6]([c:11]([c:10]1[H:24])[H:25])[Si:3]([C:4]([H:15])([H:16])[H:17])([C:5]([H:18])([H:19])[H:20])[C:2]([H:13])([H:14])[O:1][H:12])[H:21])[H:22]
[H:24][C:7]1([C:8]([N:9]([C:10]([C:6]1([H:23])[C:5]([H:21])([H:22])[N+:4]([H:19])([H:20])[C:3]([H:17])([H:18])[C:2]([H:16])([C:1]([H:13])([H:14])[H:15])[O:11][C:12]([H:31])([H:32])[H:33])([H:29])[H:30])[H:28])([H:26])[H:27])[H:25],[H:24][C:7]1([C:8]([N:9]([C:10]([C:6]1([H:23])[C:5]([H:21])([H:22])[N+:4]([H:19])([H:20])[C:3]([H:17])([H:18])[C:2]([H:16])([C:1]([H:13])([H:14])[H:15])[O:11][C:12]([H:31])([H:32])[H:33])([H:29])[H:30])[H:28])([H:26])[H:27])[H:25]
[H:12][C:1]1([C:2]([N+:3]([C:4]([C:5]([C:6]1([H:21])[N+:7]([H:22])([H:23])[H:24])([H:19])[H:20])([H:17])[H:18])([H:16])[C:8]([H:25])([H:26])[C:9](=[O:10])[N:11]([H:27])[H:28])([H:14])[H:15])[H:13],[H:12][C:1]1([C:2]([N+:3]([C:4]([C:5]([C:6]1([H:21])[N+:7]([H:22])([H:23])[H:24])([H:19])[H:20])([H:17])[H:18])([H:16])[C:8]([H:25])([H:26])[C:9](=[O:10])[N:11]([H:27])[H:28])([H:14])[H:15])[H:13]
[H:12][C:1]1([C:2]([C:3]([N:4]([C:5]([C:6]1([H:20])[H:21])([H:19])[C:7]([H:22])([C:8]([H:23])([H:24])[C:9]([H:25])([H:26])[O:10][H:27])[O:11][H:28])[H:18])([H:16])[H:17])([H:14])[H:15])[H:13],[H:12][C:1]1([C:2]([C:3]([N:4]([C:5]([C:6]1([H:20])[H:21])([H:19])[C:7]([H:22])([C:8]([H:23])([H:24])[C:9]([H:25])([H:26])[O:10][H:27])[O:11][H:28])[H:18])([H:16])[H:17])([H:14])[H:15])[H:13]
[H:13][c:1]1[c:2]([c:3]([c:4]([c:5]([c:6]1[H:15])[Br:7])[C:8](=[O:9])[C:10]([H:16])([H:17])[O:11][H:18])[F:12])[H:14],[H:13][c:1]1[c:2]([c:3]([c:4]([c:5]([c:6]1[H:15])[Br:7])[C:8](=[O:9])[C:10]([H:16])([H:17])[O:11][H:18])[F:12])[H:14]
[O:1]=[C:2]1[O:3][C@@:4]([O:5][H:10])([H:9])[C:6]([H:11])=[C:7]1[I:8],[O:1]=[C:2]1[O:3][C@:4]([O:5][H:10])([H:9])[C:6]([H:11])=[C:7]1[I:8]
[H:13][C:1](=[C:2]([H:15])[C:3]([H:16])([H:17])[C:4]1([C:5]([C:6]([C:7]([N:8]([C:9]1([H:25])[H:26])[H:24])([H:22])[H:23])([H:20])[H:21])([H:18])[H:19])[C:10](=[O:11])[O-:12])[H:14],[H:13][C:1](=[C:2]([H:15])[C:3]([H:16])([H:17])[C:4]1([C:5]([C:6]([C:7]([N:8]([C:9]1([H:25])[H:26])[H:24])([H:22])[H:23])([H:20])[H:21])([H:18])[H:19])[C:10](=[O:11])[O-:12])[H:14]
[H:23][C:7]1=[C:8]([N:9]([N:10]=[C:6]1[C:4]([H:19])([C:5]([H:20])([H:21])[H:22])[C:3]([H:17])([H:18])[C:2]([H:15])([H:16])[C:1]([H:12])([H:13])[H:14])[H:24])[N:11]([H:25])[H:26],[H:23][C:7]1=[C:8]([N:9]([N:10]=[C:6]1[C:4]([H:19])([C:5]([H:20])([H:21])[H:22])[C:3]([H:17])([H:18])[C:2]([H:15])([H:16])[C:1]([H:12])([H:13])[H:14])[H:24])[N:11]([H:25])[H:26]
[H:18][C:6](=[C:5]([H:17])[C:4]([H:16])([C:3]([H:14])([H:15])[C:2]([H:12])([H:13])[C:1]([H:9])([H:10])[H:11])[O:8][H:22])[C:7]([H:19])([H:20])[H:21],[H:18][C:6](=[C:5]([H:17])[C:4]([H:16])([C:3]([H:14])([H:15])[C:2]([H:12])([H:13])[C:1]([H:9])([H:10])[H:11])[O:8][H:22])[C:7]([H:19])([H:20])[H:21]
[H:14][C:3](=[O:4])[C:2]([H:13])([C:1]([H:10])([H:11])[H:12])[C:5]([H:15])([C:6]([H:16])([H:17])[N:7]([H:18])[C:8]([H:19])([H:20])[H:21])[O:9][H:22],[H:14][C:3](=[O:4])[C:2]([H:13])([C:1]([H:10])([H:11])[H:12])[C:5]([H:15])([C:6]([H:16])([H:17])[N:7]([H:18])[C:8]([H:19])([H:20])[H:21])[O:9][H:22]
[C:1]([C@@:2]1([I:3])[C:4](=[O:5])[N:6]([H:16])[C:7](=[O:8])[N:9]([H:17])[C@@:10]1([C:11](=[O:12])[H:19])[H:18])([H:13])([H:14])[H:15],[C:1]([C@@:2]1([I:3])[C:4](=[O:5])[N:6]([H:16])[C:7](=[O:8])[N:9]([H:17])[C@:10]1([C:11](=[O:12])[H:19])[H:18])([H:13])([H:14])[H:15]
[C:1]([C@@:2]1([H:16])[C:3]([H:17])([H:18])[O:4][c:5]2[c:6]([I:7])[c:8]([H:19])[c:9]([H:20])[c:10]([H:21])[c:11]2[S:12]1)([H:13])([H:14])[H:15],[C:1]([C@:2]1([H:16])[C:3]([H:17])([H:18])[O:4][c:5]2[c:6]([I:7])[c:8]([H:19])[c:9]([H:20])[c:10]([H:21])[c:11]2[S:12]1)([H:13])([H:14])[H:15]
[H:10][C:9]([H:11])([C:3]([H:4])([C:5]([Br:6])([Br:7])[Br:8])[O:2][H:1])[S:12](=[O:13])[O-:14],[H:10][C:9]([H:11])([C:3]([H:4])([C:5]([Br:6])([Br:7])[Br:8])[O:2][H:1])[S:12](=[O:13])[O-:14]
[H:26][C:9](=[C:8]([C:10]([H:28])([H:29])[H:30])[C:7]([H:24])([H:25])[C:6]([H:22])([H:23])[C:4]([H:18])([C:5]([H:19])([H:20])[H:21])[N+:3]([H:16])([H:17])[C:2]([H:14])([H:15])[C:1]([H:11])([H:12])[H:13])[H:27],[H:26][C:9](=[C:8]([C:10]([H:28])([H:29])[H:30])[C:7]([H:24])([H:25])[C:6]([H:22])([H:23])[C:4]([H:18])([C:5]([H:19])([H:20])[H:21])[N+:3]([H:16])([H:17])[C:2]([H:14])([H:15])[C:1]([H:11])([H:12])[H:13])[H:27]
[H:21][C:8]1=[C:7]([N:11]=[C:10]([S:9]1)[H:22])[C:4]([C:2](=[O:3])[C:1]([H:12])([H:13])[H:14])([C:5]([H:15])([H:16])[H:17])[C:6]([H:18])([H:19])[H:20],[H:21][C:8]1=[C:7]([N:11]=[C:10]([S:9]1)[H:22])[C:4]([C:2](=[O:3])[C:1]([H:12])([H:13])[H:14])([C:5]([H:15])([H:16])[H:17])[C:6]([H:18])([H:19])[H:20]
[H:6][C:1]([H:7])([C:2]([H:8])([H:9])[O:3][N:4]([H:10])[H:11])[O:5][H:12],[H:6][C:1]([H:7])([C:2]([H:8])([H:9])[O:3][N:4]([H:10])[H:11])[O:5][H:12]
[H:20][C:7]1=[C:6]([N:5]=[C:4]([S:8]1)[C:2]([H:16])([C:1]([H:13])([H:14])[H:15])[C:3]([H:17])([H:18])[H:19])[C:9]([H:21])([C:10]([H:22])([H:23])[O:11][H:24])[N:12]([H:25])[H:26],[H:20][C:7]1=[C:6]([N:5]=[C:4]([S:8]1)[C:2]([H:16])([C:1]([H:13])([H:14])[H:15])[C:3]([H:17])([H:18])[H:19])[C:9]([H:21])([C:10]([H:22])([H:23])[O:11][H:24])[N:12]([H:25])[H:26]
[H:19][C:5](=[O:6])[C:4]([H:18])([C:2]([H:14])([C:1]([H:11])([H:12])[H:13])[C:3]([H:15])([H:16])[H:17])[C:7]([H:20])([C:8]([H:21])([H:22])[H:23])[N:9]=[N:10][H:24],[H:19][C:5](=[O:6])[C:4]([H:18])([C:2]([H:14])([C:1]([H:11])([H:12])[H:13])[C:3]([H:15])([H:16])[H:17])[C:7]([H:20])([C:8]([H:21])([H:22])[H:23])[N:9]=[N:10][H:24]
[H:1][O:2][P:3](=[O:4])([C:6]([P:9](=[O:10])([O-:11])[O:12][H:13])([Br:7])[Br:8])[O-:5],[H:1][O:2][P:3](=[O:4])([C:6]([P:9](=[O:10])([O-:11])[O:12][H:13])([Br:7])[Br:8])[O-:5]
[H:15][C:2](=[O:3])[C:1]([H:13])([H:14])[S:4][C:5]([H:16])([H:17])[C:6]1=[N:10][O:9][N:8]=[C:7]1[C:11]#[N:12],[H:15][C:2](=[O:3])[C:1]([H:13])([H:14])[S:4][C:5]([H:16])([H:17])[C:6]1=[N:10][O:9][N:8]=[C:7]1[C:11]#[N:12]
[O:1]=[N+:2]([O-:3])[C@:4]([I:5])([C@:6]([I:7])([C:8]([I:9])([H:12])[H:13])[H:11])[H:10],[O:1]=[N+:2]([O-:3])[C@@:4]([I:5])([C@@:6]([I:7])([C:8]([I:9])([H:12])[H:13])[H:11])[H:10]
[H:16][C@@:5]([C:7]#[N:8])([C:6]([H:17])([H:18])[H:19])[Si:2]([C:3]([H:10])([H:11])[H:12])([C:4]([H:13])([H:14])[H:15])[O:1][H:9],[H:16][C@:5]([C:7]#[N:8])([C:6]([H:17])([H:18])[H:19])[Si:2]([C:3]([H:10])([H:11])[H:12])([C:4]([H:13])([H:14])[H:15])[O:1][H:9]
[N+:1]([C@:2]1([H:16])[C:3](=[O:4])[C@@:5]([O:6][H:18])([H:17])[C:7]2=[C:8]([H:19])[S:9][C:10]([I:11])=[C:12]12)([H:13])([H:14])[H:15],[N+:1]([C@:2]1([H:16])[C:3](=[O:4])[C@:5]([O:6][H:18])([H:17])[C:7]2=[C:8]([H:19])[S:9][C:10]([I:11])=[C:12]12)([H:13])([H:14])[H:15]
[H:9][C:1]([H:10])([H:11])[N+:2](=[C:3]([N:4]([H:13])[H:14])[N:5]([H:15])[C:6]([H:16])([H:17])[C:7]([H:18])([H:19])[N:8]([H:20])[H:21])[H:12],[H:9][C:1]([H:10])([H:11])[N+:2](=[C:3]([N:4]([H:13])[H:14])[N:5]([H:15])[C:6]([H:16])([H:17])[C:7]([H:18])([H:19])[N:8]([H:20])[H:21])[H:12]
[I:1][C:2]1=[C:6]2[C:5](=[C:4]([H:13])[O:3]1)[N:12]([H:22])[C:11]([H:20])([H:21])[C@:7]2([C:8]1([H:15])[C:9]([H:16])([H:17])[C:10]1([H:18])[H:19])[H:14],[I:1][C:2]1=[C:6]2[C:5](=[C:4]([H:13])[O:3]1)[N:12]([H:22])[C:11]([H:20])([H:21])[C@@:7]2([C:8]1([H:15])[C:9]([H:16])([H:17])[C:10]1([H:18])[H:19])[H:14]
[H:10][C:1]([H:11])([H:12])[C:2]([H:13])([C:3]([H:14])([H:15])[H:16])[C:4]([H:17])([H:18])[C:5]([H:19])([H:20])[C:6]([C:7]([H:21])([H:22])[H:23])([C:8]([H:24])([H:25])[H:26])[O:9][H:27],[H:10][C:1]([H:11])([H:12])[C:2]([H:13])([C:3]([H:14])([H:15])[H:16])[C:4]([H:17])([H:18])[C:5]([H:19])([H:20])[C:6]([C:7]([H:21])([H:22])[H:23])([C:8]([H:24])([H:25])[H:26])[O:9][H:27]
[H:14][C:1](=[O:2])[C:3]([H:15])([H:16])[C:4]([H:17])([H:18])[C:5]([H:19])([H:20])[O:6][Si:7]([C:8]([H:21])([H:22])[H:23])([C:9]([H:24])([H:25])[H:26])[C:10]([C:11]([H:27])([H:28])[H:29])([C:12]([H:30])([H:31])[H:32])[C:13]([H:33])([H:34])[H:35],[H:14][C:1](=[O:2])[C:3]([H:15])([H:16])[C:4]([H:17])([H:18])[C:5]([H:19])([H:20])[O:6][Si:7]([C:8]([H:21])([H:22])[H:23])([C:9]([H:24])([H:25])[H:26])[C:10]([C:11]([H:27])([H:28])[H:29])([C:12]([H:30])([H:31])[H:32])[C:13]([H:33])([H:34])[H:35]
[H:17][C:5]1=[C:4]([N+:3](=[C:7]([N:6]1[H:18])[C:8]([H:19])([H:20])[N:9]=[O:10])[C:2]([H:14])([H:15])[C:1]([H:11])([H:12])[H:13])[H:16],[H:17][C:5]1=[C:4]([N+:3](=[C:7]([N:6]1[H:18])[C:8]([H:19])([H:20])[N:9]=[O:10])[C:2]([H:14])([H:15])[C:1]([H:11])([H:12])[H:13])[H:16]
[H:9][C:1]([H:10])([C:2]([H:11])([H:12])[O:3][H:13])[C:4]([H:14])([H:15])[S:5][C:6]([H:16])([H:17])[C:7]([H:18])([H:19])[O:8][H:20],[H:9][C:1]([H:10])([C:2]([H:11])([H:12])[O:3][H:13])[C:4]([H:14])([H:15])[S:5][C:6]([H:16])([H:17])[C:7]([H:18])([H:19])[O:8][H:20]
[H:21][C:10](=[O:11])[C:9]([H:19])([H:20])[C:5]1=[C:4]([N:3]([C:7](=[O:8])[N:6]1[H:18])[C:2]([H:16])([H:17])[C:1]([H:13])([H:14])[H:15])[O-:12],[H:21][C:10](=[O:11])[C:9]([H:19])([H:20])[C:5]1=[C:4]([N:3]([C:7](=[O:8])[N:6]1[H:18])[C:2]([H:16])([H:17])[C:1]([H:13])([H:14])[H:15])[O-:12]
[H:11][C:1]([H:12])([H:13])[C:2]([H:14])([H:15])[C:3]([H:16])([H:17])[C:4]([H:18])([H:19])[C:5]([H:20])([H:21])[C:6]([C:7]([H:22])([H:23])[H:24])([C:8]([H:25])([H:26])[H:27])[O:9][C:10]([H:28])([H:29])[H:30],[H:11][C:1]([H:12])([H:13])[C:2]([H:14])([H:15])[C:3]([H:16])([H:17])[C:4]([H:18])([H:19])[C:5]([H:20])([H:21])[C:6]([C:7]([H:22])([H:23])[H:24])([C:8]([H:25])([H:26])[H:27])[O:9][C:10]([H:28])([H:29])[H:30]
[H:17][C:3]1([C:4]([C:5]([C:6]([C:7]([C:2]1([H:16])[C:1]([H:13])([H:14])[H:15])([H:24])[H:25])([H:22])[H:23])([H:21])[C:8]([H:26])([H:27])[N+:9]([H:28])([H:29])[C:10]([H:30])([C:11]([H:31])([H:32])[H:33])[C:12]([H:34])([H:35])[H:36])([H:19])[H:20])[H:18],[H:17][C:3]1([C:4]([C:5]([C:6]([C:7]([C:2]1([H:16])[C:1]([H:13])([H:14])[H:15])([H:24])[H:25])([H:22])[H:23])([H:21])[C:8]([H:26])([H:27])[N+:9]([H:28])([H:29])[C:10]([H:30])([C:11]([H:31])([H:32])[H:33])[C:12]([H:34])([H:35])[H:36])([H:19])[H:20])[H:18]
[H:24][C:10](=[O:11])[C:4]1([C:5]([N:6]([C:7]([C:8]([O:9]1)([H:22])[H:23])([H:20])[H:21])[H:19])([H:17])[H:18])[C:3]([H:15])([H:16])[O:2][C:1]([H:12])([H:13])[H:14],[H:24][C:10](=[O:11])[C:4]1([C:5]([N:6]([C:7]([C:8]([O:9]1)([H:22])[H:23])([H:20])[H:21])[H:19])([H:17])[H:18])[C:3]([H:15])([H:16])[O:2][C:1]([H:12])([H:13])[H:14]
[H:19][c:7]1[c:8]([c:9]([n:10][c:5]([c:6]1[H:18])[C:4]([H:16])([H:17])[C:3]([H:14])([H:15])[C:2](=[C:1]([H:11])[H:12])[H:13])[H:21])[H:20],[H:19][c:7]1[c:8]([c:9]([n:10][c:5]([c:6]1[H:18])[C:4]([H:16])([H:17])[C:3]([H:14])([H:15])[C:2](=[C:1]([H:11])[H:12])[H:13])[H:21])[H:20]
[C:1]([S:2][C@:3]([C:4]([H:12])([H:13])[H:14])([C:5](=[O:6])[H:15])[C:7]([I:8])([H:16])[H:17])([H:9])([H:10])[H:11],[C:1]([S:2][C@@:3]([C:4]([H:12])([H:13])[H:14])([C:5](=[O:6])[H:15])[C:7]([I:8])([H:16])[H:17])([H:9])([H:10])[H:11]
[H:8][C:1]([H:9])([H:10])[C:2]([H:11])([C:3]([H:12])([H:13])[C:4]([H:14])([H:15])[O:5][H:16])[C:6]([H:17])([H:18])[N:7]([H:19])[H:20],[H:8][C:1]([H:9])([H:10])[C:2]([H:11])([C:3]([H:12])([H:13])[C:4]([H:14])([H:15])[O:5][H:16])[C:6]([H:17])([H:18])[N:7]([H:19])[H:20]
[H:20][C:7]1([C:6]([C:5]([C:8]1([H:22])[H:23])([C:4]([H:16])([H:17])[C:3]([H:14])([H:15])[O:2][C:1]([H:11])([H:12])[H:13])[C:9]([H:24])([H:25])[N:10]([H:26])[H:27])([H:18])[H:19])[H:21],[H:20][C:7]1([C:6]([C:5]([C:8]1([H:22])[H:23])([C:4]([H:16])([H:17])[C:3]([H:14])([H:15])[O:2][C:1]([H:11])([H:12])[H:13])[C:9]([H:24])([H:25])[N:10]([H:26])[H:27])([H:18])[H:19])[H:21]
[H:13][C:1]1=[C:5]([S:4][C:3](=[C:2]1[H:14])[C:6]2([N:7]([C:8]([C:9]([O:10]2)([H:20])[C:11]([H:21])([H:22])[O:12][H:23])([H:18])[H:19])[H:17])[H:16])[H:15],[H:13][C:1]1=[C:5]([S:4][C:3](=[C:2]1[H:14])[C:6]2([N:7]([C:8]([C:9]([O:10]2)([H:20])[C:11]([H:21])([H:22])[O:12][H:23])([H:18])[H:19])[H:17])[H:16])[H:15]
[H:19][C:6]1=[C:7]([C:8]([C:3]([C:4](=[C:5]1[H:18])[H:17])([C:10]([H:23])([H:24])[O:11][H:25])[C:2]([H:16])([C:1]([H:13])([H:14])[H:15])[O:12][H:26])([H:21])[O:9][H:22])[H:20],[H:19][C:6]1=[C:7]([C:8]([C:3]([C:4](=[C:5]1[H:18])[H:17])([C:10]([H:23])([H:24])[O:11][H:25])[C:2]([H:16])([C:1]([H:13])([H:14])[H:15])[O:12][H:26])([H:21])[O:9][H:22])[H:20]
[H:20][C:12]([H:21])([H:22])[C:7]1=[C:6]([C:10](=[O:11])[N:9]([N:8]1[H:18])[H:19])[C:4](=[S:5])[S:3][C:2]([H:16])([H:17])[C:1]([H:13])([H:14])[H:15],[H:20][C:12]([H:21])([H:22])[C:7]1=[C:6]([C:10](=[O:11])[N:9]([N:8]1[H:18])[H:19])[C:4](=[S:5])[S:3][C:2]([H:16])([H:17])[C:1]([H:13])([H:14])[H:15]
[H:10][C:1]([H:11])([H:12])[C:2]([H:13])([H:14])[C:3]([C:4]([H:15])([H:16])[C:5]([H:17])([H:18])[H:19])([C:6]([H:20])([H:21])[N+:7]([H:22])([H:23])[C:8]([H:24])([H:25])[H:26])[O:9][H:27],[H:10][C:1]([H:11])([H:12])[C:2]([H:13])([H:14])[C:3]([C:4]([H:15])([H:16])[C:5]([H:17])([H:18])[H:19])([C:6]([H:20])([H:21])[N+:7]([H:22])([H:23])[C:8]([H:24])([H:25])[H:26])[O:9][H:27]
[H:11][C:2](=[N:3][O:4][C:5]([H:12])([H:13])[C:6]([H:14])([H:15])[N+:7]([H:16])([H:17])[H:18])[C:1]([H:8])([H:9])[H:10],[H:11][C:2](=[N:3][O:4][C:5]([H:12])([H:13])[C:6]([H:14])([H:15])[N+:7]([H:16])([H:17])[H:18])[C:1]([H:8])([H:9])[H:10]
[H:18][C:4](=[O:5])[C:3]([H:17])([C:6]1=[N:10][O:9][N:8]=[C:7]1[N:11]([H:19])[H:20])[C:2]([H:15])([H:16])[C:1]([H:12])([H:13])[H:14],[H:18][C:4](=[O:5])[C:3]([H:17])([C:6]1=[N:10][O:9][N:8]=[C:7]1[N:11]([H:19])[H:20])[C:2]([H:15])([H:16])[C:1]([H:12])([H:13])[H:14]
[H:15][C:7]([H:16])([H:17])[C:5](=[S:6])[O:4][C:3]([H:13])([H:14])[C:2]([H:11])([H:12])[C:1]([H:8])([H:9])[H:10],[H:15][C:7]([H:16])([H:17])[C:5](=[S:6])[O:4][C:3]([H:13])([H:14])[C:2]([H:11])([H:12])[C:1]([H:8])([H:9])[H:10]
[O:1]=[P:2]([O-:3])([O-:4])[O:5][C@:6]1([H:13])[C:7]([H:14])([H:15])[O:8][C@:9]([C:10]([I:11])([H:17])[H:18])([H:16])[C:12]1([H:19])[H:20],[O:1]=[P:2]([O-:3])([O-:4])[O:5][C@:6]1([H:13])[C:7]([H:14])([H:15])[O:8][C@@:9]([C:10]([I:11])([H:17])[H:18])([H:16])[C:12]1([H:19])[H:20]
[H:11][C:1]1([C:2]([C:3]([C:4]([C:5]([C:6]1([H:20])[H:21])([H:18])[H:19])([H:17])[C:7]([H:22])([C:8]([H:23])([H:24])[N+:9]([H:25])([H:26])[H:27])[O:10][H:28])([H:15])[H:16])([H:13])[H:14])[H:12],[H:11][C:1]1([C:2]([C:3]([C:4]([C:5]([C:6]1([H:20])[H:21])([H:18])[H:19])([H:17])[C:7]([H:22])([C:8]([H:23])([H:24])[N+:9]([H:25])([H:26])[H:27])[O:10][H:28])([H:15])[H:16])([H:13])[H:14])[H:12]
[H:12][C:1]1=[C:2]([O:3][N:4]=[C:5]1[C:6]2([C:7]([N:8]([C:9]2([H:17])[H:18])[H:16])([H:14])[H:15])[H:13])[C:10]([H:19])([H:20])[O:11][H:21],[H:12][C:1]1=[C:2]([O:3][N:4]=[C:5]1[C:6]2([C:7]([N:8]([C:9]2([H:17])[H:18])[H:16])([H:14])[H:15])[H:13])[C:10]([H:19])([H:20])[O:11][H:21]
[H:12][C:1]([H:13])([H:14])[C:2]([H:15])([H:16])[N:3]([H:17])[C:4]1=[C:9]([C:7](=[O:8])[C:5]1=[O:6])[O:10][C:11]([H:18])([H:19])[H:20],[H:12][C:1]([H:13])([H:14])[C:2]([H:15])([H:16])[N:3]([H:17])[C:4]1=[C:9]([C:7](=[O:8])[C:5]1=[O:6])[O:10][C:11]([H:18])([H:19])[H:20]
[H:8][C:1]([H:9])([C:2]([H:10])([H:11])[O:3][H:12])[C:4]([H:13])([C:5]([H:14])([H:15])[F:6])[O:7][H:16],[H:8][C:1]([H:9])([C:2]([H:10])([H:11])[O:3][H:12])[C:4]([H:13])([C:5]([H:14])([H:15])[F:6])[O:7][H:16]
[H:13][C:1]1([C:5](=[C:4]([C:3]([C:2]1([H:15])[O:12][H:20])([H:16])[O:11][H:19])[C:7]([H:17])([H:18])[N:8]=[N+:9]=[N-:10])[F:6])[H:14],[H:13][C:1]1([C:5](=[C:4]([C:3]([C:2]1([H:15])[O:12][H:20])([H:16])[O:11][H:19])[C:7]([H:17])([H:18])[N:8]=[N+:9]=[N-:10])[F:6])[H:14]
[H:25][C:11]1([C:12]([C:10]1([H:24])[C:6]2([C:7](=[N+:8]([H:21])[H:22])[N:9]([C:4](=[N:5]2)[C:3]([H:18])([H:19])[C:2]([H:16])([H:17])[C:1]([H:13])([H:14])[H:15])[H:23])[H:20])([H:27])[H:28])[H:26],[H:25][C:11]1([C:12]([C:10]1([H:24])[C:6]2([C:7](=[N+:8]([H:21])[H:22])[N:9]([C:4](=[N:5]2)[C:3]([H:18])([H:19])[C:2]([H:16])([H:17])[C:1]([H:13])([H:14])[H:15])[H:23])[H:20])([H:27])[H:28])[H:26]
[H:18][C:9]([H:19])([H:20])[C:3](=[N:4][N:5]([H:15])[C:6](=[S:7])[N:8]([H:16])[H:17])[C:2]([H:13])([H:14])[C:1]([H:10])([H:11])[H:12],[H:18][C:9]([H:19])([H:20])[C:3](=[N:4][N:5]([H:15])[C:6](=[S:7])[N:8]([H:16])[H:17])[C:2]([H:13])([H:14])[C:1]([H:10])([H:11])[H:12]
[H:30][C:10]1([C:9]([C:8]([N+:12]([C:11]1([H:32])[H:33])([H:34])[H:35])([H:27])[C:7]([H:25])([H:26])[N:6]([H:24])[C:4]([H:20])([C:5]([H:21])([H:22])[H:23])[C:3]([H:18])([H:19])[C:2]([H:16])([H:17])[C:1]([H:13])([H:14])[H:15])([H:28])[H:29])[H:31],[H:30][C:10]1([C:9]([C:8]([N+:12]([C:11]1([H:32])[H:33])([H:34])[H:35])([H:27])[C:7]([H:25])([H:26])[N:6]([H:24])[C:4]([H:20])([C:5]([H:21])([H:22])[H:23])[C:3]([H:18])([H:19])[C:2]([H:16])([H:17])[C:1]([H:13])([H:14])[H:15])([H:28])[H:29])[H:31]
[H:15][C@@:6]1([C:5]([C:3](=[O:4])[C:2]([N:1]1[H:10])([H:11])[H:12])([H:13])[H:14])[B:7]([O:8][H:16])[O:9][H:17],[H:15][C@@:6]1([C:5]([C:3](=[O:4])[C:2]([N:1]1[H:10])([H:11])[H:12])([H:13])[H:14])[B:7]([O:8][H:16])[O:9][H:17]
[O:1]([C:2]([C@:3]1([H:12])[C:4]([H:13])([H:14])[C@@:5]([I:6])([H:15])[C:7]([H:16])([H:17])[O:8]1)([H:10])[H:11])[H:9],[O:1]([C:2]([C@:3]1([H:12])[C:4]([H:13])([H:14])[C@:5]([I:6])([H:15])[C:7]([H:16])([H:17])[O:8]1)([H:10])[H:11])[H:9]
[C:1]([C@:2]1([C:3]([I:4])([H:13])[H:14])[C:5]([H:15])([H:16])[C:6]([N:7]([H:17])[H:18])=[N+:8]([H:19])[O:9]1)([H:10])([H:11])[H:12],[C:1]([C@@:2]1([C:3]([I:4])([H:13])[H:14])[C:5]([H:15])([H:16])[C:6]([N:7]([H:17])[H:18])=[N+:8]([H:19])[O:9]1)([H:10])([H:11])[H:12]
[H:24][C:11]1=[N:10][N:9]=[C:8]([S:12]1)[C:6](=[N:7][H:23])[N:5]([H:22])[C:4]([H:20])([H:21])[C:3]([H:18])([H:19])[C:2]([H:16])([H:17])[C:1]([H:13])([H:14])[H:15],[H:24][C:11]1=[N:10][N:9]=[C:8]([S:12]1)[C:6](=[N:7][H:23])[N:5]([H:22])[C:4]([H:20])([H:21])[C:3]([H:18])([H:19])[C:2]([H:16])([H:17])[C:1]([H:13])([H:14])[H:15]
[H:17][C:1](=[O:2])[C@:3]1([C@:15]([C@:13]([C@@:11]([C@@:5]([O:4]1)([H:19])[O:6][Si:7]([C:8]([H:20])([H:21])[H:22])([O:9][H:23])[O:10][H:24])([H:25])[O:12][H:26])([H:27])[O:14][H:28])([H:29])[O:16][H:30])[H:18],[H:17][C:1](=[O:2])[C@:3]1([C@@:15]([C@:13]([C@:11]([C@:5]([O:4]1)([H:19])[O:6][Si:7]([C:8]([H:20])([H:21])[H:22])([O:9][H:23])[O:10][H:24])([H:25])[O:12][H:26])([H:27])[O:14][H:28])([H:29])[O:16][H:30])[H:18]
[H:18][C:4]1([C:3]([N+:2]([C:7]([C:6]([N:5]1[H:20])([H:21])[H:22])([H:23])[C:8]([H:24])([C:9]([H:25])([H:26])[N+:10]([H:27])([H:28])[H:29])[O:11][H:30])([H:15])[C:1]([H:12])([H:13])[H:14])([H:16])[H:17])[H:19],[H:18][C:4]1([C:3]([N+:2]([C:7]([C:6]([N:5]1[H:20])([H:21])[H:22])([H:23])[C:8]([H:24])([C:9]([H:25])([H:26])[N+:10]([H:27])([H:28])[H:29])[O:11][H:30])([H:15])[C:1]([H:12])([H:13])[H:14])([H:16])[H:17])[H:19]
[H:20][C:7](=[O:8])[C:2]([C:1]([H:10])([H:11])[H:12])([C:3]([H:13])([H:14])[C:4]([H:15])([H:16])[S:5][C:6]([H:17])([H:18])[H:19])[N+:9]([H:21])([H:22])[H:23],[H:20][C:7](=[O:8])[C:2]([C:1]([H:10])([H:11])[H:12])([C:3]([H:13])([H:14])[C:4]([H:15])([H:16])[S:5][C:6]([H:17])([H:18])[H:19])[N+:9]([H:21])([H:22])[H:23]
[H:13][C:1]([H:14])([H:15])[C:2]([H:16])([H:17])[C:3]([H:18])([H:19])[S:4](=[O:5])(=[O:6])[C:7]1=[N:11][N:10]=[C:9]([N:8]1[H:20])[N:12]([H:21])[H:22],[H:13][C:1]([H:14])([H:15])[C:2]([H:16])([H:17])[C:3]([H:18])([H:19])[S:4](=[O:5])(=[O:6])[C:7]1=[N:11][N:10]=[C:9]([N:8]1[H:20])[N:12]([H:21])[H:22]
[H:12][C:1]1=[C:2]([N+:3](=[C:4]([N:5]1[H:14])[S:6][C:7]([H:15])([H:16])[C:8]([H:17])([H:18])[O:9][H:19])[H:13])[C:10](=[O:11])[H:20],[H:12][C:1]1=[C:2]([N+:3](=[C:4]([N:5]1[H:14])[S:6][C:7]([H:15])([H:16])[C:8]([H:17])([H:18])[O:9][H:19])[H:13])[C:10](=[O:11])[H:20]
[H:25][c:5]1[c:6]([c:7]([c:8]([c:3]([c:4]1[H:24])[C:1](=[O:2])[H:23])[O:9][Si:10]([C:11]([H:28])([H:29])[H:30])([O:14][c:15]2[c:16]([c:17]([c:18]([c:19]([c:20]2[C:21](=[O:22])[H:38])[H:37])[H:36])[H:35])[H:34])[O:12][C:13]([H:31])([H:32])[H:33])[H:27])[H:26],[H:25][c:5]1[c:6]([c:7]([c:8]([c:3]([c:4]1[H:24])[C:1](=[O:2])[H:23])[O:9][Si:10]([C:11]([H:28])([H:29])[H:30])([O:14][c:15]2[c:16]([c:17]([c:18]([c:19]([c:20]2[C:21](=[O:22])[H:38])[H:37])[H:36])[H:35])[H:34])[O:12][C:13]([H:31])([H:32])[H:33])[H:27])[H:26]
[H:17][C:6]1([C:5]([C:7]1([H:19])[O:8][H:20])([H:16])[C:2]([H:12])([C:1]([H:9])([H:10])[H:11])[C:3]([H:13])([H:14])[O:4][H:15])[H:18],[H:17][C:6]1([C:5]([C:7]1([H:19])[O:8][H:20])([H:16])[C:2]([H:12])([C:1]([H:9])([H:10])[H:11])[C:3]([H:13])([H:14])[O:4][H:15])[H:18]
[H:11][C:1]([H:12])([H:13])[C:2]([H:14])([H:15])[O:3][C:4]([H:16])([H:17])[C:5]([C:6]([H:18])([F:7])[F:8])([F:9])[F:10],[H:11][C:1]([H:12])([H:13])[C:2]([H:14])([H:15])[O:3][C:4]([H:16])([H:17])[C:5]([C:6]([H:18])([F:7])[F:8])([F:9])[F:10]
[H:11][C:1](=[C:2]([H:13])[C:3]([H:14])([H:15])[O:4][N+:5](=[C:6]([C:9]#[N:10])[C:7](=[O:8])[H:17])[H:16])[H:12],[H:11][C:1](=[C:2]([H:13])[C:3]([H:14])([H:15])[O:4][N+:5](=[C:6]([C:9]#[N:10])[C:7](=[O:8])[H:17])[H:16])[H:12]
[H:20][C:6]1=[C:5]([N:9]=[C:8]([S:7]1)[C:10]([H:21])([H:22])[N:11]([H:23])[H:24])[C:4]([H:18])([H:19])[N:2]([C:1]([H:12])([H:13])[H:14])[C:3]([H:15])([H:16])[H:17],[H:20][C:6]1=[C:5]([N:9]=[C:8]([S:7]1)[C:10]([H:21])([H:22])[N:11]([H:23])[H:24])[C:4]([H:18])([H:19])[N:2]([C:1]([H:12])([H:13])[H:14])[C:3]([H:15])([H:16])[H:17]
[H:31][C:12](=[C:11]([H:30])[C:10]([H:28])([H:29])[C:9]([H:26])([H:27])[C:8]([H:24])([H:25])[C:7]([H:22])([H:23])[C:2]1([C:3]([C:4]([C:5]([O:6]1)([H:20])[H:21])([H:18])[H:19])([H:16])[H:17])[C:1]([H:13])([H:14])[H:15])[H:32],[H:31][C:12](=[C:11]([H:30])[C:10]([H:28])([H:29])[C:9]([H:26])([H:27])[C:8]([H:24])([H:25])[C:7]([H:22])([H:23])[C:2]1([C:3]([C:4]([C:5]([O:6]1)([H:20])[H:21])([H:18])[H:19])([H:16])[H:17])[C:1]([H:13])([H:14])[H:15])[H:32]
[H:10][C:1]([H:11])([H:12])[C:2]([C:3]([H:13])([H:14])[H:15])([C:4]([H:16])([H:17])[O:5][H:18])[C:6]([H:19])([C:7]([H:20])([H:21])[N+:8]([H:22])([H:23])[H:24])[O:9][H:25],[H:10][C:1]([H:11])([H:12])[C:2]([C:3]([H:13])([H:14])[H:15])([C:4]([H:16])([H:17])[O:5][H:18])[C:6]([H:19])([C:7]([H:20])([H:21])[N+:8]([H:22])([H:23])[H:24])[O:9][H:25]
[C:1]([C@:2]12[C:3]([H:16])=[C:4]([I:5])[C:6](=[O:7])[C:8]([H:17])([H:18])[C@@:9]1([H:19])[C:10]([H:20])([H:21])[C:11]([H:22])([H:23])[O:12]2)([H:13])([H:14])[H:15],[C:1]([C@@:2]12[C:3]([H:16])=[C:4]([I:5])[C:6](=[O:7])[C:8]([H:17])([H:18])[C@:9]1([H:19])[C:10]([H:20])([H:21])[C:11]([H:22])([H:23])[O:12]2)([H:13])([H:14])[H:15]
[H:15][C:1](=[O:2])[C@:3]([H:16])([C@@:5]([H:18])([C@:7]1([C@:12]([O:11][B:9]([O:8]1)[O:10][H:21])([H:22])[C:13]([H:23])([H:24])[O:14][H:25])[H:20])[O:6][H:19])[O:4][H:17],[H:15][C:1](=[O:2])[C@@:3]([H:16])([C@:5]([H:18])([C@:7]1([C@@:12]([O:11][B:9]([O:8]1)[O:10][H:21])([H:22])[C:13]([H:23])([H:24])[O:14][H:25])[H:20])[O:6][H:19])[O:4][H:17]
[H:9][C:1](=[C:2]([H:11])[C:3]([H:12])([H:13])[C:4](=[C:5]([H:14])[O:6][H:15])[C:7](=[O:8])[H:16])[H:10],[H:9][C:1](=[C:2]([H:11])[C:3]([H:12])([H:13])[C:4](=[C:5]([H:14])[O:6][H:15])[C:7](=[O:8])[H:16])[H:10]
[O:1]=[N:2][N:3]([O:4][c:5]1[c:6]([H:13])[c:7]([H:14])[n:8][c:9]([I:10])[n:11]1)[H:12],[O:1]=[N:2][N:3]([O:4][c:5]1[c:6]([H:13])[c:7]([H:14])[n:8][c:9]([I:10])[n:11]1)[H:12]
[H:13][C:1]1([C:7]([C:5](=[O:6])[C:4]([C:3]([C:2]1([H:15])[O:12][H:21])([H:16])[H:17])([H:18])[O:11][H:20])([H:19])[N:8]=[N+:9]=[N-:10])[H:14],[H:13][C:1]1([C:7]([C:5](=[O:6])[C:4]([C:3]([C:2]1([H:15])[O:12][H:21])([H:16])[H:17])([H:18])[O:11][H:20])([H:19])[N:8]=[N+:9]=[N-:10])[H:14]
[H:22][C:7]1([C:8]([C:9]([N:5]([C:6]1([H:20])[H:21])[C:4]([H:18])([H:19])[C:2]([C:1]([H:12])([H:13])[H:14])([C:3]([H:15])([H:16])[H:17])[N+:10]([H:28])([H:29])[C:11]([H:30])([H:31])[H:32])([H:26])[H:27])([H:24])[H:25])[H:23],[H:22][C:7]1([C:8]([C:9]([N:5]([C:6]1([H:20])[H:21])[C:4]([H:18])([H:19])[C:2]([C:1]([H:12])([H:13])[H:14])([C:3]([H:15])([H:16])[H:17])[N+:10]([H:28])([H:29])[C:11]([H:30])([H:31])[H:32])([H:26])[H:27])([H:24])[H:25])[H:23]
[H:12][c:1]1[c:2]([c:3]([c:4]([c:5]([c:6]1[H:15])[Cl:7])[H:14])[C:8]([H:16])([H:17])[C:9]([H:18])([H:19])[C:10]([H:20])([H:21])[N:11]([H:22])[H:23])[H:13],[H:12][c:1]1[c:2]([c:3]([c:4]([c:5]([c:6]1[H:15])[Cl:7])[H:14])[C:8]([H:16])([H:17])[C:9]([H:18])([H:19])[C:10]([H:20])([H:21])[N:11]([H:22])[H:23])[H:13]
[H:14][C:2]1=[C:1]([C:6]([O:5][C:4]([C:3]1([H:15])[N+:12]([H:24])([H:25])[H:26])([H:16])[C:10]([H:21])([H:22])[O:11][H:23])([H:17])[C:7]([H:18])([H:19])[C:8](=[O:9])[H:20])[H:13],[H:14][C:2]1=[C:1]([C:6]([O:5][C:4]([C:3]1([H:15])[N+:12]([H:24])([H:25])[H:26])([H:16])[C:10]([H:21])([H:22])[O:11][H:23])([H:17])[C:7]([H:18])([H:19])[C:8](=[O:9])[H:20])[H:13]
[H:20][C:5]1([C:6]([C:7]([C:8]([C:3]([C:4]1([H:18])[H:19])([H:17])[N:2]([H:16])[C:1]([H:13])([H:14])[H:15])([H:26])[N+:9]([H:27])([H:28])[C:10]([H:29])([H:30])[C:11]([H:31])([H:32])[O:12][H:33])([H:24])[H:25])([H:22])[H:23])[H:21],[H:20][C:5]1([C:6]([C:7]([C:8]([C:3]([C:4]1([H:18])[H:19])([H:17])[N:2]([H:16])[C:1]([H:13])([H:14])[H:15])([H:26])[N+:9]([H:27])([H:28])[C:10]([H:29])([H:30])[C:11]([H:31])([H:32])[O:12][H:33])([H:24])[H:25])([H:22])[H:23])[H:21]
[H:12][C:1]([H:13])([H:14])[C:2]([H:15])([H:16])[N:3]([H:17])[C:4]([H:18])([H:19])[C:5]([H:20])([O:6][C:7]([H:21])([H:22])[C:8]([H:23])([H:24])[H:25])[O:9][C:10]([H:26])([H:27])[C:11]([H:28])([H:29])[H:30],[H:12][C:1]([H:13])([H:14])[C:2]([H:15])([H:16])[N:3]([H:17])[C:4]([H:18])([H:19])[C:5]([H:20])([O:6][C:7]([H:21])([H:22])[C:8]([H:23])([H:24])[H:25])[O:9][C:10]([H:26])([H:27])[C:11]([H:28])([H:29])[H:30]
[H:21][c:9]1[c:8]([c:7]([c:6]([c:11]([c:10]1[H:22])[H:23])[B:5]2[O:12][C@@:2]([C:3]([O:4]2)([H:17])[H:18])([H:16])[C:1]([H:13])([H:14])[H:15])[H:19])[H:20],[H:21][c:9]1[c:8]([c:7]([c:6]([c:11]([c:10]1[H:22])[H:23])[B:5]2[O:12][C@:2]([C:3]([O:4]2)([H:17])[H:18])([H:16])[C:1]([H:13])([H:14])[H:15])[H:19])[H:20]
[H:7][C:6]([H:8])([C:4]([H:5])([C:10]([H:11])([H:12])[Br:13])[N:3]=[N:2][H:1])[Br:9],[H:7][C:6]([H:8])([C:4]([H:5])([C:10]([H:11])([H:12])[Br:13])[N:3]=[N:2][H:1])[Br:9]
[H:13][c:1]1[c:2]([c:3]([c:4]([c:5]([c:6]1[H:17])[H:16])[C:7]([H:18])([C:8]([H:19])([H:20])[C:9]([H:21])([F:10])[F:11])[N:12]([H:22])[H:23])[H:15])[H:14],[H:13][c:1]1[c:2]([c:3]([c:4]([c:5]([c:6]1[H:17])[H:16])[C:7]([H:18])([C:8]([H:19])([H:20])[C:9]([H:21])([F:10])[F:11])[N:12]([H:22])[H:23])[H:15])[H:14]
[H:16][C:5](=[C:4]([H:15])[C:3]([H:13])([H:14])[C:2]([H:11])([H:12])[C:1]([H:8])([H:9])[H:10])[C:6](=[O:7])[H:17],[H:16][C:5](=[C:4]([H:15])[C:3]([H:13])([H:14])[C:2]([H:11])([H:12])[C:1]([H:8])([H:9])[H:10])[C:6](=[O:7])[H:17]
[H:20][C:4]1=[C:5]([C:9]([C@:10]([C@@:2]([C:3]1([H:18])[H:19])([H:17])[N:1]([H:15])[H:16])([H:25])[N:11]([H:26])/[C:12](=[N:13]/[H:27])/[N:14]([H:28])[H:29])([H:23])[H:24])[B:6]([O:7][H:21])[O:8][H:22],[H:20][C:4]1=[C:5]([C:9]([C@@:10]([C@@:2]([C:3]1([H:18])[H:19])([H:17])[N:1]([H:15])[H:16])([H:25])[N:11]([H:26])/[C:12](=[N:13]\[H:27])/[N:14]([H:28])[H:29])([H:23])[H:24])[B:6]([O:7][H:21])[O:8][H:22]
[H:17][C:3]1([C:2]([C:7]([O:6][C:5]([C:4]1([H:19])[C:12]([H:28])([H:29])[H:30])([C:9]([H:24])([H:25])[O:10][H:26])[O:11][H:27])([H:20])[C:8]([H:21])([H:22])[H:23])([H:16])[C:1]([H:13])([H:14])[H:15])[H:18],[H:17][C:3]1([C:2]([C:7]([O:6][C:5]([C:4]1([H:19])[C:12]([H:28])([H:29])[H:30])([C:9]([H:24])([H:25])[O:10][H:26])[O:11][H:27])([H:20])[C:8]([H:21])([H:22])[H:23])([H:16])[C:1]([H:13])([H:14])[H:15])[H:18]
[H:24][C:9](=[O:10])[C:8]([C:3]1([C:4]([C:5]([C:6]([C:7]1([H:22])[H:23])([H:20])[H:21])([H:18])[H:19])([H:16])[H:17])[O:2][C:1]([H:13])([H:14])[H:15])([F:11])[F:12],[H:24][C:9](=[O:10])[C:8]([C:3]1([C:4]([C:5]([C:6]([C:7]1([H:22])[H:23])([H:20])[H:21])([H:18])[H:19])([H:16])[H:17])[O:2][C:1]([H:13])([H:14])[H:15])([F:11])[F:12]
[N:1](=[C:2]1\[C:3]([H:10])([H:11])[C:4]([H:12])([H:13])[C:5]([H:14])=[N:6][C@:7]1([I:8])[H:15])\[H:9],[N:1](=[C:2]1/[C:3]([H:10])([H:11])[C:4]([H:12])([H:13])[C:5]([H:14])=[N:6][C@@:7]1([I:8])[H:15])\[H:9]
[H:8][C:1]([H:9])([H:10])[C:2]([H:11])([H:12])[C:3]([H:13])([H:14])[O:4][C:5]([H:15])([H:16])[O:6][C:7]([H:17])([H:18])[H:19],[H:8][C:1]([H:9])([H:10])[C:2]([H:11])([H:12])[C:3]([H:13])([H:14])[O:4][C:5]([H:15])([H:16])[O:6][C:7]([H:17])([H:18])[H:19]
[H:10][C:1]([H:11])([H:12])[C:2](=[S:3])[N:4]([H:13])[C:5]([H:14])([H:15])[C:6]([H:16])([H:17])[C:7]([H:18])([H:19])[N+:8]([H:20])([H:21])[C:9]([H:22])([H:23])[H:24],[H:10][C:1]([H:11])([H:12])[C:2](=[S:3])[N:4]([H:13])[C:5]([H:14])([H:15])[C:6]([H:16])([H:17])[C:7]([H:18])([H:19])[N+:8]([H:20])([H:21])[C:9]([H:22])([H:23])[H:24]
[H:17][C:10]1=[N:9][N:8]=[C:7]([O:11]1)[S:4](=[O:5])(=[O:6])[C:3]([H:15])([H:16])[C:2](=[C:1]([H:12])[H:13])[H:14],[H:17][C:10]1=[N:9][N:8]=[C:7]([O:11]1)[S:4](=[O:5])(=[O:6])[C:3]([H:15])([H:16])[C:2](=[C:1]([H:12])[H:13])[H:14]
[C:1]([C@:2]12[C:3]([H:16])=[C:4]([I:5])[C:6](=[O:7])[C:8]([H:17])([H:18])[C@:9]1([H:19])[C:10]([H:20])([H:21])[C:11]([H:22])([H:23])[O:12]2)([H:13])([H:14])[H:15],[C:1]([C@@:2]12[C:3]([H:16])=[C:4]([I:5])[C:6](=[O:7])[C:8]([H:17])([H:18])[C@:9]1([H:19])[C:10]([H:20])([H:21])[C:11]([H:22])([H:23])[O:12]2)([H:13])([H:14])[H:15]
[H:8][C:1]([H:9])([H:10])[S:2][C:3]([H:11])([C:4]([H:12])([H:13])[O:5][H:14])[C:6]([H:15])([H:16])[O:7][H:17],[H:8][C:1]([H:9])([H:10])[S:2][C:3]([H:11])([C:4]([H:12])([H:13])[O:5][H:14])[C:6]([H:15])([H:16])[O:7][H:17]
[H:12][C:3]1([C:4]([C:5]([C:6]([C:7]([C:1]([C:2]1([H:10])[H:11])([H:8])[H:9])([H:20])[H:21])([H:18])[H:19])([H:16])[H:17])([H:14])[H:15])[H:13],[H:4][C:1]1([C:2]([C:3]1([H:8])[H:9])([H:6])[H:7])[H:5]
[H:12][C:1]1=[N:5][N+:4](=[C:3]([N:2]1[H:13])[H:14])[C:6]([H:15])([H:16])[C:7](=[N+:8]([H:17])[O-:9])[C:10]#[N:11],[H:12][C:1]1=[N:5][N+:4](=[C:3]([N:2]1[H:13])[H:14])[C:6]([H:15])([H:16])[C:7](=[N+:8]([H:17])[O-:9])[C:10]#[N:11]
[H:19][C:6]1=[N:7][O:8][C:4](=[N:5]1)[C:3]([H:18])([C:2]([H:16])([H:17])[C:1]([H:13])([H:14])[H:15])[N+:9]([H:20])([C:10]([H:21])([H:22])[H:23])[C:11]([H:24])([H:25])[C:12]([H:26])([H:27])[H:28],[H:19][C:6]1=[N:7][O:8][C:4](=[N:5]1)[C:3]([H:18])([C:2]([H:16])([H:17])[C:1]([H:13])([H:14])[H:15])[N+:9]([H:20])([C:10]([H:21])([H:22])[H:23])[C:11]([H:24])([H:25])[C:12]([H:26])([H:27])[H:28]
[H:18][C:5](=[O:6])[C:4]([H:17])([C:2]([C:1]([H:11])([H:12])[H:13])([C:3]([H:14])([H:15])[H:16])[S:8][N:9]=[O:10])[N:7]([H:19])[H:20],[H:18][C:5](=[O:6])[C:4]([H:17])([C:2]([C:1]([H:11])([H:12])[H:13])([C:3]([H:14])([H:15])[H:16])[S:8][N:9]=[O:10])[N:7]([H:19])[H:20]
[H:11][C:1]([H:12])([H:13])[C:2]([H:14])([H:15])[O:3][C:4]([H:16])([C:5]([H:17])([H:18])[C:6]([H:19])([H:20])[N:7]([H:21])[H:22])[C:8]([H:23])([C:9]([H:24])([H:25])[H:26])[C:10]([H:27])([H:28])[H:29],[H:11][C:1]([H:12])([H:13])[C:2]([H:14])([H:15])[O:3][C:4]([H:16])([C:5]([H:17])([H:18])[C:6]([H:19])([H:20])[N:7]([H:21])[H:22])[C:8]([H:23])([C:9]([H:24])([H:25])[H:26])[C:10]([H:27])([H:28])[H:29]
[H:22][C:9](=[O:10])[C:4]1([C:5]([C:6]([C:1]([C:2]([N+:3]1([H:15])[H:16])([H:13])[H:14])([H:11])[H:12])([H:19])[O:7][H:20])([H:18])[O:8][H:21])[H:17],[H:22][C:9](=[O:10])[C:4]1([C:5]([C:6]([C:1]([C:2]([N+:3]1([H:15])[H:16])([H:13])[H:14])([H:11])[H:12])([H:19])[O:7][H:20])([H:18])[O:8][H:21])[H:17]
[H:14][C:1](=[O:2])[C@@:3]([H:15])([C:4]([H:16])([H:17])[H:18])[C:5]([H:19])([H:20])[Si:6]([C:7]([H:21])([H:22])[H:23])([O:8][C:9]([H:24])([H:25])[C:10]([H:26])([H:27])[H:28])[O:11][C:12]([H:29])([H:30])[C:13]([H:31])([H:32])[H:33],[H:14][C:1](=[O:2])[C@:3]([H:15])([C:4]([H:16])([H:17])[H:18])[C:5]([H:19])([H:20])[Si:6]([C:7]([H:21])([H:22])[H:23])([O:8][C:9]([H:24])([H:25])[C:10]([H:26])([H:27])[H:28])[O:11][C:12]([H:29])([H:30])[C:13]([H:31])([H:32])[H:33]
[H:11][C:1]([H:12])([H:13])[O:2][P:3](=[O:4])([C:5](=[N:6][H:14])[C:7]([H:15])([H:16])[O:8][H:17])[O:9][C:10]([H:18])([H:19])[H:20],[H:11][C:1]([H:12])([H:13])[O:2][P:3](=[O:4])([C:5](=[N:6][H:14])[C:7]([H:15])([H:16])[O:8][H:17])[O:9][C:10]([H:18])([H:19])[H:20]
[C:1]([O:2][C@:3]([C:4]([N+:5]([H:19])([H:20])[H:21])([H:17])[H:18])([c:6]1[c:7]([H:22])[c:8]([H:23])[c:9]([I:10])[c:11]([H:24])[c:12]1[H:25])[H:16])([H:13])([H:14])[H:15],[C:1]([O:2][C@@:3]([C:4]([N+:5]([H:19])([H:20])[H:21])([H:17])[H:18])([c:6]1[c:7]([H:22])[c:8]([H:23])[c:9]([I:10])[c:11]([H:24])[c:12]1[H:25])[H:16])([H:13])([H:14])[H:15]
[H:11][C:1](=[C:2]([H:13])[C:3]([H:14])([H:15])[S:4][C:5]1=[N:6][C:7]([C:8](=[O:9])[S:10]1)([H:16])[H:17])[H:12],[H:11][C:1](=[C:2]([H:13])[C:3]([H:14])([H:15])[S:4][C:5]1=[N:6][C:7]([C:8](=[O:9])[S:10]1)([H:16])[H:17])[H:12]
[H:8][C:1]([H:9])([H:10])[N+:2]([H:11])([H:12])[N:3]([H:13])[C:4](=[N:5][H:14])[N:6]([H:15])[O:7][H:16],[H:8][C:1]([H:9])([H:10])[N+:2]([H:11])([H:12])[N:3]([H:13])[C:4](=[N:5][H:14])[N:6]([H:15])[O:7][H:16]
[H:15][c:2]1[c:1]([c:7]2[c:6]([c:4]([c:3]1[H:16])[Cl:5])[C@@:11]([O:10][B:8]2[O:9][H:17])([H:18])[C:12]([H:19])([H:20])[N:13]([H:21])[H:22])[H:14],[H:15][c:2]1[c:1]([c:7]2[c:6]([c:4]([c:3]1[H:16])[Cl:5])[C@:11]([O:10][B:8]2[O:9][H:17])([H:18])[C:12]([H:19])([H:20])[N:13]([H:21])[H:22])[H:14]
[H:12][C:2]1([C:1]([N+:6]([C:5]([C:4]([N:3]1[H:14])([H:15])[C:7]([H:20])([H:21])[C:8]([H:22])([H:23])[O:9][H:24])([H:16])[H:17])([H:18])[H:19])([H:10])[H:11])[H:13],[H:12][C:2]1([C:1]([N+:6]([C:5]([C:4]([N:3]1[H:14])([H:15])[C:7]([H:20])([H:21])[C:8]([H:22])([H:23])[O:9][H:24])([H:16])[H:17])([H:18])[H:19])([H:10])[H:11])[H:13]
[H:20][C:6]1=[C:5]([C:4]([N:3]([C:2]([C:1]1([H:13])[H:14])([H:15])[H:16])[C:7]([H:21])([H:22])[C:8]([H:23])([H:24])[N+:9](=[C:10]([N:11]([H:26])[H:27])[N:12]([H:28])[H:29])[H:25])([H:17])[H:18])[H:19],[H:20][C:6]1=[C:5]([C:4]([N:3]([C:2]([C:1]1([H:13])[H:14])([H:15])[H:16])[C:7]([H:21])([H:22])[C:8]([H:23])([H:24])[N+:9](=[C:10]([N:11]([H:26])[H:27])[N:12]([H:28])[H:29])[H:25])([H:17])[H:18])[H:19]
[H:12][C:1]1=[C:5]([O:4][C:3](=[C:2]1[C:10](=[O:11])[H:16])[C:7]([H:13])([H:14])[C:8](=[O:9])[H:15])[Br:6],[H:12][C:1]1=[C:5]([O:4][C:3](=[C:2]1[C:10](=[O:11])[H:16])[C:7]([H:13])([H:14])[C:8](=[O:9])[H:15])[Br:6]
[N+:1]([C@@:2]1([H:16])[C:3]([H:17])([H:18])[C:4]([H:19])([H:20])[C:5]([H:21])([H:22])[c:6]2[c:7]([H:23])[c:8]([H:24])[c:9]([I:10])[c:11]([H:25])[c:12]21)([H:13])([H:14])[H:15],[N+:1]([C@:2]1([H:16])[C:3]([H:17])([H:18])[C:4]([H:19])([H:20])[C:5]([H:21])([H:22])[c:6]2[c:7]([H:23])[c:8]([H:24])[c:9]([I:10])[c:11]([H:25])[c:12]21)([H:13])([H:14])[H:15]
[H:22][c:5]1[c:4]([c:3]([c:8]2[c:7]([c:6]1[H:23])[C:19]([C@@:12]([B:10]([O:9]2)[O:11][H:24])([H:25])[S:13][C:14]3=[N:15][N:16]=[C:17]([S:18]3)[H:26])([H:27])[H:28])[C:1](=[O:2])[H:20])[H:21],[H:22][c:5]1[c:4]([c:3]([c:8]2[c:7]([c:6]1[H:23])[C:19]([C@:12]([B:10]([O:9]2)[O:11][H:24])([H:25])[S:13][C:14]3=[N:15][N:16]=[C:17]([S:18]3)[H:26])([H:27])[H:28])[C:1](=[O:2])[H:20])[H:21]
[H:7][C:1]([H:8])([O:2][H:9])[O:3][N:4]=[N:5][O:6][H:10],[H:7][C:1]([H:8])([O:2][H:9])[O:3][N:4]=[N:5][O:6][H:10]
[H:17][c:4]1[c:5]([c:6]([c:11]([c:12]([c:3]1[N:1]([H:13])[C:2]([H:14])([H:15])[H:16])[H:27])[H:26])[Si:7]([C:8]([H:19])([H:20])[H:21])([C:9]([H:22])([H:23])[H:24])[O:10][H:25])[H:18],[H:17][c:4]1[c:5]([c:6]([c:11]([c:12]([c:3]1[N:1]([H:13])[C:2]([H:14])([H:15])[H:16])[H:27])[H:26])[Si:7]([C:8]([H:19])([H:20])[H:21])([C:9]([H:22])([H:23])[H:24])[O:10][H:25])[H:18]
[H:20][C:5]1([C:6]([O:7][C:8]([C:9]([N:4]1[C:3]([H:18])([H:19])[C:2]([H:16])([H:17])[C:1]([H:13])([H:14])[H:15])([H:25])[H:26])([H:24])[C:10]([H:27])([H:28])[O:11][C:12]([H:29])([H:30])[H:31])([H:22])[H:23])[H:21],[H:20][C:5]1([C:6]([O:7][C:8]([C:9]([N:4]1[C:3]([H:18])([H:19])[C:2]([H:16])([H:17])[C:1]([H:13])([H:14])[H:15])([H:25])[H:26])([H:24])[C:10]([H:27])([H:28])[O:11][C:12]([H:29])([H:30])[H:31])([H:22])[H:23])[H:21]
[H:23][C:10]1=[N:9][N:8]=[C:7]([S:11]1)[S:6][C:5]([H:21])([H:22])[C:4]([H:19])([H:20])[C:2]([C:1]([H:13])([H:14])[H:15])([C:3]([H:16])([H:17])[H:18])[O:12][H:24],[H:23][C:10]1=[N:9][N:8]=[C:7]([S:11]1)[S:6][C:5]([H:21])([H:22])[C:4]([H:19])([H:20])[C:2]([C:1]([H:13])([H:14])[H:15])([C:3]([H:16])([H:17])[H:18])[O:12][H:24]
[H:14][C:3]1=[C:2]([C:1](=[N:5][O:4]1)[H:13])[C:6]([H:15])([H:16])[S:7][C:8]2=[N:12][N:11]=[N:10][N:9]2[H:17],[H:14][C:3]1=[C:2]([C:1](=[N:5][O:4]1)[H:13])[C:6]([H:15])([H:16])[S:7][C:8]2=[N:12][N:11]=[N:10][N:9]2[H:17]
[H:17][C:5]1([C:4]([C:7]([C:6]1([H:19])[O:8][H:22])([H:20])[H:21])([H:16])[C:3]([H:14])([H:15])[N+:2]([H:12])([H:13])[C:1]([H:9])([H:10])[H:11])[H:18],[H:17][C:5]1([C:4]([C:7]([C:6]1([H:19])[O:8][H:22])([H:20])[H:21])([H:16])[C:3]([H:14])([H:15])[N+:2]([H:12])([H:13])[C:1]([H:9])([H:10])[H:11])[H:18]
[H:19][C:1](=[O:2])[C@:3]1([C@:12]([C@@:11]2([C@@:6]([C:5]1([H:22])[H:23])([C@:7]([N:9]([C:10]2([H:30])[H:31])[H:29])([H:25])[C:8]([H:26])([H:27])[H:28])[H:24])[H:32])([H:33])[C:13]([H:34])([H:35])[C:14]([H:36])([H:37])[C:15]([H:38])([H:39])[B:16]([O:17][H:40])[O:18][H:41])[N:4]([H:20])[H:21],[H:19][C:1](=[O:2])[C@:3]1([C@:12]([C@:11]2([C@@:6]([C:5]1([H:22])[H:23])([C@:7]([N:9]([C:10]2([H:30])[H:31])[H:29])([H:25])[C:8]([H:26])([H:27])[H:28])[H:24])[H:32])([H:33])[C:13]([H:34])([H:35])[C:14]([H:36])([H:37])[C:15]([H:38])([H:39])[B:16]([O:17][H:40])[O:18][H:41])[N:4]([H:20])[H:21]
[H:22][C:7](=[O:8])[C:6]([H:20])([H:21])[C@@:5]1([C:4]([C:3]([C@:2]([B:10]([O:9]1)[O:11][H:23])([H:14])[N:1]([H:12])[H:13])([H:15])[H:16])([H:17])[H:18])[H:19],[H:22][C:7](=[O:8])[C:6]([H:20])([H:21])[C@@:5]1([C:4]([C:3]([C@@:2]([B:10]([O:9]1)[O:11][H:23])([H:14])[N:1]([H:12])[H:13])([H:15])[H:16])([H:17])[H:18])[H:19]
[H:13][C:1]([H:14])([H:15])[C:2]([H:16])([H:17])[S:3][C:4]1=[N:5][N:6]=[C:7]([N:8]1[C:9]([H:18])([H:19])[H:20])[C:10]([H:21])([F:11])[F:12],[H:13][C:1]([H:14])([H:15])[C:2]([H:16])([H:17])[S:3][C:4]1=[N:5][N:6]=[C:7]([N:8]1[C:9]([H:18])([H:19])[H:20])[C:10]([H:21])([F:11])[F:12]
[H:22][C:8](=[O:9])[C:5]1([N+:6]([C:2]([C:3]([O:4]1)([H:15])[H:16])([C:1]([H:12])([H:13])[H:14])[C:10]([H:23])([H:24])[O:11][H:25])([H:17])[H:18])[C:7]([H:19])([H:20])[H:21],[H:22][C:8](=[O:9])[C:5]1([N+:6]([C:2]([C:3]([O:4]1)([H:15])[H:16])([C:1]([H:12])([H:13])[H:14])[C:10]([H:23])([H:24])[O:11][H:25])([H:17])[H:18])[C:7]([H:19])([H:20])[H:21]
[H:20][c:7]1[c:8]([n:9][c:10]([n:11][c:6]1[C:4](=[O:5])[C:3]([H:18])([H:19])[C:2]([H:16])([H:17])[C:1]([H:13])([H:14])[H:15])[N:12]([H:22])[H:23])[H:21],[H:20][c:7]1[c:8]([n:9][c:10]([n:11][c:6]1[C:4](=[O:5])[C:3]([H:18])([H:19])[C:2]([H:16])([H:17])[C:1]([H:13])([H:14])[H:15])[N:12]([H:22])[H:23])[H:21]
[H:28][c:13]1[c:12]([c:10]([c:8]([c:7]2[c:14]1[C:4](=[C:5]([O:6]2)[H:23])[C:3]([H:21])([H:22])[C@@:2]([H:20])([B:15]([O:16][H:29])[O:17][H:30])[N:1]([H:18])[H:19])[C:9]([H:24])([H:25])[H:26])[Cl:11])[H:27],[H:28][c:13]1[c:12]([c:10]([c:8]([c:7]2[c:14]1[C:4](=[C:5]([O:6]2)[H:23])[C:3]([H:21])([H:22])[C@:2]([H:20])([B:15]([O:16][H:29])[O:17][H:30])[N:1]([H:18])[H:19])[C:9]([H:24])([H:25])[H:26])[Cl:11])[H:27]
[H:13][C:1]([H:14])([H:15])[C:2]([H:16])([H:17])[C:3]([H:18])([H:19])[Si:4]([C:5]([H:20])([H:21])[C:6]([H:22])([H:23])[C:7]([H:24])([H:25])[Cl:8])([O:9][C:10]([H:26])([H:27])[H:28])[O:11][C:12]([H:29])([H:30])[H:31],[H:13][C:1]([H:14])([H:15])[C:2]([H:16])([H:17])[C:3]([H:18])([H:19])[Si:4]([C:5]([H:20])([H:21])[C:6]([H:22])([H:23])[C:7]([H:24])([H:25])[Cl:8])([O:9][C:10]([H:26])([H:27])[H:28])[O:11][C:12]([H:29])([H:30])[H:31]
[H:19][C:1](=[O:2])[C@:3]1([C@:12]([C@@:11]2([C@@:6]([C:5]1([H:22])[H:23])([C@@:7]([N:9]([C:10]2([H:30])[H:31])[H:29])([H:25])[C:8]([H:26])([H:27])[H:28])[H:24])[H:32])([H:33])[C:13]([H:34])([H:35])[C:14]([H:36])([H:37])[C:15]([H:38])([H:39])[B:16]([O:17][H:40])[O:18][H:41])[N:4]([H:20])[H:21],[H:19][C:1](=[O:2])[C@:3]1([C@:12]([C@:11]2([C@@:6]([C:5]1([H:22])[H:23])([C@:7]([N:9]([C:10]2([H:30])[H:31])[H:29])([H:25])[C:8]([H:26])([H:27])[H:28])[H:24])[H:32])([H:33])[C:13]([H:34])([H:35])[C:14]([H:36])([H:37])[C:15]([H:38])([H:39])[B:16]([O:17][H:40])[O:18][H:41])[N:4]([H:20])[H:21]
[H:8][C:1]([H:9])([H:10])[C:2]([H:11])([H:12])[C:3]([H:13])([H:14])[N:4]([H:15])[C:5]([H:16])([H:17])[C:6]([H:18])([H:19])[C:7]([H:20])([H:21])[H:22],[H:8][C:1]([H:9])([H:10])[C:2]([H:11])([H:12])[C:3]([H:13])([H:14])[N:4]([H:15])[C:5]([H:16])([H:17])[C:6]([H:18])([H:19])[C:7]([H:20])([H:21])[H:22]
[O:1]=[P:2]([O-:3])([O-:4])[O:5][C@@:6]1([H:13])[C:7]([H:14])([H:15])[O:8][C@:9]([C:10]([I:11])([H:17])[H:18])([H:16])[C:12]1([H:19])[H:20],[O:1]=[P:2]([O-:3])([O-:4])[O:5][C@:6]1([H:13])[C:7]([H:14])([H:15])[O:8][C@@:9]([C:10]([I:11])([H:17])[H:18])([H:16])[C:12]1([H:19])[H:20]
[H:20][C@@:6]1([C:4](=[O:5])[N:3]([C@:2]1([H:18])[O:1][H:17])[H:19])[C@@:7]([H:21])([C:8]([H:22])([H:23])[H:24])[O:9][Si:10]([C:11]([H:25])([H:26])[H:27])([C:12]([H:28])([H:29])[H:30])[C:13]([C:14]([H:31])([H:32])[H:33])([C:15]([H:34])([H:35])[H:36])[C:16]([H:37])([H:38])[H:39],[H:20][C@:6]1([C:4](=[O:5])[N:3]([C@:2]1([H:18])[O:1][H:17])[H:19])[C@@:7]([H:21])([C:8]([H:22])([H:23])[H:24])[O:9][Si:10]([C:11]([H:25])([H:26])[H:27])([C:12]([H:28])([H:29])[H:30])[C:13]([C:14]([H:31])([H:32])[H:33])([C:15]([H:34])([H:35])[H:36])[C:16]([H:37])([H:38])[H:39]
[H:12][C:1]([H:13])([C:2]([C:3]([H:14])([H:15])[O:4][H:16])([C:5]([H:17])([C:6](=[O:7])[O-:8])[O:9][H:18])[O:10][H:19])[O:11][H:20],[H:12][C:1]([H:13])([C:2]([C:3]([H:14])([H:15])[O:4][H:16])([C:5]([H:17])([C:6](=[O:7])[O-:8])[O:9][H:18])[O:10][H:19])[O:11][H:20]
[O:1]=[C:2]([N:3]([c:4]1[c:5]([Cl:6])[c:7]([H:14])[n:8][c:9]([H:15])[c:10]1[I:11])[H:13])[H:12],[O:1]=[C:2]([N:3]([c:4]1[c:5]([Cl:6])[c:7]([H:14])[n:8][c:9]([H:15])[c:10]1[I:11])[H:13])[H:12]
[O:1]=[C:2]([C@@:3]1([H:13])[C:4]([H:14])([H:15])[C@:5]1([C:6]1=[C:7]([H:17])[C:8]([H:18])=[C:9]([I:10])[S:11]1)[H:16])[H:12],[O:1]=[C:2]([C@:3]1([H:13])[C:4]([H:14])([H:15])[C@@:5]1([C:6]1=[C:7]([H:17])[C:8]([H:18])=[C:9]([I:10])[S:11]1)[H:16])[H:12]
[H:15][C:8](=[O:9])[C:6](=[O:7])[C:1]([H:10])([H:11])[C:2](=[O:3])[C:4]([H:12])([H:13])[O:5][H:14],[H:15][C:8](=[O:9])[C:6](=[O:7])[C:1]([H:10])([H:11])[C:2](=[O:3])[C:4]([H:12])([H:13])[O:5][H:14]
[H:27][c:12]1[c:11]([c:10]([c:9]([c:14]([c:13]1[H:28])[B:15]([O:16][H:29])[O:17][H:30])[C:8]([H:23])([H:24])[S:7][c:6]2[c:5]([c:4]([c:3]([c:19]([n:18]2)[H:31])[C:1](=[O:2])[H:20])[H:21])[H:22])[H:25])[H:26],[H:27][c:12]1[c:11]([c:10]([c:9]([c:14]([c:13]1[H:28])[B:15]([O:16][H:29])[O:17][H:30])[C:8]([H:23])([H:24])[S:7][c:6]2[c:5]([c:4]([c:3]([c:19]([n:18]2)[H:31])[C:1](=[O:2])[H:20])[H:21])[H:22])[H:25])[H:26]
[H:11][C:4]([H:12])([H:13])[C:3]([H:9])([H:10])[Si:2]([C:5]([H:14])([H:15])[C:6]([H:16])([H:17])[H:18])([O:1][H:8])[O:7][H:19],[H:11][C:4]([H:12])([H:13])[C:3]([H:9])([H:10])[Si:2]([C:5]([H:14])([H:15])[C:6]([H:16])([H:17])[H:18])([O:1][H:8])[O:7][H:19]
[H:16][C@:6]1([C:5]([C@@:3]([C:2]([N:1]1[H:10])([H:11])[H:12])([H:13])[Cl:4])([H:14])[H:15])[B:7]([O:8][H:17])[O:9][H:18],[H:16][C@:6]1([C:5]([C@@:3]([C:2]([N:1]1[H:10])([H:11])[H:12])([H:13])[Cl:4])([H:14])[H:15])[B:7]([O:8][H:17])[O:9][H:18]
[H:12][C:1](=[C:2]([H:14])[C:3]([H:15])([H:16])[C:4]1([C:5]([O:6][C:7]([C:8]1([H:21])[O:9][H:22])([H:20])[C:10]([H:23])([H:24])[O:11][H:25])([H:18])[H:19])[H:17])[H:13],[H:12][C:1](=[C:2]([H:14])[C:3]([H:15])([H:16])[C:4]1([C:5]([O:6][C:7]([C:8]1([H:21])[O:9][H:22])([H:20])[C:10]([H:23])([H:24])[O:11][H:25])([H:18])[H:19])[H:17])[H:13]
[H:16][C:6](=[O:7])[C:5]1=[N:4][O:3][C:2]([C:1]1([H:13])[H:14])([H:15])[C:8]([H:17])([H:18])[C:9]([H:19])([H:20])[C:10]([H:21])([H:22])[C:11](=[O:12])[H:23],[H:16][C:6](=[O:7])[C:5]1=[N:4][O:3][C:2]([C:1]1([H:13])[H:14])([H:15])[C:8]([H:17])([H:18])[C:9]([H:19])([H:20])[C:10]([H:21])([H:22])[C:11](=[O:12])[H:23]
[H:19][C:8]1=[N:9][N:10]=[C:6]([N:7]1[H:18])[S:5][C:2]([H:14])([C:3](=[C:4]([H:16])[H:17])[H:15])[C:1]([H:11])([H:12])[H:13],[H:19][C:8]1=[N:9][N:10]=[C:6]([N:7]1[H:18])[S:5][C:2]([H:14])([C:3](=[C:4]([H:16])[H:17])[H:15])[C:1]([H:11])([H:12])[H:13]
[H:20][C:5]1=[C:6]([C:7](=[N:8][N:4]1[C:3]([H:18])([H:19])[C:2]([H:16])([H:17])[C:1]([H:13])([H:14])[H:15])[C:9]([H:21])([H:22])[H:23])[S:10](=[O:11])[O-:12],[H:20][C:5]1=[C:6]([C:7](=[N:8][N:4]1[C:3]([H:18])([H:19])[C:2]([H:16])([H:17])[C:1]([H:13])([H:14])[H:15])[C:9]([H:21])([H:22])[H:23])[S:10](=[O:11])[O-:12]
[H:29][C:11](=[O:12])[C:2](=[N:3][C:4]1([C:5]([C:6]([C:7]([C:8]([C:9]([N+:10]1([H:27])[H:28])([H:25])[H:26])([H:23])[H:24])([H:21])[H:22])([H:19])[H:20])([H:17])[H:18])[H:16])[C:1]([H:13])([H:14])[H:15],[H:29][C:11](=[O:12])[C:2](=[N:3][C:4]1([C:5]([C:6]([C:7]([C:8]([C:9]([N+:10]1([H:27])[H:28])([H:25])[H:26])([H:23])[H:24])([H:21])[H:22])([H:19])[H:20])([H:17])[H:18])[H:16])[C:1]([H:13])([H:14])[H:15]
[H:12][C:1]([H:13])([H:14])[C:2]([H:15])([H:16])[C:3]([H:17])([H:18])[C:4]([H:19])([H:20])[C:5]([H:21])([H:22])[S:6][C:7](=[S:8])[N:9]([C:10]([H:23])([H:24])[H:25])[N:11]([H:26])[H:27],[H:12][C:1]([H:13])([H:14])[C:2]([H:15])([H:16])[C:3]([H:17])([H:18])[C:4]([H:19])([H:20])[C:5]([H:21])([H:22])[S:6][C:7](=[S:8])[N:9]([C:10]([H:23])([H:24])[H:25])[N:11]([H:26])[H:27]
[H:11][C:1]1=[C:2]([S:3][S:4][C:5](=[C:6]1[H:12])[C:7]([H:13])([H:14])[O:8][H:15])[C:9]([H:16])([H:17])[N:10]([H:18])[H:19],[H:11][C:1]1=[C:2]([S:3][S:4][C:5](=[C:6]1[H:12])[C:7]([H:13])([H:14])[O:8][H:15])[C:9]([H:16])([H:17])[N:10]([H:18])[H:19]
[H:19][C:1](=[O:2])[C@@:3]1([C@:12]([C@@:11]2([C@@:6]([C:5]1([H:22])[H:23])([C@:7]([N:9]([C:10]2([H:30])[H:31])[H:29])([H:25])[C:8]([H:26])([H:27])[H:28])[H:24])[H:32])([H:33])[C:13]([H:34])([H:35])[C:14]([H:36])([H:37])[C:15]([H:38])([H:39])[B:16]([O:17][H:40])[O:18][H:41])[N:4]([H:20])[H:21],[H:19][C:1](=[O:2])[C@:3]1([C@:12]([C@:11]2([C@@:6]([C:5]1([H:22])[H:23])([C@:7]([N:9]([C:10]2([H:30])[H:31])[H:29])([H:25])[C:8]([H:26])([H:27])[H:28])[H:24])[H:32])([H:33])[C:13]([H:34])([H:35])[C:14]([H:36])([H:37])[C:15]([H:38])([H:39])[B:16]([O:17][H:40])[O:18][H:41])[N:4]([H:20])[H:21]
[H:19][c:5]1[c:6]([c:7]([c:8]([c:9]([c:4]1[C:3]([H:17])([H:18])[C:2]([H:16])([C:1]([H:13])([H:14])[H:15])[N:12]([H:24])[H:25])[H:21])[O:10][H:22])[O:11][H:23])[H:20],[H:19][c:5]1[c:6]([c:7]([c:8]([c:9]([c:4]1[C:3]([H:17])([H:18])[C:2]([H:16])([C:1]([H:13])([H:14])[H:15])[N:12]([H:24])[H:25])[H:21])[O:10][H:22])[O:11][H:23])[H:20]
[H:23][C:7]1([C:6]([N+:5]([C:10]([C:9]([C:8]1([H:25])[C:11]([H:30])([H:31])[N+:12]([H:32])([H:33])[H:34])([H:26])[H:27])([H:28])[H:29])([H:20])[C:4]([H:18])([H:19])[C:3]([H:16])([H:17])[O:2][C:1]([H:13])([H:14])[H:15])([H:21])[H:22])[H:24],[H:23][C:7]1([C:6]([N+:5]([C:10]([C:9]([C:8]1([H:25])[C:11]([H:30])([H:31])[N+:12]([H:32])([H:33])[H:34])([H:26])[H:27])([H:28])[H:29])([H:20])[C:4]([H:18])([H:19])[C:3]([H:16])([H:17])[O:2][C:1]([H:13])([H:14])[H:15])([H:21])[H:22])[H:24]
[H:21][C:9](=[O:10])[C:8]([H:19])([H:20])[S:7][P:4](=[S:5])([C:6]([H:16])([H:17])[H:18])[O:3][C:2]([H:14])([H:15])[C:1]([H:11])([H:12])[H:13],[H:21][C:9](=[O:10])[C:8]([H:19])([H:20])[S:7][P:4](=[S:5])([C:6]([H:16])([H:17])[H:18])[O:3][C:2]([H:14])([H:15])[C:1]([H:11])([H:12])[H:13]
[H:16][C:5]1=[N:6][N:2]([C:3](=[C:4]1[N:7]([H:17])[H:18])[C:8]([H:19])([H:20])[C:9]([H:21])([C:10]([H:22])([H:23])[N+:11]([H:24])([H:25])[H:26])[O:12][H:27])[C:1]([H:13])([H:14])[H:15],[H:16][C:5]1=[N:6][N:2]([C:3](=[C:4]1[N:7]([H:17])[H:18])[C:8]([H:19])([H:20])[C:9]([H:21])([C:10]([H:22])([H:23])[N+:11]([H:24])([H:25])[H:26])[O:12][H:27])[C:1]([H:13])([H:14])[H:15]
[H:18][C:6]1=[C:5]([O:9][N:8]=[C:7]1[C:10]([H:19])([H:20])[H:21])[O:4][C:3]([H:16])([H:17])[C:2]([H:14])([H:15])[C:1]([H:11])([H:12])[H:13],[H:18][C:6]1=[C:5]([O:9][N:8]=[C:7]1[C:10]([H:19])([H:20])[H:21])[O:4][C:3]([H:16])([H:17])[C:2]([H:14])([H:15])[C:1]([H:11])([H:12])[H:13]
[H:16][C:4]1=[C:3]([S:7][C:6](=[C:5]1[H:17])[C:8]([H:18])([H:19])[C:9]([H:20])([H:21])[O:10][H:22])[C:2]([H:14])([H:15])[C:1]([H:11])([H:12])[H:13],[H:16][C:4]1=[C:3]([S:7][C:6](=[C:5]1[H:17])[C:8]([H:18])([H:19])[C:9]([H:20])([H:21])[O:10][H:22])[C:2]([H:14])([H:15])[C:1]([H:11])([H:12])[H:13]
[H:9][C:1]([H:10])([H:11])[C:2]([C:3]([H:12])([H:13])[N+:4]([H:14])([H:15])[H:16])([C:5]([H:17])([H:18])[S:6][C:7]([H:19])([H:20])[H:21])[O:8][H:22],[H:9][C:1]([H:10])([H:11])[C:2]([C:3]([H:12])([H:13])[N+:4]([H:14])([H:15])[H:16])([C:5]([H:17])([H:18])[S:6][C:7]([H:19])([H:20])[H:21])[O:8][H:22]
[H:11][C:1]([H:12])([H:13])[C:2]([H:14])([H:15])[C:3]([H:16])([H:17])[C:4]([H:18])([H:19])[C:5](=[O:6])[C:7]([H:20])([H:21])[O:8][C:9]([H:22])([H:23])[C:10]([H:24])([H:25])[H:26],[H:11][C:1]([H:12])([H:13])[C:2]([H:14])([H:15])[C:3]([H:16])([H:17])[C:4]([H:18])([H:19])[C:5](=[O:6])[C:7]([H:20])([H:21])[O:8][C:9]([H:22])([H:23])[C:10]([H:24])([H:25])[H:26]
[H:24][C:9](=[O:10])[C:2]1([C:1]([C:5]([C:4]([C:3]1([H:14])[H:15])([H:16])[O:8][H:23])([H:17])[C:6]([H:18])([H:19])[N+:7]([H:20])([H:21])[H:22])([H:11])[H:12])[H:13],[H:24][C:9](=[O:10])[C:2]1([C:1]([C:5]([C:4]([C:3]1([H:14])[H:15])([H:16])[O:8][H:23])([H:17])[C:6]([H:18])([H:19])[N+:7]([H:20])([H:21])[H:22])([H:11])[H:12])[H:13]
[H:10][C:2](=[O:3])[C:1]([H:8])([H:9])[P:4](=[O:5])([H:11])[C:6]([H:12])([H:13])[O:7][H:14],[H:10][C:2](=[O:3])[C:1]([H:8])([H:9])[P:4](=[O:5])([H:11])[C:6]([H:12])([H:13])[O:7][H:14]
[H:12][C:2](=[C:3]([H:13])[C:4]([H:14])([H:15])[C:5]([H:16])([C:6](=[O:7])[H:17])[N:8]([H:18])[H:19])[C:1]([H:9])([H:10])[H:11],[H:12][C:2](=[C:3]([H:13])[C:4]([H:14])([H:15])[C:5]([H:16])([C:6](=[O:7])[H:17])[N:8]([H:18])[H:19])[C:1]([H:9])([H:10])[H:11]
[H:20][C:7](=[O:8])[C:3]([H:14])([C:2]([H:12])([H:13])[C:1]([H:9])([H:10])[H:11])[C:4]([H:15])([H:16])[O:5][C:6]([H:17])([H:18])[H:19],[H:20][C:7](=[O:8])[C:3]([H:14])([C:2]([H:12])([H:13])[C:1]([H:9])([H:10])[H:11])[C:4]([H:15])([H:16])[O:5][C:6]([H:17])([H:18])[H:19]
[H:19][C:5]1=[C:4]([N:3]([C:7](=[N:6]1)[C:8]([H:20])([C:9]([H:21])([H:22])[H:23])[S:10](=[O:11])[O-:12])[C:2]([H:16])([H:17])[C:1]([H:13])([H:14])[H:15])[H:18],[H:19][C:5]1=[C:4]([N:3]([C:7](=[N:6]1)[C:8]([H:20])([C:9]([H:21])([H:22])[H:23])[S:10](=[O:11])[O-:12])[C:2]([H:16])([H:17])[C:1]([H:13])([H:14])[H:15])[H:18]
[H:18][C:5]1([C:6]([C:7]([O:8][C:3]([C:4]1([H:17])[O:12][H:26])([H:16])[S:2][C:1]([H:13])([H:14])[H:15])([H:21])[C:9]([H:22])([H:23])[O:10][H:24])([H:20])[O:11][H:25])[H:19],[H:18][C:5]1([C:6]([C:7]([O:8][C:3]([C:4]1([H:17])[O:12][H:26])([H:16])[S:2][C:1]([H:13])([H:14])[H:15])([H:21])[C:9]([H:22])([H:23])[O:10][H:24])([H:20])[O:11][H:25])[H:19]
[H:23][C:8]1([C:7]([C:6]([C:5]([C:10]([C:9]1([H:25])[H:26])([H:27])[H:28])([H:18])[C:2]([C:1]([H:12])([H:13])[H:14])([C:3]([H:15])([H:16])[O:4][H:17])[N:11]([H:29])[H:30])([H:19])[H:20])([H:21])[H:22])[H:24],[H:23][C:8]1([C:7]([C:6]([C:5]([C:10]([C:9]1([H:25])[H:26])([H:27])[H:28])([H:18])[C:2]([C:1]([H:12])([H:13])[H:14])([C:3]([H:15])([H:16])[O:4][H:17])[N:11]([H:29])[H:30])([H:19])[H:20])([H:21])[H:22])[H:24]
[H:17][C:7](=[O:8])[C:6](=[N:5][C:4]([H:15])([H:16])[C:3]([H:13])([H:14])[O:2][C:1]([H:10])([H:11])[H:12])[N:9]([H:18])[H:19],[H:17][C:7](=[O:8])[C:6](=[N:5][C:4]([H:15])([H:16])[C:3]([H:13])([H:14])[O:2][C:1]([H:10])([H:11])[H:12])[N:9]([H:18])[H:19]
[H:32][C:11](=[O:12])[C:9]([H:28])([C:10]([H:29])([H:30])[H:31])[N+:8]([H:26])([H:27])[C:3]([C:2]([H:16])([H:17])[C:1]([H:13])([H:14])[H:15])([C:4]([H:18])([H:19])[C:5]([H:20])([H:21])[H:22])[C:6]([H:23])([H:24])[O:7][H:25],[H:32][C:11](=[O:12])[C:9]([H:28])([C:10]([H:29])([H:30])[H:31])[N+:8]([H:26])([H:27])[C:3]([C:2]([H:16])([H:17])[C:1]([H:13])([H:14])[H:15])([C:4]([H:18])([H:19])[C:5]([H:20])([H:21])[H:22])[C:6]([H:23])([H:24])[O:7][H:25]
[H:20][C:4]1=[C:5]([C:9]([C@:10]([C@:2]([C:3]1([H:18])[H:19])([H:17])[N:1]([H:15])[H:16])([H:25])[N:11]([H:26])/[C:12](=[N:13]\[H:27])/[N:14]([H:28])[H:29])([H:23])[H:24])[B:6]([O:7][H:21])[O:8][H:22],[H:20][C:4]1=[C:5]([C:9]([C@@:10]([C@@:2]([C:3]1([H:18])[H:19])([H:17])[N:1]([H:15])[H:16])([H:25])[N:11]([H:26])/[C:12](=[N:13]\[H:27])/[N:14]([H:28])[H:29])([H:23])[H:24])[B:6]([O:7][H:21])[O:8][H:22]
[H:19][C:7]1=[C:6]([N:5]([C:4](=[N+:8]1[H:20])[C:3]([H:17])([C:2]([H:15])([H:16])[C:1]([H:12])([H:13])[H:14])[N:11]([H:22])[H:23])[H:18])[C:9](=[O:10])[H:21],[H:19][C:7]1=[C:6]([N:5]([C:4](=[N+:8]1[H:20])[C:3]([H:17])([C:2]([H:15])([H:16])[C:1]([H:12])([H:13])[H:14])[N:11]([H:22])[H:23])[H:18])[C:9](=[O:10])[H:21]
[H:13][c:1]1[c:2]([c:3]([c:4]([c:5]([c:6]1[H:17])[H:16])[N:7]([H:18])[C:8](=[N:9][H:19])[N:10]([H:20])[C:11]#[N:12])[H:15])[H:14],[H:13][c:1]1[c:2]([c:3]([c:4]([c:5]([c:6]1[H:17])[H:16])[N:7]([H:18])[C:8](=[N:9][H:19])[N:10]([H:20])[C:11]#[N:12])[H:15])[H:14]
[H:21][C:8]1([C:9]([N:10]([C:11](=[O:12])[C:7]1([H:20])[N+:2]([H:16])([C:1]([H:13])([H:14])[H:15])[C:3]([H:17])([H:18])[C:4]([H:19])([F:5])[F:6])[H:25])([H:23])[H:24])[H:22],[H:21][C:8]1([C:9]([N:10]([C:11](=[O:12])[C:7]1([H:20])[N+:2]([H:16])([C:1]([H:13])([H:14])[H:15])[C:3]([H:17])([H:18])[C:4]([H:19])([F:5])[F:6])[H:25])([H:23])[H:24])[H:22]
[H:15][C:2](=[O:3])[C:1]([H:13])([H:14])[O:4][P:5](=[O:6])([O-:7])[O:8][P:9](=[O:10])([O-:11])[O-:12],[H:15][C:2](=[O:3])[C:1]([H:13])([H:14])[O:4][P:5](=[O:6])([O-:7])[O:8][P:9](=[O:10])([O-:11])[O-:12]
[O:1]=[C:2](/[C:3](=[N:4]/[O:5][H:14])[H:13])[C@:6]1([H:15])[C:7]([H:16])([H:17])[C:8]([H:18])([H:19])[C:9]([H:20])([H:21])[C:10]([H:22])([H:23])[C@:11]1([I:12])[H:24],[O:1]=[C:2](/[C:3](=[N:4]/[O:5][H:14])[H:13])[C@@:6]1([H:15])[C:7]([H:16])([H:17])[C:8]([H:18])([H:19])[C:9]([H:20])([H:21])[C:10]([H:22])([H:23])[C@@:11]1([I:12])[H:24]
[I:1][C:2]1=[C:3]([H:9])[C:4]([H:10])([H:11])[C@:5]([Br:6])([H:12])[C:7]([H:13])=[C:8]1[H:14],[I:1][C:2]1=[C:3]([H:9])[C:4]([H:10])([H:11])[C@@:5]([Br:6])([H:12])[C:7]([H:13])=[C:8]1[H:14]
[H:13][C:1]1=[C:2]([N:3]=[C:4]([N:5]1[H:15])[H:14])[C:6]([H:16])([H:17])[C:7]([H:18])([H:19])[C:8]([H:20])([H:21])[N:9]=[C:10]([N:11]([H:22])[H:23])[N:12]([H:24])[H:25],[H:13][C:1]1=[C:2]([N:3]=[C:4]([N:5]1[H:15])[H:14])[C:6]([H:16])([H:17])[C:7]([H:18])([H:19])[C:8]([H:20])([H:21])[N:9]=[C:10]([N:11]([H:22])[H:23])[N:12]([H:24])[H:25]
[H:19][C:8](=[O:9])[C:7]([H:18])([C:6]([H:16])([H:17])[C:5]([H:14])([H:15])[S:2](=[O:3])(=[O:4])[C:1]([H:11])([H:12])[H:13])[N+:10]([H:20])([H:21])[H:22],[H:19][C:8](=[O:9])[C:7]([H:18])([C:6]([H:16])([H:17])[C:5]([H:14])([H:15])[S:2](=[O:3])(=[O:4])[C:1]([H:11])([H:12])[H:13])[N+:10]([H:20])([H:21])[H:22]
[I:1][C:2]([I:3])([I:4])[C@@:5]1([H:10])[N+:6]([H:11])([H:12])[C:7]([H:13])([H:14])[C:8]([H:15])([H:16])[O:9]1,[I:1][C:2]([I:3])([I:4])[C@:5]1([H:10])[N+:6]([H:11])([H:12])[C:7]([H:13])([H:14])[C:8]([H:15])([H:16])[O:9]1
[H:13][C:1]#[C:2][C:3]([H:14])([H:15])[C:4]1([C:5]([C:6]([O:7][C:8]1([H:19])[C:9]([H:20])([H:21])[O:10][H:22])([H:17])[H:18])([H:16])[O:11][H:23])[O:12][H:24],[H:13][C:1]#[C:2][C:3]([H:14])([H:15])[C:4]1([C:5]([C:6]([O:7][C:8]1([H:19])[C:9]([H:20])([H:21])[O:10][H:22])([H:17])[H:18])([H:16])[O:11][H:23])[O:12][H:24]
[H:13][C:1]1=[C:2]([S:3][C:4](=[N:5]1)[H:14])[C:6]2([C:7]([C:8]([C:9]([N:10]2[H:21])([H:19])[H:20])([H:17])[H:18])([H:16])[C:11]([H:22])([H:23])[N+:12]([H:24])([H:25])[H:26])[H:15],[H:13][C:1]1=[C:2]([S:3][C:4](=[N:5]1)[H:14])[C:6]2([C:7]([C:8]([C:9]([N:10]2[H:21])([H:19])[H:20])([H:17])[H:18])([H:16])[C:11]([H:22])([H:23])[N+:12]([H:24])([H:25])[H:26])[H:15]
[H:13][C:1]1([C:2]([C:3]([C:4]([C:5]([C:6]1([H:21])[H:22])([H:20])[C:7](=[O:8])[C:9]([H:23])([H:24])[N:10]=[O:11])([H:19])[Cl:12])([H:17])[H:18])([H:15])[H:16])[H:14],[H:13][C:1]1([C:2]([C:3]([C:4]([C:5]([C:6]1([H:21])[H:22])([H:20])[C:7](=[O:8])[C:9]([H:23])([H:24])[N:10]=[O:11])([H:19])[Cl:12])([H:17])[H:18])([H:15])[H:16])[H:14]
[H:18][C:8]1=[N:7][C:6](=[C:5]([N:9]1[H:19])[C:4]([H:16])([H:17])[S:3][C:2]([H:14])([H:15])[C:1]([H:11])([H:12])[H:13])[C:10]([H:20])([H:21])[H:22],[H:18][C:8]1=[N:7][C:6](=[C:5]([N:9]1[H:19])[C:4]([H:16])([H:17])[S:3][C:2]([H:14])([H:15])[C:1]([H:11])([H:12])[H:13])[C:10]([H:20])([H:21])[H:22]
[H:13][C:1]1=[C:2]([N:3]=[N:4][N:5]1[H:14])[C:6]([H:15])([C:7]2([C:8]([C:9]([C:10]([O:11]2)([H:21])[H:22])([H:19])[H:20])([H:17])[H:18])[H:16])[N:12]([H:23])[H:24],[H:13][C:1]1=[C:2]([N:3]=[N:4][N:5]1[H:14])[C:6]([H:15])([C:7]2([C:8]([C:9]([C:10]([O:11]2)([H:21])[H:22])([H:19])[H:20])([H:17])[H:18])[H:16])[N:12]([H:23])[H:24]
[H:8][C:1]([H:9])([N:2]([H:10])[H:11])[P:3](=[O:4])([C:5]([H:12])([H:13])[O:6][H:14])[S:7][H:15],[H:8][C:1]([H:9])([N:2]([H:10])[H:11])[P:3](=[O:4])([C:5]([H:12])([H:13])[O:6][H:14])[S:7][H:15]
[N:1](=[C:2]1\[C:3]([H:10])([H:11])[C:4]([H:12])([H:13])[C:5]([H:14])=[N:6][C@@:7]1([I:8])[H:15])\[H:9],[N:1](=[C:2]1/[C:3]([H:10])([H:11])[C:4]([H:12])([H:13])[C:5]([H:14])=[N:6][C@@:7]1([I:8])[H:15])\[H:9]
[H:20][C:8](=[N+:9]=[N-:10])[C:6](=[O:7])[C:5]([H:19])([C:4]([H:17])([H:18])[S:3][C:2]([H:15])([H:16])[C:1]([H:12])([H:13])[H:14])[N+:11]([H:21])([H:22])[H:23],[H:20][C:8](=[N+:9]=[N-:10])[C:6](=[O:7])[C:5]([H:19])([C:4]([H:17])([H:18])[S:3][C:2]([H:15])([H:16])[C:1]([H:12])([H:13])[H:14])[N+:11]([H:21])([H:22])[H:23]
[H:30][C:11](=[O:12])[C:8]([C:9]([H:24])([H:25])[H:26])([C:10]([H:27])([H:28])[H:29])[N+:7]([H:22])([H:23])[C:3]1([C:4]([C:5]([O:6][C:2]1([H:16])[C:1]([H:13])([H:14])[H:15])([H:20])[H:21])([H:18])[H:19])[H:17],[H:30][C:11](=[O:12])[C:8]([C:9]([H:24])([H:25])[H:26])([C:10]([H:27])([H:28])[H:29])[N+:7]([H:22])([H:23])[C:3]1([C:4]([C:5]([O:6][C:2]1([H:16])[C:1]([H:13])([H:14])[H:15])([H:20])[H:21])([H:18])[H:19])[H:17]
[C:1]([C:2]1=[C:9]([I:10])[C:8]([H:17])=[C:4]([C:5](/[N:6]=[N:7]\[H:16])([H:14])[H:15])[O:3]1)([H:11])([H:12])[H:13],[C:1]([C:2]1=[C:9]([I:10])[C:8]([H:17])=[C:4]([C:5](/[N:6]=[N:7]/[H:16])([H:14])[H:15])[O:3]1)([H:11])([H:12])[H:13]
[H:12][C:1]([H:13])([H:14])[C:2]#[C:3][C:4]([H:15])([H:16])[S:5][C:6]1=[N:10][N:9]([C:8](=[N:7]1)[C:11]([H:18])([H:19])[H:20])[H:17],[H:12][C:1]([H:13])([H:14])[C:2]#[C:3][C:4]([H:15])([H:16])[S:5][C:6]1=[N:10][N:9]([C:8](=[N:7]1)[C:11]([H:18])([H:19])[H:20])[H:17]
[H:15][C:3]1([C:4]([C:5]([C:6]([N+:2]1([H:14])[C:1]([H:11])([H:12])[H:13])([H:19])[C:7]([H:20])([H:21])[O:8][H:22])([H:18])[O:9][H:23])([H:17])[O:10][H:24])[H:16],[H:15][C:3]1([C:4]([C:5]([C:6]([N+:2]1([H:14])[C:1]([H:11])([H:12])[H:13])([H:19])[C:7]([H:20])([H:21])[O:8][H:22])([H:18])[O:9][H:23])([H:17])[O:10][H:24])[H:16]
[H:17][C:3]1([C:2]([C:8]([C:6](=[O:7])[C:5]([C:4]1([H:19])[O:12][H:26])([H:20])[O:11][H:25])([H:21])[C:9]([H:22])([H:23])[O:10][H:24])([H:16])[C:1]([H:13])([H:14])[H:15])[H:18],[H:17][C:3]1([C:2]([C:8]([C:6](=[O:7])[C:5]([C:4]1([H:19])[O:12][H:26])([H:20])[O:11][H:25])([H:21])[C:9]([H:22])([H:23])[O:10][H:24])([H:16])[C:1]([H:13])([H:14])[H:15])[H:18]
[H:10][C:1]([H:11])([H:12])[C:2]([C:6](=[O:7])[C:8]([H:19])([H:20])[O:9][H:21])([C:3]([H:13])([H:14])[H:15])[C:4]([H:16])([H:17])[O:5][H:18],[H:10][C:1]([H:11])([H:12])[C:2]([C:6](=[O:7])[C:8]([H:19])([H:20])[O:9][H:21])([C:3]([H:13])([H:14])[H:15])[C:4]([H:16])([H:17])[O:5][H:18]
[H:17][C:1](=[O:2])[C@:3]1([C@:15]([C@:13]([C@:11]([C@@:5]([O:4]1)([H:19])[O:6][Si:7]([C:8]([H:20])([H:21])[H:22])([O:9][H:23])[O:10][H:24])([H:25])[O:12][H:26])([H:27])[O:14][H:28])([H:29])[O:16][H:30])[H:18],[H:17][C:1](=[O:2])[C@:3]1([C@@:15]([C@:13]([C@:11]([C@:5]([O:4]1)([H:19])[O:6][Si:7]([C:8]([H:20])([H:21])[H:22])([O:9][H:23])[O:10][H:24])([H:25])[O:12][H:26])([H:27])[O:14][H:28])([H:29])[O:16][H:30])[H:18]
[H:12][C:1]([H:13])([H:14])[C:2]([H:15])([H:16])[C:3]1=[N:7][N:6]([C:5](=[N:4]1)[C:8]([H:18])([H:19])[C:9]([H:20])([C:10]([H:21])([H:22])[H:23])[N:11]([H:24])[H:25])[H:17],[H:12][C:1]([H:13])([H:14])[C:2]([H:15])([H:16])[C:3]1=[N:7][N:6]([C:5](=[N:4]1)[C:8]([H:18])([H:19])[C:9]([H:20])([C:10]([H:21])([H:22])[H:23])[N:11]([H:24])[H:25])[H:17]
[O:1]=[N+:2]([O-:3])[C@@:4]([I:5])([C@:6]([I:7])([C:8]([I:9])([H:12])[H:13])[H:11])[H:10],[O:1]=[N+:2]([O-:3])[C@@:4]([I:5])([C@@:6]([I:7])([C:8]([I:9])([H:12])[H:13])[H:11])[H:10]
[H:13][c:1]1[c:2]([c:3]([c:4]([c:5]([c:6]1[C:7]2([C:8]([C:9]2([H:19])[H:20])([H:17])[H:18])[H:16])[H:15])[C:10]([H:21])([H:22])[N:11]([H:23])[H:24])[F:12])[H:14],[H:13][c:1]1[c:2]([c:3]([c:4]([c:5]([c:6]1[C:7]2([C:8]([C:9]2([H:19])[H:20])([H:17])[H:18])[H:16])[H:15])[C:10]([H:21])([H:22])[N:11]([H:23])[H:24])[F:12])[H:14]
[C:1]([C@@:2]1([H:16])[C:3]([H:17])([H:18])[N+:4]([H:19])([H:20])[C:5]([H:21])([H:22])[C:6]([H:23])([H:24])[C:7]2=[C:12]1[O:11][C:9]([I:10])=[C:8]2[H:25])([H:13])([H:14])[H:15],[C:1]([C@:2]1([H:16])[C:3]([H:17])([H:18])[N+:4]([H:19])([H:20])[C:5]([H:21])([H:22])[C:6]([H:23])([H:24])[C:7]2=[C:12]1[O:11][C:9]([I:10])=[C:8]2[H:25])([H:13])([H:14])[H:15]
[H:15][C:4](=[O:5])[C:3]([H:13])([H:14])[C:2]([C:6]1([C:7]([C:8]1([H:19])[H:20])([H:17])[H:18])[H:16])([C:1]([H:10])([H:11])[H:12])[N+:9]([H:21])([H:22])[H:23],[H:15][C:4](=[O:5])[C:3]([H:13])([H:14])[C:2]([C:6]1([C:7]([C:8]1([H:19])[H:20])([H:17])[H:18])[H:16])([C:1]([H:10])([H:11])[H:12])[N+:9]([H:21])([H:22])[H:23]
[H:24][C:11](=[O:12])[C:9](=[O:10])[C:3]1([C:4]([C:5]([C:6]([C:7]([O:8]1)([H:22])[H:23])([H:20])[H:21])([H:18])[H:19])([H:16])[H:17])[O:2][C:1]([H:13])([H:14])[H:15],[H:24][C:11](=[O:12])[C:9](=[O:10])[C:3]1([C:4]([C:5]([C:6]([C:7]([O:8]1)([H:22])[H:23])([H:20])[H:21])([H:18])[H:19])([H:16])[H:17])[O:2][C:1]([H:13])([H:14])[H:15]
[O:1]=[C:2]([C@@:3]([F:4])([C@@:5]([I:6])([C:7](=[O:8])[H:12])[H:11])[H:10])[H:9],[O:1]=[C:2]([C@@:3]([F:4])([C@@:5]([I:6])([C:7](=[O:8])[H:12])[H:11])[H:10])[H:9]
[N+:1]([C@:2]1([H:16])[C:3]([H:17])([H:18])[C@@:4]1([c:5]1[c:6]([H:20])[c:7]([H:21])[c:8]([I:9])[c:10]([F:11])[c:12]1[H:22])[H:19])([H:13])([H:14])[H:15],[N+:1]([C@:2]1([H:16])[C:3]([H:17])([H:18])[C@:4]1([c:5]1[c:6]([H:20])[c:7]([H:21])[c:8]([I:9])[c:10]([F:11])[c:12]1[H:22])[H:19])([H:13])([H:14])[H:15]
[H:12][C:1]1=[C:2]([N:3]=[C:4]([O:5]1)[C:6]([H:13])([H:14])[C:7]2([C:8]([C:9]2([H:18])[H:19])([H:16])[H:17])[H:15])[C:10](=[O:11])[H:20],[H:12][C:1]1=[C:2]([N:3]=[C:4]([O:5]1)[C:6]([H:13])([H:14])[C:7]2([C:8]([C:9]2([H:18])[H:19])([H:16])[H:17])[H:15])[C:10](=[O:11])[H:20]
[H:17][c:8]1[c:9]([c:10]([c:2]([c:3]([c:4]1[B:5]([O:6][H:15])[O:7][H:16])[H:14])[N:1]([H:12])[H:13])[O:11][H:19])[H:18],[H:17][c:8]1[c:9]([c:10]([c:2]([c:3]([c:4]1[B:5]([O:6][H:15])[O:7][H:16])[H:14])[N:1]([H:12])[H:13])[O:11][H:19])[H:18]
[H:12][C:1]([H:13])([H:14])[C:2]([H:15])([H:16])[C:3]1=[N:4][N:5]=[C:6]([O:7]1)[S:8][C:9]([H:17])([H:18])[C:10]#[N:11],[H:12][C:1]([H:13])([H:14])[C:2]([H:15])([H:16])[C:3]1=[N:4][N:5]=[C:6]([O:7]1)[S:8][C:9]([H:17])([H:18])[C:10]#[N:11]
[H:21][C:7](=[O:8])[C:5]1([C:6]([C:1]([C:2]([C:3]([N+:4]1([H:16])[H:17])([H:15])[C:9]([H:22])([H:23])[N:10]([H:24])[H:25])([H:13])[H:14])([H:11])[H:12])([H:19])[H:20])[H:18],[H:21][C:7](=[O:8])[C:5]1([C:6]([C:1]([C:2]([C:3]([N+:4]1([H:16])[H:17])([H:15])[C:9]([H:22])([H:23])[N:10]([H:24])[H:25])([H:13])[H:14])([H:11])[H:12])([H:19])[H:20])[H:18]
[H:19][C:7]([H:20])([H:21])[C:6]([H:17])([H:18])[O:5][Si:3]([C:4]([H:14])([H:15])[H:16])([N:1]([H:10])[C:2]([H:11])([H:12])[H:13])[N:8]([H:22])[C:9]([H:23])([H:24])[H:25],[H:19][C:7]([H:20])([H:21])[C:6]([H:17])([H:18])[O:5][Si:3]([C:4]([H:14])([H:15])[H:16])([N:1]([H:10])[C:2]([H:11])([H:12])[H:13])[N:8]([H:22])[C:9]([H:23])([H:24])[H:25]
[C:1]([C@:2]1([H:16])[C:3]([H:17])([H:18])[C@:4]1([c:5]1[c:6]([H:20])[c:7]([H:21])[c:8]([I:9])[c:10]([H:22])[c:11]1[I:12])[H:19])([H:13])([H:14])[H:15],[C:1]([C@:2]1([H:16])[C:3]([H:17])([H:18])[C@@:4]1([c:5]1[c:6]([H:20])[c:7]([H:21])[c:8]([I:9])[c:10]([H:22])[c:11]1[I:12])[H:19])([H:13])([H:14])[H:15]
[H:9][C:1]([H:10])([H:11])[O:2][C:3]([C:4]([H:12])([H:13])[O:5][H:14])([C:6]([H:15])([H:16])[O:7][H:17])[O:8][H:18],[H:9][C:1]([H:10])([H:11])[O:2][C:3]([C:4]([H:12])([H:13])[O:5][H:14])([C:6]([H:15])([H:16])[O:7][H:17])[O:8][H:18]
[H:12][C:1]1([C:2]([C:3]2([C:4]([N+:5]([C:6]1([H:20])[H:21])([H:18])[H:19])([H:16])[H:17])[C:7]([C:8]([C:9]2([H:25])[O:10][H:26])([H:23])[H:24])([H:22])[O:11][H:27])([H:14])[H:15])[H:13],[H:12][C:1]1([C:2]([C:3]2([C:4]([N+:5]([C:6]1([H:20])[H:21])([H:18])[H:19])([H:16])[H:17])[C:7]([C:8]([C:9]2([H:25])[O:10][H:26])([H:23])[H:24])([H:22])[O:11][H:27])([H:14])[H:15])[H:13]
[H:11][C:1]1([C:2]([C:3]([C:4]([C:5]1([H:18])[H:19])([H:17])[C:6]([H:20])([H:21])[O:7][P:8](=[O:9])([H:22])[O-:10])([H:15])[H:16])([H:13])[H:14])[H:12],[H:11][C:1]1([C:2]([C:3]([C:4]([C:5]1([H:18])[H:19])([H:17])[C:6]([H:20])([H:21])[O:7][P:8](=[O:9])([H:22])[O-:10])([H:15])[H:16])([H:13])[H:14])[H:12]
[H:14][C:2]1([C:1]([N+:6]([C:5]([C:4]([N:3]1[C:7]([H:22])([H:23])[C:8]([H:24])([C:9]([H:25])([H:26])[S:10][H:27])[N+:11]([H:28])([H:29])[H:30])([H:16])[H:17])([H:18])[H:19])([H:20])[H:21])([H:12])[H:13])[H:15],[H:14][C:2]1([C:1]([N+:6]([C:5]([C:4]([N:3]1[C:7]([H:22])([H:23])[C:8]([H:24])([C:9]([H:25])([H:26])[S:10][H:27])[N+:11]([H:28])([H:29])[H:30])([H:16])[H:17])([H:18])[H:19])([H:20])[H:21])([H:12])[H:13])[H:15]
[H:11][C:1](=[C:2]([H:13])[C:3]([H:14])([H:15])[C:4]1([C:5]([C:6]([C:7]([C:8]([N:9]1[H:24])([H:22])[H:23])([H:20])[H:21])([H:18])[H:19])([H:17])[O:10][H:25])[H:16])[H:12],[H:11][C:1](=[C:2]([H:13])[C:3]([H:14])([H:15])[C:4]1([C:5]([C:6]([C:7]([C:8]([N:9]1[H:24])([H:22])[H:23])([H:20])[H:21])([H:18])[H:19])([H:17])[O:10][H:25])[H:16])[H:12]
[N:1](=[C:2](\[C:3]1=[C:4]([I:5])[N:6]=[C:7]2[S:8][C:9]([H:14])=[C:10]([H:15])[N:11]12)[H:13])\[H:12],[N:1](=[C:2](/[C:3]1=[C:4]([I:5])[N:6]=[C:7]2[S:8][C:9]([H:14])=[C:10]([H:15])[N:11]12)[H:13])\[H:12]
[H:11][C:1]([H:12])([H:13])[C:2]([C:3]([H:14])([H:15])[H:16])([C:4]([H:17])([H:18])[H:19])[C:5]([H:20])([H:21])[C:6]([H:22])([H:23])[C:7]([H:24])([C:8]([H:25])([H:26])[O:9][H:27])[N:10]([H:28])[H:29],[H:11][C:1]([H:12])([H:13])[C:2]([C:3]([H:14])([H:15])[H:16])([C:4]([H:17])([H:18])[H:19])[C:5]([H:20])([H:21])[C:6]([H:22])([H:23])[C:7]([H:24])([C:8]([H:25])([H:26])[O:9][H:27])[N:10]([H:28])[H:29]
[H:12][C:1]1([C:2]([C:3]2([C:4]1([H:16])[H:17])[C:5]([N+:6]([C:7]([C:8]([O:9]2)([H:24])[C:10]([H:25])([H:26])[O:11][H:27])([H:22])[H:23])([H:20])[H:21])([H:18])[H:19])([H:14])[H:15])[H:13],[H:12][C:1]1([C:2]([C:3]2([C:4]1([H:16])[H:17])[C:5]([N+:6]([C:7]([C:8]([O:9]2)([H:24])[C:10]([H:25])([H:26])[O:11][H:27])([H:22])[H:23])([H:20])[H:21])([H:18])[H:19])([H:14])[H:15])[H:13]
[H:17][c:7]1[c:8]([n:9][c:4]([c:5]([n:6]1)[C:10](=[O:11])[H:19])[S:3][C:2]([H:15])([H:16])[C:1]([H:12])([H:13])[H:14])[H:18],[H:17][c:7]1[c:8]([n:9][c:4]([c:5]([n:6]1)[C:10](=[O:11])[H:19])[S:3][C:2]([H:15])([H:16])[C:1]([H:12])([H:13])[H:14])[H:18]
[H:28][C:11](=[O:12])[C:8]1([S:7][C:6]([C:5]([C:10]([S:9]1)([H:26])[H:27])([H:22])[C:4]([H:20])([H:21])[N+:2]([H:16])([C:1]([H:13])([H:14])[H:15])[C:3]([H:17])([H:18])[H:19])([H:23])[H:24])[H:25],[H:28][C:11](=[O:12])[C:8]1([S:7][C:6]([C:5]([C:10]([S:9]1)([H:26])[H:27])([H:22])[C:4]([H:20])([H:21])[N+:2]([H:16])([C:1]([H:13])([H:14])[H:15])[C:3]([H:17])([H:18])[H:19])([H:23])[H:24])[H:25]
[H:13][C:1]([H:14])([H:15])[N:2]([C:3]([H:16])([H:17])[C:4]([H:18])([H:19])[C:5]#[N:6])[C:7]([H:20])([H:21])[C:8]([H:22])([H:23])[C:9]([F:10])([F:11])[F:12],[H:13][C:1]([H:14])([H:15])[N:2]([C:3]([H:16])([H:17])[C:4]([H:18])([H:19])[C:5]#[N:6])[C:7]([H:20])([H:21])[C:8]([H:22])([H:23])[C:9]([F:10])([F:11])[F:12]
[H:23][C:10](=[O:11])[C:4]1([C:5]([N+:6]([C:1]([C:2]([O:3]1)([H:14])[H:15])([H:12])[H:13])([H:19])[C:7]([H:20])([H:21])[C:8](=[O:9])[H:22])([H:17])[H:18])[H:16],[H:23][C:10](=[O:11])[C:4]1([C:5]([N+:6]([C:1]([C:2]([O:3]1)([H:14])[H:15])([H:12])[H:13])([H:19])[C:7]([H:20])([H:21])[C:8](=[O:9])[H:22])([H:17])[H:18])[H:16]
[N:1](=[C:2]1\[C:3]([H:11])=[C:4]([H:12])[C:5](=[O:6])[C:7]([I:8])=[C:9]1[H:13])\[H:10],[N:1](=[C:2]1/[C:3]([H:11])=[C:4]([H:12])[C:5](=[O:6])[C:7]([I:8])=[C:9]1[H:13])\[H:10]
[H:10][C:1]([H:11])([C:2]([H:12])([H:13])[C:3]([H:14])([H:15])[O:4][N+:5](=[O:6])[O-:7])[C:8]([H:16])([H:17])[N:9]([H:18])[H:19],[H:10][C:1]([H:11])([C:2]([H:12])([H:13])[C:3]([H:14])([H:15])[O:4][N+:5](=[O:6])[O-:7])[C:8]([H:16])([H:17])[N:9]([H:18])[H:19]
[N:1]([C:2]1=[N:3][C:4]2=[N+:5]([H:15])[C:6]([I:7])=[N+:8]([H:16])[C@@:9]2([H:17])[C:10](=[O:11])[N:12]1[H:18])([H:13])[H:14],[N:1]([C:2]1=[N:3][C:4]2=[N+:5]([H:15])[C:6]([I:7])=[N+:8]([H:16])[C@:9]2([H:17])[C:10](=[O:11])[N:12]1[H:18])([H:13])[H:14]
[H:19][C:5]1=[C:6]([N:7]([C:8](=[C:4]1[C:3]([H:17])([H:18])[N+:2]([H:15])([H:16])[C:1]([H:12])([H:13])[H:14])[H:21])[H:20])[C:9]2([C:10]([C:11]2([H:25])[H:26])([H:23])[H:24])[H:22],[H:19][C:5]1=[C:6]([N:7]([C:8](=[C:4]1[C:3]([H:17])([H:18])[N+:2]([H:15])([H:16])[C:1]([H:12])([H:13])[H:14])[H:21])[H:20])[C:9]2([C:10]([C:11]2([H:25])[H:26])([H:23])[H:24])[H:22]
[I:1][C:2]1=[C:6]2[C:5]3=[C:4]([S:3]1)[C:11]([H:19])([H:20])[N+:10]([H:17])([H:18])[C@:9]3([H:16])[C:8]([H:14])([H:15])[C:7]2([H:12])[H:13],[I:1][C:2]1=[C:6]2[C:5]3=[C:4]([S:3]1)[C:11]([H:19])([H:20])[N+:10]([H:17])([H:18])[C@@:9]3([H:16])[C:8]([H:14])([H:15])[C:7]2([H:12])[H:13]
[H:9][C:1]([H:10])([C:2]([C:3]([H:11])([H:12])[O:4][H:13])([C:5]([H:14])([H:15])[O:6][H:16])[O:7][H:17])[N:8]([H:18])[H:19],[H:9][C:1]([H:10])([C:2]([C:3]([H:11])([H:12])[O:4][H:13])([C:5]([H:14])([H:15])[O:6][H:16])[O:7][H:17])[N:8]([H:18])[H:19]
[C:1]([C@@:2]1([H:16])[C:3]([H:17])([H:18])[N:4]([H:19])[C@@:5]([C:6]([H:21])([H:22])[H:23])([H:20])[C:7]2=[C:12]1[N:11]([H:25])[C:9]([I:10])=[C:8]2[H:24])([H:13])([H:14])[H:15],[C:1]([C@:2]1([H:16])[C:3]([H:17])([H:18])[N:4]([H:19])[C@:5]([C:6]([H:21])([H:22])[H:23])([H:20])[C:7]2=[C:12]1[N:11]([H:25])[C:9]([I:10])=[C:8]2[H:24])([H:13])([H:14])[H:15]
[N:1]([C:2]1=[N:3][C:4]([I:5])=[N:6][C@@:7]2([H:14])[N:8]([H:15])[C:9]([H:16])=[N:10][C@:11]12[H:17])([H:12])[H:13],[N:1]([C:2]1=[N:3][C:4]([I:5])=[N:6][C@:7]2([H:14])[N:8]([H:15])[C:9]([H:16])=[N:10][C@@:11]12[H:17])([H:12])[H:13]
[N:1]([C:2]1=[N:3][C:4]([I:5])=[N:6][C@@:7]2([H:14])[N:8]([H:15])[C:9]([H:16])=[N:10][C@@:11]12[H:17])([H:12])[H:13],[N:1]([C:2]1=[N:3][C:4]([I:5])=[N:6][C@:7]2([H:14])[N:8]([H:15])[C:9]([H:16])=[N:10][C@@:11]12[H:17])([H:12])[H:13]
[H:8][C:1]([H:9])([H:10])[C:2]([H:11])([H:12])[C:3]([H:13])([H:14])[C:4](=[N:5][H:15])[O:6][C:7]([H:16])([H:17])[H:18],[H:8][C:1]([H:9])([H:10])[C:2]([H:11])([H:12])[C:3]([H:13])([H:14])[C:4](=[N:5][H:15])[O:6][C:7]([H:16])([H:17])[H:18]
[H:10][C:1]1([C:2]([O:3][C:4]([C:5]1([C:6]([H:16])([H:17])[C:7]([H:18])([H:19])[O:8][H:20])[N+:9]([H:21])([H:22])[H:23])([H:14])[H:15])([H:12])[H:13])[H:11],[H:10][C:1]1([C:2]([O:3][C:4]([C:5]1([C:6]([H:16])([H:17])[C:7]([H:18])([H:19])[O:8][H:20])[N+:9]([H:21])([H:22])[H:23])([H:14])[H:15])([H:12])[H:13])[H:11]
[H:29][c:11]1[c:12]([c:13]2[c:7]([c:8]([c:10]1[H:28])[C:9]([H:25])([H:26])[H:27])[O:6][C:5]([C@:4]2([H:22])[C:3]([H:20])([H:21])[C@@:2]([H:19])([B:14]([O:15][H:31])[O:16][H:32])[N:1]([H:17])[H:18])([H:23])[H:24])[H:30],[H:29][c:11]1[c:12]([c:13]2[c:7]([c:8]([c:10]1[H:28])[C:9]([H:25])([H:26])[H:27])[O:6][C:5]([C@:4]2([H:22])[C:3]([H:20])([H:21])[C@:2]([H:19])([B:14]([O:15][H:31])[O:16][H:32])[N:1]([H:17])[H:18])([H:23])[H:24])[H:30]
[H:19][c:7]1[c:6]([c:11]([n:10][c:9]([n:8]1)[H:20])[N:12]([H:21])[H:22])[C:5](=[N:4][O:3][C:2]([H:16])([H:17])[C:1]([H:13])([H:14])[H:15])[H:18],[H:19][c:7]1[c:6]([c:11]([n:10][c:9]([n:8]1)[H:20])[N:12]([H:21])[H:22])[C:5](=[N:4][O:3][C:2]([H:16])([H:17])[C:1]([H:13])([H:14])[H:15])[H:18]
[H:9][C:1]#[C:2][C:3]([H:10])([H:11])[C:4]([H:12])([C:5](=[O:6])[N:7]([H:13])[H:14])[N:8]([H:15])[H:16],[H:9][C:1]#[C:2][C:3]([H:10])([H:11])[C:4]([H:12])([C:5](=[O:6])[N:7]([H:13])[H:14])[N:8]([H:15])[H:16]
[H:8][C:1]([H:9])([H:10])[C:2]([H:11])([H:12])[N:3]([H:13])[N:4]([H:14])[C:5](=[N:6][H:15])[N:7]([H:16])[H:17],[H:8][C:1]([H:9])([H:10])[C:2]([H:11])([H:12])[N:3]([H:13])[N:4]([H:14])[C:5](=[N:6][H:15])[N:7]([H:16])[H:17]
[H:10][C:1]([H:11])([H:12])[C:2]([H:13])([C:3]([H:14])([H:15])[H:16])[S:4][C:5]([H:17])([H:18])[C:6]([H:19])([C:7]([H:20])([H:21])[O:8][H:22])[N+:9]([H:23])([H:24])[H:25],[H:10][C:1]([H:11])([H:12])[C:2]([H:13])([C:3]([H:14])([H:15])[H:16])[S:4][C:5]([H:17])([H:18])[C:6]([H:19])([C:7]([H:20])([H:21])[O:8][H:22])[N+:9]([H:23])([H:24])[H:25]
[H:9][C:1]([H:10])([H:11])[N:2]([H:12])[C:3]([H:13])([H:14])[C:4]([H:15])([H:16])[N+:5](=[C:6]([N:7]([H:18])[H:19])[N:8]([H:20])[H:21])[H:17],[H:9][C:1]([H:10])([H:11])[N:2]([H:12])[C:3]([H:13])([H:14])[C:4]([H:15])([H:16])[N+:5](=[C:6]([N:7]([H:18])[H:19])[N:8]([H:20])[H:21])[H:17]
[N:1](=[C:2](\[c:3]1[c:4]([H:15])[c:5]2[c:6]([c:7]([H:16])[c:8]1[I:9])[O:10][C:11]([H:17])([H:18])[O:12]2)[H:14])\[H:13],[N:1](=[C:2](/[c:3]1[c:4]([H:15])[c:5]2[c:6]([c:7]([H:16])[c:8]1[I:9])[O:10][C:11]([H:17])([H:18])[O:12]2)[H:14])\[H:13]
[H:18][C:6](=[O:7])[C:5]([H:16])([H:17])[C:4]([H:15])([C:3]1([C:1]([C:2]1([H:12])[H:13])([H:10])[H:11])[H:14])[C:8]([H:19])([H:20])[N+:9]([H:21])([H:22])[H:23],[H:18][C:6](=[O:7])[C:5]([H:16])([H:17])[C:4]([H:15])([C:3]1([C:1]([C:2]1([H:12])[H:13])([H:10])[H:11])[H:14])[C:8]([H:19])([H:20])[N+:9]([H:21])([H:22])[H:23]
[H:13][C@@:3]1([C:2]([N:1]([Si@:6]([C:5]1([H:17])[H:18])([C:7]([H:19])([H:20])[H:21])[O:8][C:9]([H:22])([H:23])[H:24])[H:10])([H:11])[H:12])[C:4]([H:14])([H:15])[H:16],[H:13][C@@:3]1([C:2]([N:1]([Si@@:6]([C:5]1([H:17])[H:18])([C:7]([H:19])([H:20])[H:21])[O:8][C:9]([H:22])([H:23])[H:24])[H:10])([H:11])[H:12])[C:4]([H:14])([H:15])[H:16]
[H:24][C:8]1=[N:9][O:10][N+:11](=[C:7]1[S:6][C:5]([H:22])([H:23])[C:4]([H:20])([H:21])[N+:2]([H:16])([C:1]([H:13])([H:14])[H:15])[C:3]([H:17])([H:18])[H:19])[O-:12],[H:24][C:8]1=[N:9][O:10][N+:11](=[C:7]1[S:6][C:5]([H:22])([H:23])[C:4]([H:20])([H:21])[N+:2]([H:16])([C:1]([H:13])([H:14])[H:15])[C:3]([H:17])([H:18])[H:19])[O-:12]
[H:9][C:1](=[C:2]([H:11])[C:3]([H:12])([C:4]([H:13])([H:14])[C:5]([H:15])([H:16])[C:6](=[O:7])[H:17])[N:8]([H:18])[H:19])[H:10],[H:9][C:1](=[C:2]([H:11])[C:3]([H:12])([C:4]([H:13])([H:14])[C:5]([H:15])([H:16])[C:6](=[O:7])[H:17])[N:8]([H:18])[H:19])[H:10]
[H:31][C:11](=[O:12])[C:10]([H:29])([H:30])[C:9]([H:27])([H:28])[C:8]([H:25])([H:26])[C:7]([H:23])([H:24])[N:3]1[C:2]([C:1]([N+:6]([C:5]([C:4]1([H:17])[H:18])([H:19])[H:20])([H:21])[H:22])([H:13])[H:14])([H:15])[H:16],[H:31][C:11](=[O:12])[C:10]([H:29])([H:30])[C:9]([H:27])([H:28])[C:8]([H:25])([H:26])[C:7]([H:23])([H:24])[N:3]1[C:2]([C:1]([N+:6]([C:5]([C:4]1([H:17])[H:18])([H:19])[H:20])([H:21])[H:22])([H:13])[H:14])([H:15])[H:16]
[H:15][C:3]1=[C:2]([N:11]([C:5](=[N:6][C:7]([H:16])([H:17])[C:8]([H:18])([H:19])[O:9][C:10]([H:20])([H:21])[H:22])[S:4]1)[H:23])[C:1]([H:12])([H:13])[H:14],[H:15][C:3]1=[C:2]([N:11]([C:5](=[N:6][C:7]([H:16])([H:17])[C:8]([H:18])([H:19])[O:9][C:10]([H:20])([H:21])[H:22])[S:4]1)[H:23])[C:1]([H:12])([H:13])[H:14]
[H:11][C:1]([H:12])([H:13])[C:2]([H:14])([H:15])[C:3]([H:16])([H:17])[O:4][C:5]([H:18])([C:6]([Cl:7])([Cl:8])[Cl:9])[N+:10]([H:19])([H:20])[H:21],[H:11][C:1]([H:12])([H:13])[C:2]([H:14])([H:15])[C:3]([H:16])([H:17])[O:4][C:5]([H:18])([C:6]([Cl:7])([Cl:8])[Cl:9])[N+:10]([H:19])([H:20])[H:21]
[H:12][C:1]#[C:2][C:3]([H:13])([H:14])[N+:4]1([C:5]([C:6]([C:7]([C:8]([C:9]1([H:24])[C:10](=[O:11])[H:25])([H:22])[H:23])([H:20])[H:21])([H:18])[H:19])([H:16])[H:17])[H:15],[H:12][C:1]#[C:2][C:3]([H:13])([H:14])[N+:4]1([C:5]([C:6]([C:7]([C:8]([C:9]1([H:24])[C:10](=[O:11])[H:25])([H:22])[H:23])([H:20])[H:21])([H:18])[H:19])([H:16])[H:17])[H:15]
[H:18][C:6]1=[C:7]([S:8][C:4](=[C:5]1[H:17])[C:3]([H:15])([H:16])[C:2]([H:14])([C:1]([H:11])([H:12])[H:13])[N+:9]([H:20])([H:21])[C:10]([H:22])([H:23])[H:24])[H:19],[H:18][C:6]1=[C:7]([S:8][C:4](=[C:5]1[H:17])[C:3]([H:15])([H:16])[C:2]([H:14])([C:1]([H:11])([H:12])[H:13])[N+:9]([H:20])([H:21])[C:10]([H:22])([H:23])[H:24])[H:19]
[H:12][C:1]1=[C:5]([O:4][C:3](=[C:2]1[H:13])[C:6]([H:15])([C:10](=[O:11])[H:23])[C:7]([H:16])([H:17])[C:8]([H:18])([H:19])[N+:9]([H:20])([H:21])[H:22])[H:14],[H:12][C:1]1=[C:5]([O:4][C:3](=[C:2]1[H:13])[C:6]([H:15])([C:10](=[O:11])[H:23])[C:7]([H:16])([H:17])[C:8]([H:18])([H:19])[N+:9]([H:20])([H:21])[H:22])[H:14]
[H:12][C:1]1([C:2]([C:3]([N:4]([C:5]([C:6]1([H:20])[H:21])([H:19])[C:7]([H:22])([H:23])[S:8](=[O:9])(=[O:10])[N:11]([H:24])[H:25])[H:18])([H:16])[H:17])([H:14])[H:15])[H:13],[H:12][C:1]1([C:2]([C:3]([N:4]([C:5]([C:6]1([H:20])[H:21])([H:19])[C:7]([H:22])([H:23])[S:8](=[O:9])(=[O:10])[N:11]([H:24])[H:25])[H:18])([H:16])[H:17])([H:14])[H:15])[H:13]
[H:20][C:4]1=[C:5]([C:9]([C@@:10]([C@:2]([C:3]1([H:18])[H:19])([H:17])[N:1]([H:15])[H:16])([H:25])[N:11]([H:26])/[C:12](=[N:13]/[H:27])/[N:14]([H:28])[H:29])([H:23])[H:24])[B:6]([O:7][H:21])[O:8][H:22],[H:20][C:4]1=[C:5]([C:9]([C@@:10]([C@@:2]([C:3]1([H:18])[H:19])([H:17])[N:1]([H:15])[H:16])([H:25])[N:11]([H:26])/[C:12](=[N:13]\[H:27])/[N:14]([H:28])[H:29])([H:23])[H:24])[B:6]([O:7][H:21])[O:8][H:22]
[H:19][C:6]1=[C:7]([O:8][C:4](=[C:5]1[C:9]([H:21])([C:10]([H:22])([H:23])[H:24])[N+:11]([H:25])([H:26])[H:27])[C:3]([H:17])([H:18])[C:2]([H:15])([H:16])[C:1]([H:12])([H:13])[H:14])[H:20],[H:19][C:6]1=[C:7]([O:8][C:4](=[C:5]1[C:9]([H:21])([C:10]([H:22])([H:23])[H:24])[N+:11]([H:25])([H:26])[H:27])[C:3]([H:17])([H:18])[C:2]([H:15])([H:16])[C:1]([H:12])([H:13])[H:14])[H:20]
[H:15][C:4]1=[C:3]([C:7]([C:6](=[N:5]1)[C:8](=[O:9])[H:18])([H:16])[H:17])[C:2]([H:14])([C:1]([H:11])([H:12])[H:13])[O:10][H:19],[H:15][C:4]1=[C:3]([C:7]([C:6](=[N:5]1)[C:8](=[O:9])[H:18])([H:16])[H:17])[C:2]([H:14])([C:1]([H:11])([H:12])[H:13])[O:10][H:19]
[O:1]=[C:2]([C@:3]([F:4])([C@:5]([I:6])([C:7](=[O:8])[H:12])[H:11])[H:10])[H:9],[O:1]=[C:2]([C@@:3]([F:4])([C@@:5]([I:6])([C:7](=[O:8])[H:12])[H:11])[H:10])[H:9]
[O:1]=[C:2]([C@@:3]([F:4])([C@:5]([I:6])([C:7](=[O:8])[H:12])[H:11])[H:10])[H:9],[O:1]=[C:2]([C@@:3]([F:4])([C@@:5]([I:6])([C:7](=[O:8])[H:12])[H:11])[H:10])[H:9]
[H:18][C:1](=[O:2])[C@:3]([C:4]([H:19])([H:20])[C:5]([H:21])([H:22])[C:6]([H:23])([H:24])[C:7]([H:25])([H:26])[B:8]([O:9][H:27])[O:10][H:28])([C:11]([H:29])([H:30])[N:12]([H:31])/[C:13](=[N:14]/[H:32])/[N:15]([H:33])[H:34])[N:16]([H:35])[C:17]([H:36])([H:37])[H:38],[H:18][C:1](=[O:2])[C@@:3]([C:4]([H:19])([H:20])[C:5]([H:21])([H:22])[C:6]([H:23])([H:24])[C:7]([H:25])([H:26])[B:8]([O:9][H:27])[O:10][H:28])([C:11]([H:29])([H:30])[N:12]([H:31])/[C:13](=[N:14]\[H:32])/[N:15]([H:33])[H:34])[N:16]([H:35])[C:17]([H:36])([H:37])[H:38]
[H:11][C:2](=[C:3]([C:4]([H:12])([H:13])[O:5][H:14])[C:6]([H:15])([H:16])[O:7][H:17])[C:1]([H:8])([H:9])[H:10],[H:11][C:2](=[C:3]([C:4]([H:12])([H:13])[O:5][H:14])[C:6]([H:15])([H:16])[O:7][H:17])[C:1]([H:8])([H:9])[H:10]
[H:14][C:3]([H:15])([H:16])[C:2]([H:12])([H:13])[N:1]([H:11])[C:4]([H:17])([H:18])[C:5]([H:19])([H:20])[C:6]([H:21])([H:22])[Si:7]([Cl:8])([Cl:9])[Cl:10],[H:14][C:3]([H:15])([H:16])[C:2]([H:12])([H:13])[N:1]([H:11])[C:4]([H:17])([H:18])[C:5]([H:19])([H:20])[C:6]([H:21])([H:22])[Si:7]([Cl:8])([Cl:9])[Cl:10]
[H:29][C:11](=[O:12])[C:8]1([C:7]([C:4]12[C:3]([C:2]([C:1]([C:6]([C:5]2([H:19])[H:20])([H:21])[H:22])([H:13])[H:14])([H:15])[H:16])([H:17])[H:18])([H:23])[H:24])[C:9]([H:25])([H:26])[N:10]([H:27])[H:28],[H:29][C:11](=[O:12])[C:8]1([C:7]([C:4]12[C:3]([C:2]([C:1]([C:6]([C:5]2([H:19])[H:20])([H:21])[H:22])([H:13])[H:14])([H:15])[H:16])([H:17])[H:18])([H:23])[H:24])[C:9]([H:25])([H:26])[N:10]([H:27])[H:28]
[N:1](=[C:2](\[S:3][c:4]1[c:5]([H:13])[c:6]([H:14])[c:7]([I:8])[c:9]([H:15])[c:10]1[H:16])[H:12])\[H:11],[N:1](=[C:2](/[S:3][c:4]1[c:5]([H:13])[c:6]([H:14])[c:7]([I:8])[c:9]([H:15])[c:10]1[H:16])[H:12])\[H:11]
[H:15][C:4]1=[C:3]([N+:2](=[C:6]([N:5]1[H:16])[S:7][C:8]([H:17])([H:18])[H:19])[C:1]([H:12])([H:13])[H:14])[C:9](=[N:10][O:11][H:21])[H:20],[H:15][C:4]1=[C:3]([N+:2](=[C:6]([N:5]1[H:16])[S:7][C:8]([H:17])([H:18])[H:19])[C:1]([H:12])([H:13])[H:14])[C:9](=[N:10][O:11][H:21])[H:20]
[H:13][C:1]([H:14])([H:15])[C:2]([H:16])([H:17])[C:3]([H:18])([H:19])[N:4]1[N:5]=[C:6]([N:7]=[N:8]1)[N:9]([H:20])[C:10](=[S:11])[N:12]([H:21])[H:22],[H:13][C:1]([H:14])([H:15])[C:2]([H:16])([H:17])[C:3]([H:18])([H:19])[N:4]1[N:5]=[C:6]([N:7]=[N:8]1)[N:9]([H:20])[C:10](=[S:11])[N:12]([H:21])[H:22]
[H:14][C:3]1([C:2]([N+:4]1([H:16])[C:5]([H:17])([H:18])[C:6]([H:19])([C:7]([H:20])([H:21])[N+:8]([H:22])([H:23])[H:24])[O:9][H:25])([C:1]([H:11])([H:12])[H:13])[C:10]([H:26])([H:27])[H:28])[H:15],[H:14][C:3]1([C:2]([N+:4]1([H:16])[C:5]([H:17])([H:18])[C:6]([H:19])([C:7]([H:20])([H:21])[N+:8]([H:22])([H:23])[H:24])[O:9][H:25])([C:1]([H:11])([H:12])[H:13])[C:10]([H:26])([H:27])[H:28])[H:15]
[H:23][C:7]1([C:6]([C:5]([O:9][C:8]1([H:25])[C:10]([H:26])([H:27])[N+:11]([H:28])([H:29])[C:12]([H:30])([H:31])[H:32])([H:20])[C:4]([H:18])([H:19])[O:3][C:2]([H:16])([H:17])[C:1]([H:13])([H:14])[H:15])([H:21])[H:22])[H:24],[H:23][C:7]1([C:6]([C:5]([O:9][C:8]1([H:25])[C:10]([H:26])([H:27])[N+:11]([H:28])([H:29])[C:12]([H:30])([H:31])[H:32])([H:20])[C:4]([H:18])([H:19])[O:3][C:2]([H:16])([H:17])[C:1]([H:13])([H:14])[H:15])([H:21])[H:22])[H:24]
[O:1]=[C:2]([C:3]([C:4]([I:5])([I:6])[C:7]([I:8])([I:9])[I:10])([H:12])[H:13])[H:11],[O:1]=[C:2]([C:3]([C:4]([I:5])([I:6])[C:7]([I:8])([I:9])[I:10])([H:12])[H:13])[H:11]
[H:18][C:10](=[O:11])[C:5]1=[C:4]([C:8](=[N:7][N:6]1[H:17])[O-:9])[C:1]([H:12])([H:13])[C:2]([H:14])([H:15])[O:3][H:16],[H:18][C:10](=[O:11])[C:5]1=[C:4]([C:8](=[N:7][N:6]1[H:17])[O-:9])[C:1]([H:12])([H:13])[C:2]([H:14])([H:15])[O:3][H:16]
[H:36][c:16]1[c:15]([c:14]([c:13]([c:18]([c:17]1[H:37])[H:38])[C:12]([H:32])([H:33])[C@@:3]([C:1](=[O:2])[H:19])([C:5]([H:22])([H:23])[C:6]([H:24])([H:25])[C:7]([H:26])([H:27])[C:8]([H:28])([H:29])[B:9]([O:10][H:30])[O:11][H:31])[N:4]([H:20])[H:21])[H:34])[H:35],[H:36][c:16]1[c:15]([c:14]([c:13]([c:18]([c:17]1[H:37])[H:38])[C:12]([H:32])([H:33])[C@:3]([C:1](=[O:2])[H:19])([C:5]([H:22])([H:23])[C:6]([H:24])([H:25])[C:7]([H:26])([H:27])[C:8]([H:28])([H:29])[B:9]([O:10][H:30])[O:11][H:31])[N:4]([H:20])[H:21])[H:34])[H:35]
[N+:1]([C@@:2]1([H:16])[C:3]([H:17])([H:18])[C@:4]1([c:5]1[c:6]([H:20])[c:7]([H:21])[c:8]([I:9])[c:10]([F:11])[c:12]1[H:22])[H:19])([H:13])([H:14])[H:15],[N+:1]([C@:2]1([H:16])[C:3]([H:17])([H:18])[C@:4]1([c:5]1[c:6]([H:20])[c:7]([H:21])[c:8]([I:9])[c:10]([F:11])[c:12]1[H:22])[H:19])([H:13])([H:14])[H:15]
[H:21][c:7]1[c:6]([c:5]([c:10]([c:9]([c:8]1[C:11]([H:24])([H:25])[N+:12]([H:26])([H:27])[H:28])[H:22])[H:23])[O:4][C:3]([H:18])([H:19])[C:2]([H:16])([H:17])[C:1]([H:13])([H:14])[H:15])[H:20],[H:21][c:7]1[c:6]([c:5]([c:10]([c:9]([c:8]1[C:11]([H:24])([H:25])[N+:12]([H:26])([H:27])[H:28])[H:22])[H:23])[O:4][C:3]([H:18])([H:19])[C:2]([H:16])([H:17])[C:1]([H:13])([H:14])[H:15])[H:20]
[H:22][c:6]1[c:7]([c:8]([c:10]([c:11]([c:5]1[Si:4]2([C:12]([C:13]([C:14]([C:15]([C:16]2([H:34])[H:35])([H:32])[H:33])([H:30])[H:31])([H:28])[H:29])([H:26])[H:27])[O:3][C:2]([H:20])([H:21])[C:1]([H:17])([H:18])[H:19])[H:25])[H:24])[Cl:9])[H:23],[H:22][c:6]1[c:7]([c:8]([c:10]([c:11]([c:5]1[Si:4]2([C:12]([C:13]([C:14]([C:15]([C:16]2([H:34])[H:35])([H:32])[H:33])([H:30])[H:31])([H:28])[H:29])([H:26])[H:27])[O:3][C:2]([H:20])([H:21])[C:1]([H:17])([H:18])[H:19])[H:25])[H:24])[Cl:9])[H:23]
[H:9][C:1]([H:10])([H:11])[C:2]([H:12])([H:13])[N:3]([C:5](=[S:6])[N:7]([H:17])[C:8]([H:18])([H:19])[H:20])[C:4]([H:14])([H:15])[H:16],[H:9][C:1]([H:10])([H:11])[C:2]([H:12])([H:13])[N:3]([C:5](=[S:6])[N:7]([H:17])[C:8]([H:18])([H:19])[H:20])[C:4]([H:14])([H:15])[H:16]
[H:13][C:1]1=[C:2]([N:3]=[C:4]([N:5]([C:6]1=[O:7])[H:15])[S:8][C:9]([H:16])([H:17])[C:10]([H:18])([H:19])[C:11](=[O:12])[H:20])[H:14],[H:13][C:1]1=[C:2]([N:3]=[C:4]([N:5]([C:6]1=[O:7])[H:15])[S:8][C:9]([H:16])([H:17])[C:10]([H:18])([H:19])[C:11](=[O:12])[H:20])[H:14]
[O:1]=[C:2]([C@@:3]1([H:13])[C:4]([H:14])([H:15])[C@@:5]1([C:6]1=[C:7]([H:17])[C:8]([H:18])=[C:9]([I:10])[S:11]1)[H:16])[H:12],[O:1]=[C:2]([C@:3]1([H:13])[C:4]([H:14])([H:15])[C@@:5]1([C:6]1=[C:7]([H:17])[C:8]([H:18])=[C:9]([I:10])[S:11]1)[H:16])[H:12]
[H:13][C:1]([H:14])([H:15])[C:2]([H:16])([H:17])[C:3]([H:18])([H:19])[C:4]([H:20])([H:21])[C:5]1=[N:9][C:8](=[C:7]([N:6]1[H:22])[C:11]([H:23])([H:24])[O:12][H:25])[Cl:10],[H:13][C:1]([H:14])([H:15])[C:2]([H:16])([H:17])[C:3]([H:18])([H:19])[C:4]([H:20])([H:21])[C:5]1=[N:9][C:8](=[C:7]([N:6]1[H:22])[C:11]([H:23])([H:24])[O:12][H:25])[Cl:10]
[H:12][c:1]1[c:2]([c:3]([c:4]([c:5]([c:6]1[H:16])[H:15])[S:7][C:8](=[O:9])[C:10]([H:17])([H:18])[N+:11]([H:19])([H:20])[H:21])[H:14])[H:13],[H:12][c:1]1[c:2]([c:3]([c:4]([c:5]([c:6]1[H:16])[H:15])[S:7][C:8](=[O:9])[C:10]([H:17])([H:18])[N+:11]([H:19])([H:20])[H:21])[H:14])[H:13]
[H:13][C:1]1=[N:7][N:6]([C:5](=[N:4][C:2]1=[O:3])[S:8][C:9]([H:15])([H:16])[C:10]([H:17])([H:18])[C:11]([H:19])([H:20])[O:12][H:21])[H:14],[H:13][C:1]1=[N:7][N:6]([C:5](=[N:4][C:2]1=[O:3])[S:8][C:9]([H:15])([H:16])[C:10]([H:17])([H:18])[C:11]([H:19])([H:20])[O:12][H:21])[H:14]
[C:1]([C@:2]1([I:3])[C:4](=[O:5])[N:6]([H:16])[C:7](=[O:8])[N:9]([H:17])[C@:10]1([C:11](=[O:12])[H:19])[H:18])([H:13])([H:14])[H:15],[C:1]([C@@:2]1([I:3])[C:4](=[O:5])[N:6]([H:16])[C:7](=[O:8])[N:9]([H:17])[C@:10]1([C:11](=[O:12])[H:19])[H:18])([H:13])([H:14])[H:15]
[H:10][C:1]([H:11])([C:2](=[O:3])[O-:4])[C:5]([C:6]([H:12])([H:13])[N:7]([H:14])[H:15])([F:8])[F:9],[H:10][C:1]([H:11])([C:2](=[O:3])[O-:4])[C:5]([C:6]([H:12])([H:13])[N:7]([H:14])[H:15])([F:8])[F:9]
[H:12][C:1]([H:13])([H:14])[C:2]([H:15])([C:3]([H:16])([H:17])[H:18])[C:4]([H:19])([H:20])[N+:5]([H:21])([H:22])[C:6]([H:23])([H:24])[C:7]1=[N:11][N:10]=[N:9][N:8]1[H:25],[H:12][C:1]([H:13])([H:14])[C:2]([H:15])([C:3]([H:16])([H:17])[H:18])[C:4]([H:19])([H:20])[N+:5]([H:21])([H:22])[C:6]([H:23])([H:24])[C:7]1=[N:11][N:10]=[N:9][N:8]1[H:25]
[H:27][C:10](=[O:11])[C:9]([H:26])([C:7]1([C:6]([C:5]([C:4]([C:3]([C:8]1([H:24])[H:25])([H:16])[O:2][C:1]([H:13])([H:14])[H:15])([H:17])[H:18])([H:19])[H:20])([H:21])[H:22])[H:23])[N:12]([H:28])[H:29],[H:27][C:10](=[O:11])[C:9]([H:26])([C:7]1([C:6]([C:5]([C:4]([C:3]([C:8]1([H:24])[H:25])([H:16])[O:2][C:1]([H:13])([H:14])[H:15])([H:17])[H:18])([H:19])[H:20])([H:21])[H:22])[H:23])[N:12]([H:28])[H:29]
[H:22][C:9](=[O:10])[C:8]([H:20])([H:21])[C:6]1([O:5][C:4]([C:3]([C:2]([O:7]1)([H:15])[C:1]([H:12])([H:13])[H:14])([H:16])[N:11]([H:23])[H:24])([H:17])[H:18])[H:19],[H:22][C:9](=[O:10])[C:8]([H:20])([H:21])[C:6]1([O:5][C:4]([C:3]([C:2]([O:7]1)([H:15])[C:1]([H:12])([H:13])[H:14])([H:16])[N:11]([H:23])[H:24])([H:17])[H:18])[H:19]
[H:19][C:1](=[O:2])[C@:3]1([C@@:12]([C@:11]2([C@@:6]([C:5]1([H:22])[H:23])([C@@:7]([N:9]([C:10]2([H:30])[H:31])[H:29])([H:25])[C:8]([H:26])([H:27])[H:28])[H:24])[H:32])([H:33])[C:13]([H:34])([H:35])[C:14]([H:36])([H:37])[C:15]([H:38])([H:39])[B:16]([O:17][H:40])[O:18][H:41])[N:4]([H:20])[H:21],[H:19][C:1](=[O:2])[C@:3]1([C@:12]([C@:11]2([C@@:6]([C:5]1([H:22])[H:23])([C@:7]([N:9]([C:10]2([H:30])[H:31])[H:29])([H:25])[C:8]([H:26])([H:27])[H:28])[H:24])[H:32])([H:33])[C:13]([H:34])([H:35])[C:14]([H:36])([H:37])[C:15]([H:38])([H:39])[B:16]([O:17][H:40])[O:18][H:41])[N:4]([H:20])[H:21]
[H:23][C:7]1=[C:6]([C:10](=[N:9][C:8]1([H:24])[H:25])[C:11]([H:26])([H:27])[H:28])[C:5]([H:21])([H:22])[C:4]([H:19])([H:20])[C:3]([H:17])([H:18])[C:2]([H:15])([H:16])[C:1]([H:12])([H:13])[H:14],[H:23][C:7]1=[C:6]([C:10](=[N:9][C:8]1([H:24])[H:25])[C:11]([H:26])([H:27])[H:28])[C:5]([H:21])([H:22])[C:4]([H:19])([H:20])[C:3]([H:17])([H:18])[C:2]([H:15])([H:16])[C:1]([H:12])([H:13])[H:14]
[H:19][C:4](=[O:5])[C:3]([H:18])([C:6]1=[N:10][C:9](=[N:8][N:7]1[H:20])[S:11][C:12]([H:21])([H:22])[H:23])[N+:2]([H:16])([H:17])[C:1]([H:13])([H:14])[H:15],[H:19][C:4](=[O:5])[C:3]([H:18])([C:6]1=[N:10][C:9](=[N:8][N:7]1[H:20])[S:11][C:12]([H:21])([H:22])[H:23])[N+:2]([H:16])([H:17])[C:1]([H:13])([H:14])[H:15]
[H:9][C:1]([H:10])([H:11])[C:2]([H:12])([H:13])[C:3]([H:14])([H:15])[C:4]([H:16])([H:17])[S:5](=[O:6])(=[O:7])[O:8][H:18],[H:9][C:1]([H:10])([H:11])[C:2]([H:12])([H:13])[C:3]([H:14])([H:15])[C:4]([H:16])([H:17])[S:5](=[O:6])(=[O:7])[O:8][H:18]
[H:12][C:1]1=[C:2]([N:3]([C:4](=[N+:5]1[H:14])[S:6][C:7]([H:15])([H:16])[C:8](=[O:9])[H:17])[H:13])[C:10]([H:18])([H:19])[O:11][H:20],[H:12][C:1]1=[C:2]([N:3]([C:4](=[N+:5]1[H:14])[S:6][C:7]([H:15])([H:16])[C:8](=[O:9])[H:17])[H:13])[C:10]([H:18])([H:19])[O:11][H:20]
[H:19][C:6]1=[C:5]([N:9]([N:8]=[C:7]1[H:20])[H:21])[C:4]([H:18])([O:3][C:2]([H:16])([H:17])[C:1]([H:13])([H:14])[H:15])[O:10][C:11]([H:22])([H:23])[C:12]([H:24])([H:25])[H:26],[H:19][C:6]1=[C:5]([N:9]([N:8]=[C:7]1[H:20])[H:21])[C:4]([H:18])([O:3][C:2]([H:16])([H:17])[C:1]([H:13])([H:14])[H:15])[O:10][C:11]([H:22])([H:23])[C:12]([H:24])([H:25])[H:26]
[H:22][C:11]([H:23])([H:24])[C:5]1=[N:6][N:7]=[C:8]([N:4]1[C:3]([H:17])([H:18])[C:2]([H:15])([H:16])[C:1]([H:12])([H:13])[H:14])[C:9]([H:19])([H:20])[O:10][H:21],[H:22][C:11]([H:23])([H:24])[C:5]1=[N:6][N:7]=[C:8]([N:4]1[C:3]([H:17])([H:18])[C:2]([H:15])([H:16])[C:1]([H:12])([H:13])[H:14])[C:9]([H:19])([H:20])[O:10][H:21]
[H:11][C:1]1([C:2]([C:3]1([H:15])[C:4]2=[N:5][N:6]=[C:7]([S:8]2)[C:9]([H:16])([H:17])[N:10]([H:18])[H:19])([H:13])[H:14])[H:12],[H:11][C:1]1([C:2]([C:3]1([H:15])[C:4]2=[N:5][N:6]=[C:7]([S:8]2)[C:9]([H:16])([H:17])[N:10]([H:18])[H:19])([H:13])[H:14])[H:12]
[H:13][C:1]1=[C:5]([S:4][C:3](=[C:2]1[H:14])[C:6]2([C:7]([C:8]([C:9]([C:10]2([H:22])[H:23])([H:20])[H:21])([H:18])[H:19])([H:16])[H:17])[C:11]([H:24])([H:25])[N:12]([H:26])[H:27])[H:15],[H:13][C:1]1=[C:5]([S:4][C:3](=[C:2]1[H:14])[C:6]2([C:7]([C:8]([C:9]([C:10]2([H:22])[H:23])([H:20])[H:21])([H:18])[H:19])([H:16])[H:17])[C:11]([H:24])([H:25])[N:12]([H:26])[H:27])[H:15]
[C:1]([O:2][C@@:3]([N+:4]([H:13])([H:14])[H:15])([C:5]([I:6])([I:7])[I:8])[H:12])([H:9])([H:10])[H:11],[C:1]([O:2][C@:3]([N+:4]([H:13])([H:14])[H:15])([C:5]([I:6])([I:7])[I:8])[H:12])([H:9])([H:10])[H:11]
[H:10][C:1]([H:11])([H:12])[C:2]([H:13])([H:14])[N+:3]([H:15])([C:4]([H:16])([H:17])[H:18])[C:5]([H:19])([H:20])[C:6]([H:21])([H:22])[C:7]([H:23])([H:24])[O:8][C:9]([H:25])([H:26])[H:27],[H:10][C:1]([H:11])([H:12])[C:2]([H:13])([H:14])[N+:3]([H:15])([C:4]([H:16])([H:17])[H:18])[C:5]([H:19])([H:20])[C:6]([H:21])([H:22])[C:7]([H:23])([H:24])[O:8][C:9]([H:25])([H:26])[H:27]
[H:12][C:1]([H:13])([H:14])[C:2]([H:15])([H:16])[C:3]([C:4]([H:17])([H:18])[C:5]([H:19])([H:20])[H:21])([C:6]([H:22])([H:23])[N:7]([H:24])[H:25])[S:8](=[O:9])(=[O:10])[C:11]([H:26])([H:27])[H:28],[H:12][C:1]([H:13])([H:14])[C:2]([H:15])([H:16])[C:3]([C:4]([H:17])([H:18])[C:5]([H:19])([H:20])[H:21])([C:6]([H:22])([H:23])[N:7]([H:24])[H:25])[S:8](=[O:9])(=[O:10])[C:11]([H:26])([H:27])[H:28]
[N+:1](=[C:2]1[N+:3]([H:14])=[C:4]([I:5])[N:6]([H:15])[C@:7]2([H:16])[N:8]([H:17])[C:9]([H:18])=[N:10][C@:11]12[H:19])([H:12])[H:13],[N+:1](=[C:2]1[N+:3]([H:14])=[C:4]([I:5])[N:6]([H:15])[C@:7]2([H:16])[N:8]([H:17])[C:9]([H:18])=[N:10][C@@:11]12[H:19])([H:12])[H:13]
[H:12][C:1]1=[C:2]([N:3]([C:4](=[C:5]1[C:6]([H:16])([C:7]([H:17])([H:18])[C:8](=[O:9])[O-:10])[N+:11]([H:19])([H:20])[H:21])[H:15])[H:14])[H:13],[H:12][C:1]1=[C:2]([N:3]([C:4](=[C:5]1[C:6]([H:16])([C:7]([H:17])([H:18])[C:8](=[O:9])[O-:10])[N+:11]([H:19])([H:20])[H:21])[H:15])[H:14])[H:13]
[H:15][C@@:2]([B:10]([O:11][H:26])[O:12][H:27])([C:3]([H:16])([H:17])[C:4]([H:18])([H:19])[C:5]([H:20])([H:21])[N:6]=[C:7]([N:8]([H:22])[H:23])[N:9]([H:24])[H:25])[N:1]([H:13])[H:14],[H:15][C@:2]([B:10]([O:11][H:26])[O:12][H:27])([C:3]([H:16])([H:17])[C:4]([H:18])([H:19])[C:5]([H:20])([H:21])[N:6]=[C:7]([N:8]([H:22])[H:23])[N:9]([H:24])[H:25])[N:1]([H:13])[H:14]
[H:12][C:1](=[O:2])[C@:3]([H:13])([C:4]([H:14])([H:15])[B:5]([O:6][H:16])[O:7][H:17])[N:8]([H:18])[C:9](=[O:11])[N:10]([H:19])[H:20],[H:12][C:1](=[O:2])[C@@:3]([H:13])([C:4]([H:14])([H:15])[B:5]([O:6][H:16])[O:7][H:17])[N:8]([H:18])[C:9](=[O:11])[N:10]([H:19])[H:20]
[H:16][C:3]1=[C:2]([N:6]([C:5](=[C:4]1[C:8]([H:21])([C:9](=[O:10])[C:11]([H:22])([H:23])[H:24])[O:12][H:25])[C:7]([H:18])([H:19])[H:20])[H:17])[C:1]([H:13])([H:14])[H:15],[H:16][C:3]1=[C:2]([N:6]([C:5](=[C:4]1[C:8]([H:21])([C:9](=[O:10])[C:11]([H:22])([H:23])[H:24])[O:12][H:25])[C:7]([H:18])([H:19])[H:20])[H:17])[C:1]([H:13])([H:14])[H:15]
[H:12][C:1]1=[C:2]([O:3][N:4]=[C:5]1[C:6]([C:7]([H:14])([F:8])[F:9])([F:10])[F:11])[H:13],[H:12][C:1]1=[C:2]([O:3][N:4]=[C:5]1[C:6]([C:7]([H:14])([F:8])[F:9])([F:10])[F:11])[H:13]
[N+:1]([C@:2]([C:3](=[O:4])[H:15])([C@:5]1([H:16])[C:6]([H:17])([H:18])[C:7]([I:8])=[N:9][O:10]1)[H:14])([H:11])([H:12])[H:13],[N+:1]([C@@:2]([C:3](=[O:4])[H:15])([C@@:5]1([H:16])[C:6]([H:17])([H:18])[C:7]([I:8])=[N:9][O:10]1)[H:14])([H:11])([H:12])[H:13]
[H:11][C:1]([H:12])([H:13])[C:2]([C:3]([H:14])([H:15])[H:16])([C:4]([H:17])([H:18])[C:5]#[N:6])[C:7]([H:19])([H:20])[S:8](=[O:9])[O-:10],[H:11][C:1]([H:12])([H:13])[C:2]([C:3]([H:14])([H:15])[H:16])([C:4]([H:17])([H:18])[C:5]#[N:6])[C:7]([H:19])([H:20])[S:8](=[O:9])[O-:10]
[C:1]([C:2]([C:3]([H:14])([H:15])[H:16])([I:4])[C@:5]1([O:6][H:17])[C:7]([H:18])([H:19])[C:8]([H:20])([H:21])[C:9]([H:22])([H:23])[N+:10]1([H:24])[H:25])([H:11])([H:12])[H:13],[C:1]([C:2]([C:3]([H:14])([H:15])[H:16])([I:4])[C@@:5]1([O:6][H:17])[C:7]([H:18])([H:19])[C:8]([H:20])([H:21])[C:9]([H:22])([H:23])[N+:10]1([H:24])[H:25])([H:11])([H:12])[H:13]
[H:18][c:5]1[c:4]([c:3]([c:8]([c:7]([c:6]1[H:19])[S:9](=[O:10])[O-:11])[H:20])[C:2]([H:16])([C:1]([H:13])([H:14])[H:15])[N:12]([H:21])[H:22])[H:17],[H:18][c:5]1[c:4]([c:3]([c:8]([c:7]([c:6]1[H:19])[S:9](=[O:10])[O-:11])[H:20])[C:2]([H:16])([C:1]([H:13])([H:14])[H:15])[N:12]([H:21])[H:22])[H:17]
[C:1]([C:2](/[C:3]([I:4])=[N+:5](\[O:6][H:13])[H:12])([H:10])[H:11])([H:7])([H:8])[H:9],[C:1]([C:2](/[C:3]([I:4])=[N+:5](/[O:6][H:13])[H:12])([H:10])[H:11])([H:7])([H:8])[H:9]
[H:13][C:1]1=[C:2]([C:3](=[O:4])[C:5]([C:6]([C:7]1([H:16])[O:8][H:17])([H:15])[O:9][H:18])([H:14])[O:10][H:19])[C:11]([H:20])([H:21])[O:12][H:22],[H:13][C:1]1=[C:2]([C:3](=[O:4])[C:5]([C:6]([C:7]1([H:16])[O:8][H:17])([H:15])[O:9][H:18])([H:14])[O:10][H:19])[C:11]([H:20])([H:21])[O:12][H:22]
[H:9][C:1]([H:10])([H:11])[C:2]([H:12])([H:13])[C:3]([H:14])([H:15])[N:4]([H:16])[C:5](=[N:6][H:17])[S:7][C:8]([H:18])([H:19])[H:20],[H:9][C:1]([H:10])([H:11])[C:2]([H:12])([H:13])[C:3]([H:14])([H:15])[N:4]([H:16])[C:5](=[N:6][H:17])[S:7][C:8]([H:18])([H:19])[H:20]
[H:11][C:1]1([C:2]([C:3]([C:4]([C:5]1([H:17])[C:6](=[O:7])[N:8]([H:18])[H:19])([H:16])[O:9][H:20])([H:15])[O:10][H:21])([H:13])[H:14])[H:12],[H:11][C:1]1([C:2]([C:3]([C:4]([C:5]1([H:17])[C:6](=[O:7])[N:8]([H:18])[H:19])([H:16])[O:9][H:20])([H:15])[O:10][H:21])([H:13])[H:14])[H:12]
[H:13][C:1]1=[C:5]([S:4][C:3](=[C:2]1[H:14])[C:6]2=[N:7][N:8]=[C:9]([O:10]2)[C:11]([H:16])([H:17])[O:12][H:18])[H:15],[H:13][C:1]1=[C:5]([S:4][C:3](=[C:2]1[H:14])[C:6]2=[N:7][N:8]=[C:9]([O:10]2)[C:11]([H:16])([H:17])[O:12][H:18])[H:15]
[H:18][C:7](=[C:6]([C:8]([H:20])([H:21])[H:22])[C:5]([H:16])([H:17])[C:4](=[C:3]([H:14])[C:2]([H:12])([H:13])[C:1]([H:9])([H:10])[H:11])[H:15])[H:19],[H:18][C:7](=[C:6]([C:8]([H:20])([H:21])[H:22])[C:5]([H:16])([H:17])[C:4](=[C:3]([H:14])[C:2]([H:12])([H:13])[C:1]([H:9])([H:10])[H:11])[H:15])[H:19]
[H:18][C:5]1([C:4]([C:8]([C:7]([O:6]1)([H:20])[C:10]([H:23])([H:24])[O:11][H:25])([H:21])[O:9][H:22])([O:12][H:26])[O:3][C:2]([H:16])([H:17])[C:1]([H:13])([H:14])[H:15])[H:19],[H:18][C:5]1([C:4]([C:8]([C:7]([O:6]1)([H:20])[C:10]([H:23])([H:24])[O:11][H:25])([H:21])[O:9][H:22])([O:12][H:26])[O:3][C:2]([H:16])([H:17])[C:1]([H:13])([H:14])[H:15])[H:19]
[H:18][C:5]1=[C:4]([C:9]([N+:8]([C:7]([C:6]1([H:19])[H:20])([H:21])[H:22])([H:23])[C:10]([H:26])([H:27])[H:28])([H:24])[H:25])[C:3]([H:16])([H:17])[C:2]([H:15])([C:1]([H:12])([H:13])[H:14])[N:11]([H:29])[H:30],[H:18][C:5]1=[C:4]([C:9]([N+:8]([C:7]([C:6]1([H:19])[H:20])([H:21])[H:22])([H:23])[C:10]([H:26])([H:27])[H:28])([H:24])[H:25])[C:3]([H:16])([H:17])[C:2]([H:15])([C:1]([H:12])([H:13])[H:14])[N:11]([H:29])[H:30]
[H:24][C:9]1=[C:10]([S:11][C:7](=[C:8]1[H:23])[C:6]2([C:5]([C:4]2([H:19])[C:3]([H:17])([H:18])[N+:2]([H:15])([H:16])[C:1]([H:12])([H:13])[H:14])([H:20])[H:21])[H:22])[H:25],[H:24][C:9]1=[C:10]([S:11][C:7](=[C:8]1[H:23])[C:6]2([C:5]([C:4]2([H:19])[C:3]([H:17])([H:18])[N+:2]([H:15])([H:16])[C:1]([H:12])([H:13])[H:14])([H:20])[H:21])[H:22])[H:25]
[H:16][C:3]1=[C:2]([O:6][C:5](=[C:4]1[C:8]([H:20])([C:9]([H:21])([H:22])[C:10]([H:23])([H:24])[N:11]([H:25])[H:26])[O:12][H:27])[C:7]([H:17])([H:18])[H:19])[C:1]([H:13])([H:14])[H:15],[H:16][C:3]1=[C:2]([O:6][C:5](=[C:4]1[C:8]([H:20])([C:9]([H:21])([H:22])[C:10]([H:23])([H:24])[N:11]([H:25])[H:26])[O:12][H:27])[C:7]([H:17])([H:18])[H:19])[C:1]([H:13])([H:14])[H:15]
[H:17][C:1](=[O:2])[C@@:3]1([C@:15]([C@@:13]([C@:11]([C@:5]([O:4]1)([H:19])[O:6][Si:7]([C:8]([H:20])([H:21])[H:22])([O:9][H:23])[O:10][H:24])([H:25])[O:12][H:26])([H:27])[O:14][H:28])([H:29])[O:16][H:30])[H:18],[H:17][C:1](=[O:2])[C@:3]1([C@@:15]([C@:13]([C@:11]([C@:5]([O:4]1)([H:19])[O:6][Si:7]([C:8]([H:20])([H:21])[H:22])([O:9][H:23])[O:10][H:24])([H:25])[O:12][H:26])([H:27])[O:14][H:28])([H:29])[O:16][H:30])[H:18]
[H:20][c:7]1[c:6]([c:5]([c:4]([c:9]([c:8]1[H:21])[H:22])[C:3]([H:16])([H:17])[N:2]([C:10](=[S:11])[N:12]([H:23])[H:24])[C:1]([H:13])([H:14])[H:15])[H:18])[H:19],[H:20][c:7]1[c:6]([c:5]([c:4]([c:9]([c:8]1[H:21])[H:22])[C:3]([H:16])([H:17])[N:2]([C:10](=[S:11])[N:12]([H:23])[H:24])[C:1]([H:13])([H:14])[H:15])[H:18])[H:19]
[N:1](/[N+:2](=[C:3](\[c:4]1[c:5]([H:16])[c:6]([I:7])[c:8]([H:17])[c:9]([H:18])[n+:10]1[O-:11])[H:15])[H:14])([H:12])[H:13],[N:1](/[N+:2](=[C:3](/[c:4]1[c:5]([H:16])[c:6]([I:7])[c:8]([H:17])[c:9]([H:18])[n+:10]1[O-:11])[H:15])[H:14])([H:12])[H:13]
[H:27][C:12]([H:28])([H:29])[C:6]1([N:7]([C:8](=[S:9])[N:10]([N:11]1[H:26])[H:25])[H:24])[C:5]([H:22])([H:23])[C:4]([H:20])([H:21])[C:3]([H:18])([H:19])[C:2]([H:16])([H:17])[C:1]([H:13])([H:14])[H:15],[H:27][C:12]([H:28])([H:29])[C:6]1([N:7]([C:8](=[S:9])[N:10]([N:11]1[H:26])[H:25])[H:24])[C:5]([H:22])([H:23])[C:4]([H:20])([H:21])[C:3]([H:18])([H:19])[C:2]([H:16])([H:17])[C:1]([H:13])([H:14])[H:15]
[H:23][c:9]1[c:8]([n:7][c:6]([n:11][c:10]1[N:12]([H:24])[H:25])[S:5][C:4]([H:20])([H:21])[C:3]([H:18])([H:19])[C:2]([H:16])([H:17])[C:1]([H:13])([H:14])[H:15])[H:22],[H:23][c:9]1[c:8]([n:7][c:6]([n:11][c:10]1[N:12]([H:24])[H:25])[S:5][C:4]([H:20])([H:21])[C:3]([H:18])([H:19])[C:2]([H:16])([H:17])[C:1]([H:13])([H:14])[H:15])[H:22]
[H:13][C:1]1=[C:5]([S:4][C:3](=[C:2]1[H:14])[C:6]([H:16])([H:17])[C:7]2=[C:8]([N:9]=[C:10]([O:11]2)[N:12]([H:19])[H:20])[H:18])[H:15],[H:13][C:1]1=[C:5]([S:4][C:3](=[C:2]1[H:14])[C:6]([H:16])([H:17])[C:7]2=[C:8]([N:9]=[C:10]([O:11]2)[N:12]([H:19])[H:20])[H:18])[H:15]
[H:21][C:7]1([C:6](=[C:5]([C:9](=[O:10])[O:8]1)[C:4]([H:20])([C:3]([H:18])([H:19])[C:2]([H:16])([H:17])[C:1]([H:13])([H:14])[H:15])[O:12][H:23])[Br:11])[H:22],[H:21][C:7]1([C:6](=[C:5]([C:9](=[O:10])[O:8]1)[C:4]([H:20])([C:3]([H:18])([H:19])[C:2]([H:16])([H:17])[C:1]([H:13])([H:14])[H:15])[O:12][H:23])[Br:11])[H:22]
[H:12][C:1]1=[C:5]([O:4][C:3](=[C:2]1[H:13])[C:6]([H:15])([H:16])[C:7]([H:17])([C:10]#[N:11])[C:8]([H:18])([H:19])[O:9][H:20])[H:14],[H:12][C:1]1=[C:5]([O:4][C:3](=[C:2]1[H:13])[C:6]([H:15])([H:16])[C:7]([H:17])([C:10]#[N:11])[C:8]([H:18])([H:19])[O:9][H:20])[H:14]
[H:12][C:1]([H:13])([H:14])[C:2]([H:15])([H:16])[O:3][P:4](=[O:5])([C:6]([H:17])([H:18])[C:7]#[N:8])[O:9][C:10]([H:19])([H:20])[C:11]([H:21])([H:22])[H:23],[H:12][C:1]([H:13])([H:14])[C:2]([H:15])([H:16])[O:3][P:4](=[O:5])([C:6]([H:17])([H:18])[C:7]#[N:8])[O:9][C:10]([H:19])([H:20])[C:11]([H:21])([H:22])[H:23]
[H:22][C:8]1=[C:9]([S:10][C:6](=[N:7]1)[C:5]([H:20])([H:21])[C:4]([H:18])([H:19])[N+:3]([H:16])([H:17])[C:2]([H:14])([H:15])[C:1]([H:11])([H:12])[H:13])[H:23],[H:22][C:8]1=[C:9]([S:10][C:6](=[N:7]1)[C:5]([H:20])([H:21])[C:4]([H:18])([H:19])[N+:3]([H:16])([H:17])[C:2]([H:14])([H:15])[C:1]([H:11])([H:12])[H:13])[H:23]
[C:1]([C:2]([C:3]([H:16])([H:17])[H:18])([C@@:4]([O:5][H:20])([C:6]1=[C:10]([I:11])[C:9]([H:22])=[N:8][N:7]1[H:21])[H:19])[H:15])([H:12])([H:13])[H:14],[C:1]([C:2]([C:3]([H:16])([H:17])[H:18])([C@@:4]([O:5][H:20])([C:6]1=[C:10]([I:11])[C:9]([H:22])=[N:8][N:7]1[H:21])[H:19])[H:15])([H:12])([H:13])[H:14]
[H:17][C:8](=[C:7]([H:16])[C:6]([H:14])([H:15])[N:5]([H:13])[C:3](=[S:4])[N:2]([H:12])[C:1]([H:9])([H:10])[H:11])[H:18],[H:17][C:8](=[C:7]([H:16])[C:6]([H:14])([H:15])[N:5]([H:13])[C:3](=[S:4])[N:2]([H:12])[C:1]([H:9])([H:10])[H:11])[H:18]
[N+:1]([C@@:2]([C:3]([O:4][H:19])([H:17])[H:18])([c:5]1[c:6]([H:20])[c:7]([H:21])[c:8]([H:22])[c:9]([I:10])[c:11]1[O:12][H:23])[H:16])([H:13])([H:14])[H:15],[N+:1]([C@@:2]([C:3]([O:4][H:19])([H:17])[H:18])([c:5]1[c:6]([H:20])[c:7]([H:21])[c:8]([H:22])[c:9]([I:10])[c:11]1[O:12][H:23])[H:16])([H:13])([H:14])[H:15]
[O:1]=[C:2](/[C:3](=[N:4]/[O:5][H:14])[H:13])[C@:6]1([H:15])[C:7]([H:16])([H:17])[C:8]([H:18])([H:19])[C:9]([H:20])([H:21])[C:10]([H:22])([H:23])[C@@:11]1([I:12])[H:24],[O:1]=[C:2](/[C:3](=[N:4]/[O:5][H:14])[H:13])[C@@:6]1([H:15])[C:7]([H:16])([H:17])[C:8]([H:18])([H:19])[C:9]([H:20])([H:21])[C:10]([H:22])([H:23])[C@@:11]1([I:12])[H:24]
[H:28][C:11](=[O:12])[C:10]([H:26])([H:27])[C:6]1([C:5]([C:4]([C:7]1([C:8]([H:20])([H:21])[H:22])[C:9]([H:23])([H:24])[H:25])([H:16])[C:2](=[O:3])[C:1]([H:13])([H:14])[H:15])([H:17])[H:18])[H:19],[H:28][C:11](=[O:12])[C:10]([H:26])([H:27])[C:6]1([C:5]([C:4]([C:7]1([C:8]([H:20])([H:21])[H:22])[C:9]([H:23])([H:24])[H:25])([H:16])[C:2](=[O:3])[C:1]([H:13])([H:14])[H:15])([H:17])[H:18])[H:19]
[H:13][C:1]([H:14])([C:2]([H:15])([H:16])[F:3])[C:4]([H:17])([H:18])[S+:5](=[O:6])([C:7]1=[N:8][N-:9][N:10]=[N:11]1)[O-:12],[H:13][C:1]([H:14])([C:2]([H:15])([H:16])[F:3])[C:4]([H:17])([H:18])[S+:5](=[O:6])([C:7]1=[N:8][N-:9][N:10]=[N:11]1)[O-:12]
[C:1]([C@@:2]12[C:3]([H:16])=[C:4]([I:5])[C:6](=[O:7])[C:8]([H:17])([H:18])[C@@:9]1([H:19])[C:10]([H:20])([H:21])[C:11]([H:22])([H:23])[O:12]2)([H:13])([H:14])[H:15],[C:1]([C@@:2]12[C:3]([H:16])=[C:4]([I:5])[C:6](=[O:7])[C:8]([H:17])([H:18])[C@:9]1([H:19])[C:10]([H:20])([H:21])[C:11]([H:22])([H:23])[O:12]2)([H:13])([H:14])[H:15]
[H:19][C:9]1=[C:8]([S:12][C:11](=[N:10]1)[H:20])[C:6](=[O:7])[C:5]([H:17])([H:18])[C:4](=[N:3][O:2][C:1]([H:13])([H:14])[H:15])[H:16],[H:19][C:9]1=[C:8]([S:12][C:11](=[N:10]1)[H:20])[C:6](=[O:7])[C:5]([H:17])([H:18])[C:4](=[N:3][O:2][C:1]([H:13])([H:14])[H:15])[H:16]
[H:16][C:3]1=[C:4]([S:5][C:6](=[C:2]1[C:1]([H:13])([H:14])[H:15])[C:7](=[O:8])[H:17])[N:9]([H:18])[C:10](=[S:11])[N:12]([H:19])[H:20],[H:16][C:3]1=[C:4]([S:5][C:6](=[C:2]1[C:1]([H:13])([H:14])[H:15])[C:7](=[O:8])[H:17])[N:9]([H:18])[C:10](=[S:11])[N:12]([H:19])[H:20]
[H:6][C:1]([H:7])([C:2]([H:8])([H:9])[O:3][H:10])[N+:4]([H:11])([H:12])[O:5][H:13],[H:6][C:1]([H:7])([C:2]([H:8])([H:9])[O:3][H:10])[N+:4]([H:11])([H:12])[O:5][H:13]
[H:15][C:1](=[O:2])[C@@:3]([H:16])([C@@:5]([H:18])([C@@:7]1([C@:12]([O:11][B:9]([O:8]1)[O:10][H:21])([H:22])[C:13]([H:23])([H:24])[O:14][H:25])[H:20])[O:6][H:19])[O:4][H:17],[H:15][C:1](=[O:2])[C@@:3]([H:16])([C@:5]([H:18])([C@:7]1([C@@:12]([O:11][B:9]([O:8]1)[O:10][H:21])([H:22])[C:13]([H:23])([H:24])[O:14][H:25])[H:20])[O:6][H:19])[O:4][H:17]
[H:21][C:6]1=[C:5]([C:4]([N+:3]([C:2]([C:1]1([H:13])[H:14])([H:15])[H:16])([H:17])[C:7]([H:22])([H:23])[C:8]([H:24])([H:25])[N:9]([H:26])[C:10](=[N+:11]([H:27])[H:28])[N:12]([H:29])[H:30])([H:18])[H:19])[H:20],[H:21][C:6]1=[C:5]([C:4]([N+:3]([C:2]([C:1]1([H:13])[H:14])([H:15])[H:16])([H:17])[C:7]([H:22])([H:23])[C:8]([H:24])([H:25])[N:9]([H:26])[C:10](=[N+:11]([H:27])[H:28])[N:12]([H:29])[H:30])([H:18])[H:19])[H:20]
[N+:1]([C:2]([C@@:3]1([H:18])[O:4][c:5]2[c:6]([H:19])[c:7]([H:20])[c:8]([I:9])[c:10]([H:21])[c:11]2[O:12]1)([H:16])[H:17])([H:13])([H:14])[H:15],[N+:1]([C:2]([C@:3]1([H:18])[O:4][c:5]2[c:6]([H:19])[c:7]([H:20])[c:8]([I:9])[c:10]([H:21])[c:11]2[O:12]1)([H:16])[H:17])([H:13])([H:14])[H:15]
[H:16][C:4]1=[C:3]([N:7]([C:6](=[N:5]1)[C:8]([H:18])([H:19])[C:9](=[O:10])[H:20])[H:17])[C:2]([H:14])([H:15])[C:1]([H:11])([H:12])[H:13],[H:16][C:4]1=[C:3]([N:7]([C:6](=[N:5]1)[C:8]([H:18])([H:19])[C:9](=[O:10])[H:20])[H:17])[C:2]([H:14])([H:15])[C:1]([H:11])([H:12])[H:13]
[H:21][C:8]1([C:3](=[N:4][C:5]([C:6]([N+:7]1([H:19])[H:20])([H:17])[H:18])([H:16])[C:9]([H:23])([H:24])[O:10][H:25])[C:2]([H:14])([H:15])[C:1]([H:11])([H:12])[H:13])[H:22],[H:21][C:8]1([C:3](=[N:4][C:5]([C:6]([N+:7]1([H:19])[H:20])([H:17])[H:18])([H:16])[C:9]([H:23])([H:24])[O:10][H:25])[C:2]([H:14])([H:15])[C:1]([H:11])([H:12])[H:13])[H:22]
[C:1](/[C:2](=[C:3](\[c:4]1[c:5]([H:17])[c:6]([H:18])[c:7]([N:8]([H:19])[H:20])[c:9]([I:10])[n:11]1)[H:16])[H:15])([H:12])([H:13])[H:14],[C:1](/[C:2](=[C:3](/[c:4]1[c:5]([H:17])[c:6]([H:18])[c:7]([N:8]([H:19])[H:20])[c:9]([I:10])[n:11]1)[H:16])[H:15])([H:12])([H:13])[H:14]
[H:14][C:2]1([C:3]([N+:4]1([H:16])[C:5]([H:17])([H:18])[C:6]([H:19])([C:7]([H:20])([H:21])[N:8]([H:22])[H:23])[O:9][H:24])([H:15])[C:10]([H:25])([H:26])[H:27])[C:1]([H:11])([H:12])[H:13],[H:14][C:2]1([C:3]([N+:4]1([H:16])[C:5]([H:17])([H:18])[C:6]([H:19])([C:7]([H:20])([H:21])[N:8]([H:22])[H:23])[O:9][H:24])([H:15])[C:10]([H:25])([H:26])[H:27])[C:1]([H:11])([H:12])[H:13]
[N:1]([C@@:2]1([H:15])[C:3]([H:16])([H:17])[C:4]([H:18])([H:19])[c:5]2[c:6]1[c:7]([H:20])[c:8]([H:21])[c:9]([I:10])[c:11]2[I:12])([H:13])[H:14],[N:1]([C@:2]1([H:15])[C:3]([H:16])([H:17])[C:4]([H:18])([H:19])[c:5]2[c:6]1[c:7]([H:20])[c:8]([H:21])[c:9]([I:10])[c:11]2[I:12])([H:13])[H:14]
[H:12][C:1]1([C:2]([O:3][C:4]([C:5]([C:6]1([C:9](=[O:10])[N:11]([H:24])[H:25])[C:7]([H:20])([H:21])[N:8]([H:22])[H:23])([H:18])[H:19])([H:16])[H:17])([H:14])[H:15])[H:13],[H:12][C:1]1([C:2]([O:3][C:4]([C:5]([C:6]1([C:9](=[O:10])[N:11]([H:24])[H:25])[C:7]([H:20])([H:21])[N:8]([H:22])[H:23])([H:18])[H:19])([H:16])[H:17])([H:14])[H:15])[H:13]
[H:26][C:11](=[O:12])[C:9](=[O:10])[C:7]([H:22])([C:8]([H:23])([H:24])[H:25])[C:6]([H:20])([H:21])[C:4](=[O:5])[C:3]([H:18])([H:19])[C:2]([H:16])([H:17])[C:1]([H:13])([H:14])[H:15],[H:26][C:11](=[O:12])[C:9](=[O:10])[C:7]([H:22])([C:8]([H:23])([H:24])[H:25])[C:6]([H:20])([H:21])[C:4](=[O:5])[C:3]([H:18])([H:19])[C:2]([H:16])([H:17])[C:1]([H:13])([H:14])[H:15]
[H:13][C:1]1([C:2]([C:3]([C:4]([C:5]([N+:6]([C:7]1([H:23])[H:24])([H:21])[H:22])([H:19])[H:20])([H:17])[H:18])([C:8]([H:25])([H:26])[C:9]([H:27])([H:28])[O:10][H:29])[C:11]([H:30])([H:31])[N+:12]([H:32])([H:33])[H:34])([H:15])[H:16])[H:14],[H:13][C:1]1([C:2]([C:3]([C:4]([C:5]([N+:6]([C:7]1([H:23])[H:24])([H:21])[H:22])([H:19])[H:20])([H:17])[H:18])([C:8]([H:25])([H:26])[C:9]([H:27])([H:28])[O:10][H:29])[C:11]([H:30])([H:31])[N+:12]([H:32])([H:33])[H:34])([H:15])[H:16])[H:14]
[H:17][C:4]1=[N:5][N:6]([N:7]=[C:3]1[C:2]([H:16])([C:1]([H:13])([H:14])[H:15])[O:8][N:9]=[C:10]([C:11]([H:19])([H:20])[H:21])[C:12]([H:22])([H:23])[H:24])[H:18],[H:17][C:4]1=[N:5][N:6]([N:7]=[C:3]1[C:2]([H:16])([C:1]([H:13])([H:14])[H:15])[O:8][N:9]=[C:10]([C:11]([H:19])([H:20])[H:21])[C:12]([H:22])([H:23])[H:24])[H:18]
[H:10][C:1]1=[N:5][C:4](=[N:3][N:2]1[H:11])[S:6][C:7]([H:12])([H:13])[C:8]([H:14])([H:15])[F:9],[H:10][C:1]1=[N:5][C:4](=[N:3][N:2]1[H:11])[S:6][C:7]([H:12])([H:13])[C:8]([H:14])([H:15])[F:9]
[H:18][C:5]1=[C:6]([C:1]([C:2]([C:3]([C:4]1([H:17])[O:10][H:19])([H:16])[O:11][H:20])([H:15])[O:12][H:21])([H:13])[H:14])[C:7](=[O:8])[O-:9],[H:18][C:5]1=[C:6]([C:1]([C:2]([C:3]([C:4]1([H:17])[O:10][H:19])([H:16])[O:11][H:20])([H:15])[O:12][H:21])([H:13])[H:14])[C:7](=[O:8])[O-:9]
[H:11][C:1]([H:12])([H:13])[C:2]([H:14])([H:15])[C:3]([H:16])([H:17])[N:4]([C:5]([H:18])([H:19])[C:6]([H:20])([H:21])[H:22])[C:7]([H:23])([H:24])[C:8]([H:25])([C:9]([H:26])([H:27])[H:28])[N+:10]([H:29])([H:30])[H:31],[H:11][C:1]([H:12])([H:13])[C:2]([H:14])([H:15])[C:3]([H:16])([H:17])[N:4]([C:5]([H:18])([H:19])[C:6]([H:20])([H:21])[H:22])[C:7]([H:23])([H:24])[C:8]([H:25])([C:9]([H:26])([H:27])[H:28])[N+:10]([H:29])([H:30])[H:31]
[H:12][C:1]1([C:2]([O:3][C:4]([C:5]1([H:17])[O:6][H:18])([H:16])[C:7]([O:8][F:9])([F:10])[F:11])([H:14])[H:15])[H:13],[H:12][C:1]1([C:2]([O:3][C:4]([C:5]1([H:17])[O:6][H:18])([H:16])[C:7]([O:8][F:9])([F:10])[F:11])([H:14])[H:15])[H:13]
[H:13][c:1]1[c:2]([c:3]([n:4][c:5]([n:6]1)[S:7][C:8]([H:14])([H:15])[C:9](=[O:10])[H:16])[N:11]([H:17])[H:18])[F:12],[H:13][c:1]1[c:2]([c:3]([n:4][c:5]([n:6]1)[S:7][C:8]([H:14])([H:15])[C:9](=[O:10])[H:16])[N:11]([H:17])[H:18])[F:12]
[H:21][C:8](=[O:9])[C:6]1([C:5]([C:4]([C:7]1([H:19])[H:20])([H:15])[O:3][C:2]([H:13])([H:14])[C:1]([H:10])([H:11])[H:12])([H:16])[H:17])[H:18],[H:21][C:8](=[O:9])[C:6]1([C:5]([C:4]([C:7]1([H:19])[H:20])([H:15])[O:3][C:2]([H:13])([H:14])[C:1]([H:10])([H:11])[H:12])([H:16])[H:17])[H:18]
[H:21][C:8](=[O:9])[C:6](=[O:7])[C:3]([C:4]([H:15])([H:16])[H:17])([C:5]([H:18])([H:19])[H:20])[C:2]([H:13])([H:14])[C:1]([H:10])([H:11])[H:12],[H:21][C:8](=[O:9])[C:6](=[O:7])[C:3]([C:4]([H:15])([H:16])[H:17])([C:5]([H:18])([H:19])[H:20])[C:2]([H:13])([H:14])[C:1]([H:10])([H:11])[H:12]
[H:13][C:1]1=[C:5]([S:4][C:3](=[C:2]1[H:14])[Br:12])[C:6]([H:15])([C:7](=[O:8])[H:16])[C:9]2([C:10]([C:11]2([H:20])[H:21])([H:18])[H:19])[H:17],[H:13][C:1]1=[C:5]([S:4][C:3](=[C:2]1[H:14])[Br:12])[C:6]([H:15])([C:7](=[O:8])[H:16])[C:9]2([C:10]([C:11]2([H:20])[H:21])([H:18])[H:19])[H:17]
[H:13][C:1]1=[N:5][O:4][N:3]=[C:2]1[S:6][C:7]2([C:8]([C:9]([N+:10]([C:11]([C:12]2([H:23])[H:24])([H:21])[H:22])([H:19])[H:20])([H:17])[H:18])([H:15])[H:16])[H:14],[H:13][C:1]1=[N:5][O:4][N:3]=[C:2]1[S:6][C:7]2([C:8]([C:9]([N+:10]([C:11]([C:12]2([H:23])[H:24])([H:21])[H:22])([H:19])[H:20])([H:17])[H:18])([H:15])[H:16])[H:14]
[H:12][C:1]#[C:2][C:3]([H:13])([H:14])[C:4]1([C:5]([C:6]([C:7]([C:8]([N+:9]1([H:22])[H:23])([H:20])[H:21])([H:19])[O:10][H:24])([H:18])[O:11][H:25])([H:16])[H:17])[H:15],[H:12][C:1]#[C:2][C:3]([H:13])([H:14])[C:4]1([C:5]([C:6]([C:7]([C:8]([N+:9]1([H:22])[H:23])([H:20])[H:21])([H:19])[O:10][H:24])([H:18])[O:11][H:25])([H:16])[H:17])[H:15]
[H:16][C:5]1=[N:6][N:2]([C:3](=[C:4]1[C:7](=[O:8])[H:17])[C:9]([H:18])([C:10](=[O:11])[H:19])[N:12]([H:20])[H:21])[C:1]([H:13])([H:14])[H:15],[H:16][C:5]1=[N:6][N:2]([C:3](=[C:4]1[C:7](=[O:8])[H:17])[C:9]([H:18])([C:10](=[O:11])[H:19])[N:12]([H:20])[H:21])[C:1]([H:13])([H:14])[H:15]
[O:1]=[C:2]([C@:3]1([H:14])[C:4]([H:15])([H:16])[c:5]2[c:6]([H:17])[c:7]([I:8])[c:9]([H:18])[c:10]([H:19])[c:11]2[N:12]1[H:20])[H:13],[O:1]=[C:2]([C@@:3]1([H:14])[C:4]([H:15])([H:16])[c:5]2[c:6]([H:17])[c:7]([I:8])[c:9]([H:18])[c:10]([H:19])[c:11]2[N:12]1[H:20])[H:13]
[H:24][C:10]1=[N:9][N:8]([C:7](=[N:11]1)[C:6](=[N+:5]([H:22])[C:4]([H:20])([H:21])[C:3]([H:18])([H:19])[C:2]([H:16])([H:17])[C:1]([H:13])([H:14])[H:15])[N:12]([H:25])[H:26])[H:23],[H:24][C:10]1=[N:9][N:8]([C:7](=[N:11]1)[C:6](=[N+:5]([H:22])[C:4]([H:20])([H:21])[C:3]([H:18])([H:19])[C:2]([H:16])([H:17])[C:1]([H:13])([H:14])[H:15])[N:12]([H:25])[H:26])[H:23]
[H:25][C:9](=[C:8]1[C:10](=[O:11])[O:12][C:6]([C:7]1([H:23])[H:24])([H:22])[C:5]([H:20])([H:21])[C:3](=[C:2]([H:16])[C:1]([H:13])([H:14])[H:15])[C:4]([H:17])([H:18])[H:19])[H:26],[H:25][C:9](=[C:8]1[C:10](=[O:11])[O:12][C:6]([C:7]1([H:23])[H:24])([H:22])[C:5]([H:20])([H:21])[C:3](=[C:2]([H:16])[C:1]([H:13])([H:14])[H:15])[C:4]([H:17])([H:18])[H:19])[H:26]
[H:11][C:1]([H:12])([H:13])[C:2]([H:14])([H:15])[C:3]([H:16])([H:17])[N:4]([H:18])[C:5]([C:9]#[N:10])([C:6]([H:19])([H:20])[H:21])[C:7]([H:22])([H:23])[C:8]([H:24])([H:25])[H:26],[H:11][C:1]([H:12])([H:13])[C:2]([H:14])([H:15])[C:3]([H:16])([H:17])[N:4]([H:18])[C:5]([C:9]#[N:10])([C:6]([H:19])([H:20])[H:21])[C:7]([H:22])([H:23])[C:8]([H:24])([H:25])[H:26]
[H:17][C:4]1=[N:5][C:6]([C:7]([N+:8]([C:3]1([H:16])[C:2]([H:14])([H:15])[C:1]([H:11])([H:12])[H:13])([H:21])[H:22])([H:20])[C:9]([H:23])([H:24])[O:10][H:25])([H:18])[H:19],[H:17][C:4]1=[N:5][C:6]([C:7]([N+:8]([C:3]1([H:16])[C:2]([H:14])([H:15])[C:1]([H:11])([H:12])[H:13])([H:21])[H:22])([H:20])[C:9]([H:23])([H:24])[O:10][H:25])([H:18])[H:19]
[H:18][C:4](=[C:3]([H:17])[C:2]([H:16])([C:1]([H:13])([H:14])[H:15])[C:5]([H:20])([C:6]1([C:7]([C:8]([C:9]([N:10]1[H:28])([H:26])[H:27])([H:24])[H:25])([H:22])[H:23])[H:21])[O:11][C:12]([H:29])([H:30])[H:31])[H:19],[H:18][C:4](=[C:3]([H:17])[C:2]([H:16])([C:1]([H:13])([H:14])[H:15])[C:5]([H:20])([C:6]1([C:7]([C:8]([C:9]([N:10]1[H:28])([H:26])[H:27])([H:24])[H:25])([H:22])[H:23])[H:21])[O:11][C:12]([H:29])([H:30])[H:31])[H:19]
[N+:1]([C:2]([C@@:3]([O:4][H:18])([C:5]([C:6]1=[N:7][N:8]([H:21])[C:9]([H:22])=[C:10]1[I:11])([H:19])[H:20])[H:17])([H:15])[H:16])([H:12])([H:13])[H:14],[N+:1]([C:2]([C@:3]([O:4][H:18])([C:5]([C:6]1=[N:7][N:8]([H:21])[C:9]([H:22])=[C:10]1[I:11])([H:19])[H:20])[H:17])([H:15])[H:16])([H:12])([H:13])[H:14]
[C:1]([C:2]([C:3]([H:16])([H:17])[H:18])([C@:4]([O:5][H:20])([C:6]1=[C:10]([I:11])[C:9]([H:22])=[N:8][N:7]1[H:21])[H:19])[H:15])([H:12])([H:13])[H:14],[C:1]([C:2]([C:3]([H:16])([H:17])[H:18])([C@@:4]([O:5][H:20])([C:6]1=[C:10]([I:11])[C:9]([H:22])=[N:8][N:7]1[H:21])[H:19])[H:15])([H:12])([H:13])[H:14]
[H:22][C:7]1=[C:6]([C:11]([C:10]([O:9][C:8]1([H:23])[H:24])([H:25])[H:26])([H:27])[H:28])[C:2]([C:1]([H:12])([H:13])[H:14])([C:3]([H:15])([H:16])[H:17])[C:4]([H:18])([H:19])[N:5]([H:20])[H:21],[H:22][C:7]1=[C:6]([C:11]([C:10]([O:9][C:8]1([H:23])[H:24])([H:25])[H:26])([H:27])[H:28])[C:2]([C:1]([H:12])([H:13])[H:14])([C:3]([H:15])([H:16])[H:17])[C:4]([H:18])([H:19])[N:5]([H:20])[H:21]
[C:1]([C:2]([O:3][C:4]([C:5]([C:6]([Si:7]([C:8]([H:22])([H:23])[H:24])([C:9]([H:25])([H:26])[H:27])[I:10])([H:20])[H:21])([H:18])[H:19])([H:16])[H:17])([H:14])[H:15])([H:11])([H:12])[H:13],[C:1]([C:2]([O:3][C:4]([C:5]([C:6]([Si:7]([C:8]([H:22])([H:23])[H:24])([C:9]([H:25])([H:26])[H:27])[I:10])([H:20])[H:21])([H:18])[H:19])([H:16])[H:17])([H:14])[H:15])([H:11])([H:12])[H:13]
[H:19][C:6]1([C:7]([N:8]([C:9]([C:5]1([H:18])[N:4]([H:17])[C:3]([H:15])([H:16])[C:2]([H:13])([H:14])[C:1]([H:10])([H:11])[H:12])([H:24])[H:25])[H:23])([H:21])[H:22])[H:20],[H:19][C:6]1([C:7]([N:8]([C:9]([C:5]1([H:18])[N:4]([H:17])[C:3]([H:15])([H:16])[C:2]([H:13])([H:14])[C:1]([H:10])([H:11])[H:12])([H:24])[H:25])[H:23])([H:21])[H:22])[H:20]
[H:8][C:2]([H:9])([B:3]([O:4][H:10])[O:5][H:11])[N:1]([H:6])[H:7],[H:8][C:2]([H:9])([B:3]([O:4][H:10])[O:5][H:11])[N:1]([H:6])[H:7]
[H:23][C:8]1=[C:7]([O:11][N:10]=[C:9]1[H:24])[C:2]([C:1]([H:12])([H:13])[H:14])([C:3]([H:15])([H:16])[H:17])[C:4]([H:18])([H:19])[O:5][C:6]([H:20])([H:21])[H:22],[H:23][C:8]1=[C:7]([O:11][N:10]=[C:9]1[H:24])[C:2]([C:1]([H:12])([H:13])[H:14])([C:3]([H:15])([H:16])[H:17])[C:4]([H:18])([H:19])[O:5][C:6]([H:20])([H:21])[H:22]
[H:16][C:4]1=[C:3]([N:2]([N:6]=[C:5]1[C:7]([H:17])([H:18])[C:8]([H:19])([F:9])[F:10])[C:1]([H:13])([H:14])[H:15])[C:11](=[O:12])[H:20],[H:16][C:4]1=[C:3]([N:2]([N:6]=[C:5]1[C:7]([H:17])([H:18])[C:8]([H:19])([F:9])[F:10])[C:1]([H:13])([H:14])[H:15])[C:11](=[O:12])[H:20]
[H:12][C:1]1=[N:2][N:3]=[C:4]2[N:5]1[C:6]([C:7]([C:8]([C:9]([C:10]([C:11]2([H:23])[H:24])([H:21])[H:22])([H:19])[H:20])([H:17])[H:18])([H:15])[H:16])([H:13])[H:14],[H:11][C:1]1=[N:2][N:3]=[C:4]2[N:5]1[C:6]([C:7]([C:8]([C:9]([C:10]2([H:20])[H:21])([H:18])[H:19])([H:16])[H:17])([H:14])[H:15])([H:12])[H:13]
[H:13][C:1]([H:14])([H:15])[C:2]1=[C:3]([C:4](=[N:5][N:6]1[H:16])[N:7]([H:17])[H:18])[S:8][C:9]([H:19])([H:20])[C:10]([H:21])([H:22])[C:11]#[N:12],[H:13][C:1]([H:14])([H:15])[C:2]1=[C:3]([C:4](=[N:5][N:6]1[H:16])[N:7]([H:17])[H:18])[S:8][C:9]([H:19])([H:20])[C:10]([H:21])([H:22])[C:11]#[N:12]
[H:16][C@@:6]1([C:5]([C@@:3]([C:2]([N:1]1[H:10])([H:11])[H:12])([H:13])[Cl:4])([H:14])[H:15])[B:7]([O:8][H:17])[O:9][H:18],[H:16][C@:6]1([C:5]([C@@:3]([C:2]([N:1]1[H:10])([H:11])[H:12])([H:13])[Cl:4])([H:14])[H:15])[B:7]([O:8][H:17])[O:9][H:18]
[H:26][C:8]1([C:7]([C:6]([N+:5]([C:10]([C:9]1([H:28])[H:29])([H:30])[H:31])([H:21])[C:4]([H:19])([H:20])[C:3]([H:17])([H:18])[C:2]([H:16])([C:1]([H:13])([H:14])[H:15])[S:11][C:12]([H:32])([H:33])[H:34])([H:22])[H:23])([H:24])[H:25])[H:27],[H:26][C:8]1([C:7]([C:6]([N+:5]([C:10]([C:9]1([H:28])[H:29])([H:30])[H:31])([H:21])[C:4]([H:19])([H:20])[C:3]([H:17])([H:18])[C:2]([H:16])([C:1]([H:13])([H:14])[H:15])[S:11][C:12]([H:32])([H:33])[H:34])([H:22])[H:23])([H:24])[H:25])[H:27]
[O:1]=[C:2]1[N:3]([H:13])[C:4](=[O:5])[C@:6]2([H:14])[C:7]([H:15])([H:16])[C:8]([I:9])=[C:10]([H:17])[C:11]([H:18])([H:19])[C@:12]12[H:20],[O:1]=[C:2]1[N:3]([H:13])[C:4](=[O:5])[C@@:6]2([H:14])[C:7]([H:15])([H:16])[C:8]([I:9])=[C:10]([H:17])[C:11]([H:18])([H:19])[C@@:12]12[H:20]
[H:10][C:1]1([C:2]([S:3][C:4]([O:5]1)([C:6]([H:14])([H:15])[O:7][H:16])[C:8]([H:17])([H:18])[O:9][H:19])([H:12])[H:13])[H:11],[H:10][C:1]1([C:2]([S:3][C:4]([O:5]1)([C:6]([H:14])([H:15])[O:7][H:16])[C:8]([H:17])([H:18])[O:9][H:19])([H:12])[H:13])[H:11]
[H:13][C:1]1=[C:2]([N:3]([C:4](=[O:5])[C:6](=[C:7]1[C:8]([H:16])([H:17])[C:9](=[O:10])[N:11]([H:18])[H:19])[F:12])[H:15])[H:14],[H:13][C:1]1=[C:2]([N:3]([C:4](=[O:5])[C:6](=[C:7]1[C:8]([H:16])([H:17])[C:9](=[O:10])[N:11]([H:18])[H:19])[F:12])[H:15])[H:14]
[H:20][C:6]1=[C:5]([N:4]([C:8](=[C:7]1[N:11]([H:24])[H:25])[C:9]([H:21])([H:22])[O:10][H:23])[C:3]([H:17])([H:18])[C:2]([H:15])([H:16])[C:1]([H:12])([H:13])[H:14])[H:19],[H:20][C:6]1=[C:5]([N:4]([C:8](=[C:7]1[N:11]([H:24])[H:25])[C:9]([H:21])([H:22])[O:10][H:23])[C:3]([H:17])([H:18])[C:2]([H:15])([H:16])[C:1]([H:12])([H:13])[H:14])[H:19]
[H:21][C:6](=[C:7]([C:8]([H:22])([H:23])[H:24])[C:9]([H:25])([H:26])[H:27])[C:4]([H:17])([C:5]([H:18])([H:19])[H:20])[C:3]([H:16])([C:2]([H:14])([H:15])[C:1]([H:11])([H:12])[H:13])[O:10][H:28],[H:21][C:6](=[C:7]([C:8]([H:22])([H:23])[H:24])[C:9]([H:25])([H:26])[H:27])[C:4]([H:17])([C:5]([H:18])([H:19])[H:20])[C:3]([H:16])([C:2]([H:14])([H:15])[C:1]([H:11])([H:12])[H:13])[O:10][H:28]
[H:13][C:3]([H:14])([H:15])[C:2]([H:12])([C:4]([H:16])([H:17])[H:18])[Si:1]([H:11])([C:5]([H:19])([C:6]([H:20])([H:21])[H:22])[C:7]([H:23])([H:24])[H:25])[C:8]([H:26])([C:9]([H:27])([H:28])[H:29])[C:10]([H:30])([H:31])[H:32],[H:13][C:3]([H:14])([H:15])[C:2]([H:12])([C:4]([H:16])([H:17])[H:18])[Si:1]([H:11])([C:5]([H:19])([C:6]([H:20])([H:21])[H:22])[C:7]([H:23])([H:24])[H:25])[C:8]([H:26])([C:9]([H:27])([H:28])[H:29])[C:10]([H:30])([H:31])[H:32]
[H:23][C:8]1=[C:7]([N:6]([C:5](=[N:9]1)[C:4]([H:20])([H:21])[C:2]([H:16])([C:1]([H:13])([H:14])[H:15])[C:3]([H:17])([H:18])[H:19])[H:22])[C:10](=[O:11])[C:12]([H:24])([H:25])[H:26],[H:23][C:8]1=[C:7]([N:6]([C:5](=[N:9]1)[C:4]([H:20])([H:21])[C:2]([H:16])([C:1]([H:13])([H:14])[H:15])[C:3]([H:17])([H:18])[H:19])[H:22])[C:10](=[O:11])[C:12]([H:24])([H:25])[H:26]
[H:13][C:3](=[O:4])[C:2]([H:12])([C:1]([H:10])([H:11])[S:9][H:14])[C:5]([F:6])([F:7])[F:8],[H:13][C:3](=[O:4])[C:2]([H:12])([C:1]([H:10])([H:11])[S:9][H:14])[C:5]([F:6])([F:7])[F:8]
[H:20][C@@:6]1([C:4](=[O:5])[N:3]([C@:2]1([H:18])[O:1][H:17])[H:19])[C@:7]([H:21])([C:8]([H:22])([H:23])[H:24])[O:9][Si:10]([C:11]([H:25])([H:26])[H:27])([C:12]([H:28])([H:29])[H:30])[C:13]([C:14]([H:31])([H:32])[H:33])([C:15]([H:34])([H:35])[H:36])[C:16]([H:37])([H:38])[H:39],[H:20][C@:6]1([C:4](=[O:5])[N:3]([C@:2]1([H:18])[O:1][H:17])[H:19])[C@@:7]([H:21])([C:8]([H:22])([H:23])[H:24])[O:9][Si:10]([C:11]([H:25])([H:26])[H:27])([C:12]([H:28])([H:29])[H:30])[C:13]([C:14]([H:31])([H:32])[H:33])([C:15]([H:34])([H:35])[H:36])[C:16]([H:37])([H:38])[H:39]
[H:26][C:8](=[C:7]([C:2]([H:16])([C:1]([H:13])([H:14])[H:15])[C:3]([H:17])([H:18])[N+:4]([H:19])([C:5]([H:20])([H:21])[H:22])[C:6]([H:23])([H:24])[H:25])[O:12][H:30])[C:9](=[O:10])[C:11]([H:27])([H:28])[H:29],[H:26][C:8](=[C:7]([C:2]([H:16])([C:1]([H:13])([H:14])[H:15])[C:3]([H:17])([H:18])[N+:4]([H:19])([C:5]([H:20])([H:21])[H:22])[C:6]([H:23])([H:24])[H:25])[O:12][H:30])[C:9](=[O:10])[C:11]([H:27])([H:28])[H:29]
[H:13][C:1]([H:14])([H:15])[C:2]([H:16])([C:3]1=[N:4][N:5]=[C:6]([O:7]1)[C:8]([C:9]([H:17])([H:18])[H:19])([C:10]([H:20])([H:21])[H:22])[N+:11]([H:23])([H:24])[H:25])[N+:12]([H:26])([H:27])[H:28],[H:13][C:1]([H:14])([H:15])[C:2]([H:16])([C:3]1=[N:4][N:5]=[C:6]([O:7]1)[C:8]([C:9]([H:17])([H:18])[H:19])([C:10]([H:20])([H:21])[H:22])[N+:11]([H:23])([H:24])[H:25])[N+:12]([H:26])([H:27])[H:28]
[H:17][C:1](=[O:2])[C@@:3]1([C@:15]([C@:13]([C@:11]([C@@:5]([O:4]1)([H:19])[O:6][Si:7]([C:8]([H:20])([H:21])[H:22])([O:9][H:23])[O:10][H:24])([H:25])[O:12][H:26])([H:27])[O:14][H:28])([H:29])[O:16][H:30])[H:18],[H:17][C:1](=[O:2])[C@:3]1([C@@:15]([C@:13]([C@:11]([C@:5]([O:4]1)([H:19])[O:6][Si:7]([C:8]([H:20])([H:21])[H:22])([O:9][H:23])[O:10][H:24])([H:25])[O:12][H:26])([H:27])[O:14][H:28])([H:29])[O:16][H:30])[H:18]
[H:19][c:6]1[c:7]([c:8]([n:9][c:4]([c:5]1[H:18])[C:3]([H:17])([N:10]=[N:11][H:22])[N+:2]([H:15])([H:16])[C:1]([H:12])([H:13])[H:14])[H:21])[H:20],[H:19][c:6]1[c:7]([c:8]([n:9][c:4]([c:5]1[H:18])[C:3]([H:17])([N:10]=[N:11][H:22])[N+:2]([H:15])([H:16])[C:1]([H:12])([H:13])[H:14])[H:21])[H:20]
[H:26][c:10]1[c:9]([c:8]([c:7]([c:12]([c:11]1[H:27])[H:28])[C:3]([H:18])([C:4]([H:19])([H:20])[C:5]([H:21])([H:22])[O:6][H:23])[N+:2]([H:16])([H:17])[C:1]([H:13])([H:14])[H:15])[H:24])[H:25],[H:26][c:10]1[c:9]([c:8]([c:7]([c:12]([c:11]1[H:27])[H:28])[C:3]([H:18])([C:4]([H:19])([H:20])[C:5]([H:21])([H:22])[O:6][H:23])[N+:2]([H:16])([H:17])[C:1]([H:13])([H:14])[H:15])[H:24])[H:25]
[H:16][C:6](=[O:7])[C:3]1([C:4]([N:5]([C:1]([C:2]1([H:12])[O:9][H:18])([H:10])[H:11])[H:15])([H:13])[H:14])[O:8][H:17],[H:16][C:6](=[O:7])[C:3]1([C:4]([N:5]([C:1]([C:2]1([H:12])[O:9][H:18])([H:10])[H:11])[H:15])([H:13])[H:14])[O:8][H:17]
[H:17][C:4]1([C:3]([C:2]([C:7]([O:6][C:5]1([H:19])[C:8]([H:22])([H:23])[C:9]([H:24])([H:25])[N:10]([H:26])[H:27])([H:20])[H:21])([C:1]([H:12])([H:13])[H:14])[C:11]([H:28])([H:29])[H:30])([H:15])[H:16])[H:18],[H:17][C:4]1([C:3]([C:2]([C:7]([O:6][C:5]1([H:19])[C:8]([H:22])([H:23])[C:9]([H:24])([H:25])[N:10]([H:26])[H:27])([H:20])[H:21])([C:1]([H:12])([H:13])[H:14])[C:11]([H:28])([H:29])[H:30])([H:15])[H:16])[H:18]
[H:13][c:1]1[c:2]([c:3]([c:4]([c:5]([c:6]1[H:17])[H:16])[C:7]2([C:8]([N+:9]([C:10]2([H:22])[H:23])([H:20])[H:21])([H:18])[H:19])[C:11]([H:24])([H:25])[O:12][H:26])[H:15])[H:14],[H:13][c:1]1[c:2]([c:3]([c:4]([c:5]([c:6]1[H:17])[H:16])[C:7]2([C:8]([N+:9]([C:10]2([H:22])[H:23])([H:20])[H:21])([H:18])[H:19])[C:11]([H:24])([H:25])[O:12][H:26])[H:15])[H:14]
[H:9][C:1]([H:10])([H:11])[C:2]([H:12])([C:6](=[O:7])[N:8]([H:18])[H:19])[C:3]([H:13])([H:14])[O:4][C:5]([H:15])([H:16])[H:17],[H:9][C:1]([H:10])([H:11])[C:2]([H:12])([C:6](=[O:7])[N:8]([H:18])[H:19])[C:3]([H:13])([H:14])[O:4][C:5]([H:15])([H:16])[H:17]
[H:23][C:8]1([C:7]([C:10]([N:9]1[H:25])([H:26])[H:27])([H:22])[C:3]([H:16])([C:4]([H:17])([H:18])[C:5]([H:19])([H:20])[O:6][H:21])[N+:2]([H:14])([H:15])[C:1]([H:11])([H:12])[H:13])[H:24],[H:23][C:8]1([C:7]([C:10]([N:9]1[H:25])([H:26])[H:27])([H:22])[C:3]([H:16])([C:4]([H:17])([H:18])[C:5]([H:19])([H:20])[O:6][H:21])[N+:2]([H:14])([H:15])[C:1]([H:11])([H:12])[H:13])[H:24]
[H:20][C:8]1=[C:9]([S:10][C:6](=[N:7]1)[C:2]([C:1]([H:11])([H:12])[H:13])([C:3]([H:14])([H:15])[H:16])[C:4]([H:17])([H:18])[O:5][H:19])[H:21],[H:20][C:8]1=[C:9]([S:10][C:6](=[N:7]1)[C:2]([C:1]([H:11])([H:12])[H:13])([C:3]([H:14])([H:15])[H:16])[C:4]([H:17])([H:18])[O:5][H:19])[H:21]
[H:12][C:1]([H:13])([H:14])[O:2][C:3]([H:15])([H:16])[C:4]([H:17])([H:18])[S:5][C:6]1=[N:7][N:8]=[C:9]([S:10]1)[N:11]([H:19])[H:20],[H:12][C:1]([H:13])([H:14])[O:2][C:3]([H:15])([H:16])[C:4]([H:17])([H:18])[S:5][C:6]1=[N:7][N:8]=[C:9]([S:10]1)[N:11]([H:19])[H:20]
[O:1]=[C:2]([C@:3]1([H:13])[C:4]([H:14])([H:15])[C@:5]1([C:6]1=[C:7]([H:17])[C:8]([H:18])=[C:9]([I:10])[S:11]1)[H:16])[H:12],[O:1]=[C:2]([C@:3]1([H:13])[C:4]([H:14])([H:15])[C@@:5]1([C:6]1=[C:7]([H:17])[C:8]([H:18])=[C:9]([I:10])[S:11]1)[H:16])[H:12]
[H:13][C@:3]1([C:2]([N:1]([Si@:6]([C:5]1([H:17])[H:18])([C:7]([H:19])([H:20])[H:21])[O:8][C:9]([H:22])([H:23])[H:24])[H:10])([H:11])[H:12])[C:4]([H:14])([H:15])[H:16],[H:13][C@@:3]1([C:2]([N:1]([Si@@:6]([C:5]1([H:17])[H:18])([C:7]([H:19])([H:20])[H:21])[O:8][C:9]([H:22])([H:23])[H:24])[H:10])([H:11])[H:12])[C:4]([H:14])([H:15])[H:16]
[H:16][C:4]1=[C:3]([O:7][N:6]=[C:5]1[C:8](=[O:9])[H:17])[C:2]([H:15])([C:1]([H:12])([H:13])[H:14])[N:10]=[O:11],[H:16][C:4]1=[C:3]([O:7][N:6]=[C:5]1[C:8](=[O:9])[H:17])[C:2]([H:15])([C:1]([H:12])([H:13])[H:14])[N:10]=[O:11]
[H:20][C:4]1=[C:5]([C:9]([C@:10]([C@@:2]([C:3]1([H:18])[H:19])([H:17])[N:1]([H:15])[H:16])([H:25])[N:11]([H:26])/[C:12](=[N:13]\[H:27])/[N:14]([H:28])[H:29])([H:23])[H:24])[B:6]([O:7][H:21])[O:8][H:22],[H:20][C:4]1=[C:5]([C:9]([C@@:10]([C@@:2]([C:3]1([H:18])[H:19])([H:17])[N:1]([H:15])[H:16])([H:25])[N:11]([H:26])/[C:12](=[N:13]\[H:27])/[N:14]([H:28])[H:29])([H:23])[H:24])[B:6]([O:7][H:21])[O:8][H:22]
[H:11][C:5](=[O:6])[C:1]([H:7])([H:8])[C:2]([H:9])([H:10])[N:3]=[O:4],[H:11][C:5](=[O:6])[C:1]([H:7])([H:8])[C:2]([H:9])([H:10])[N:3]=[O:4]
[H:12][C:1]([H:13])([H:14])[C:2](=[N:3][N:4]([H:15])[H:16])[C:5]([H:17])([H:18])[C:6](=[O:7])[C:8]([F:9])([F:10])[F:11],[H:12][C:1]([H:13])([H:14])[C:2](=[N:3][N:4]([H:15])[H:16])[C:5]([H:17])([H:18])[C:6](=[O:7])[C:8]([F:9])([F:10])[F:11]
[H:13][C:1]1=[C:2]([N:3]([C:4](=[N:5]1)[H:15])[H:14])[C:6]([H:16])([H:17])[C:7]([H:18])([H:19])[C:8]([H:20])([H:21])[N:9]([H:22])[C:10](=[N+:11]([H:23])[H:24])[N:12]([H:25])[H:26],[H:13][C:1]1=[C:2]([N:3]([C:4](=[N:5]1)[H:15])[H:14])[C:6]([H:16])([H:17])[C:7]([H:18])([H:19])[C:8]([H:20])([H:21])[N:9]([H:22])[C:10](=[N+:11]([H:23])[H:24])[N:12]([H:25])[H:26]
[H:12][C:1]#[C:2][C:3](=[O:4])[C:5]([H:13])([H:14])[C:6]1([C:7]([O:8][C:9]([C:10]([N:11]1[H:22])([H:20])[H:21])([H:18])[H:19])([H:16])[H:17])[H:15],[H:12][C:1]#[C:2][C:3](=[O:4])[C:5]([H:13])([H:14])[C:6]1([C:7]([O:8][C:9]([C:10]([N:11]1[H:22])([H:20])[H:21])([H:18])[H:19])([H:16])[H:17])[H:15]
[H:19][C:1](=[O:2])[C@@:3]1([C@:12]([C@@:11]2([C@:6]([C:5]1([H:22])[H:23])([C@@:7]([N:9]([C:10]2([H:30])[H:31])[H:29])([H:25])[C:8]([H:26])([H:27])[H:28])[H:24])[H:32])([H:33])[C:13]([H:34])([H:35])[C:14]([H:36])([H:37])[C:15]([H:38])([H:39])[B:16]([O:17][H:40])[O:18][H:41])[N:4]([H:20])[H:21],[H:19][C:1](=[O:2])[C@:3]1([C@:12]([C@:11]2([C@@:6]([C:5]1([H:22])[H:23])([C@:7]([N:9]([C:10]2([H:30])[H:31])[H:29])([H:25])[C:8]([H:26])([H:27])[H:28])[H:24])[H:32])([H:33])[C:13]([H:34])([H:35])[C:14]([H:36])([H:37])[C:15]([H:38])([H:39])[B:16]([O:17][H:40])[O:18][H:41])[N:4]([H:20])[H:21]
[H:19][C:4]1=[C:5]([C:6]([O:7][C:2]([C:3]1([H:17])[H:18])([H:16])[C:1]([H:13])([H:14])[H:15])([H:21])[C:8]([H:22])([H:23])[C:9](=[N:10][O:11][C:12]([H:25])([H:26])[H:27])[H:24])[H:20],[H:19][C:4]1=[C:5]([C:6]([O:7][C:2]([C:3]1([H:17])[H:18])([H:16])[C:1]([H:13])([H:14])[H:15])([H:21])[C:8]([H:22])([H:23])[C:9](=[N:10][O:11][C:12]([H:25])([H:26])[H:27])[H:24])[H:20]
[H:12][C:1]([H:13])([C:2]([H:14])([H:15])[C:3]([F:4])([F:5])[F:6])[C:7]([H:16])([C:8](=[O:9])[N:10]([H:17])[H:18])[N+:11]([H:19])([H:20])[H:21],[H:12][C:1]([H:13])([C:2]([H:14])([H:15])[C:3]([F:4])([F:5])[F:6])[C:7]([H:16])([C:8](=[O:9])[N:10]([H:17])[H:18])[N+:11]([H:19])([H:20])[H:21]
[H:11][C:1]1([C:2]([C:3]([C:4]1([H:15])[H:16])([C:5]2([C:6]([C:7]2([H:19])[H:20])([H:17])[H:18])[C:8]([H:21])([H:22])[N:9]([H:23])[H:24])[O:10][H:25])([H:13])[H:14])[H:12],[H:11][C:1]1([C:2]([C:3]([C:4]1([H:15])[H:16])([C:5]2([C:6]([C:7]2([H:19])[H:20])([H:17])[H:18])[C:8]([H:21])([H:22])[N:9]([H:23])[H:24])[O:10][H:25])([H:13])[H:14])[H:12]
[H:11][C:1](=[C:2]1[C:6](=[O:7])[O:5][C:4]([C:3]1([H:13])[C:8]([H:16])([H:17])[C:9]([H:18])([H:19])[O:10][H:20])([H:14])[H:15])[H:12],[H:11][C:1](=[C:2]1[C:6](=[O:7])[O:5][C:4]([C:3]1([H:13])[C:8]([H:16])([H:17])[C:9]([H:18])([H:19])[O:10][H:20])([H:14])[H:15])[H:12]
[H:16][C:5](=[O:6])[C:4]([H:15])([C:7]([H:17])([C:8]([H:18])([H:19])[H:20])[C:9]([H:21])([H:22])[H:23])[S:3][C:2]([H:13])([H:14])[C:1]([H:10])([H:11])[H:12],[H:16][C:5](=[O:6])[C:4]([H:15])([C:7]([H:17])([C:8]([H:18])([H:19])[H:20])[C:9]([H:21])([H:22])[H:23])[S:3][C:2]([H:13])([H:14])[C:1]([H:10])([H:11])[H:12]
[H:19][C:8]1=[C:7]([N:6]=[C:5]([S:9]1)[C:4]([H:17])([H:18])[C:2](=[C:3]([H:15])[H:16])[C:1]([H:12])([H:13])[H:14])[C:10](=[O:11])[H:20],[H:19][C:8]1=[C:7]([N:6]=[C:5]([S:9]1)[C:4]([H:17])([H:18])[C:2](=[C:3]([H:15])[H:16])[C:1]([H:12])([H:13])[H:14])[C:10](=[O:11])[H:20]
[H:8][C:1]([H:9])([H:10])[C:2]([C:3]([H:11])([H:12])[H:13])([C:4]([H:14])([H:15])[O:5][H:16])[O:6][N:7]([H:17])[H:18],[H:8][C:1]([H:9])([H:10])[C:2]([C:3]([H:11])([H:12])[H:13])([C:4]([H:14])([H:15])[O:5][H:16])[O:6][N:7]([H:17])[H:18]
[H:24][C:9](=[O:10])[C:3]1([C:4]([C:5]([C:6]1([H:19])[H:20])([H:18])[O:7][C:8]([H:21])([H:22])[H:23])([H:16])[H:17])[N+:2]([H:14])([H:15])[C:1]([H:11])([H:12])[H:13],[H:24][C:9](=[O:10])[C:3]1([C:4]([C:5]([C:6]1([H:19])[H:20])([H:18])[O:7][C:8]([H:21])([H:22])[H:23])([H:16])[H:17])[N+:2]([H:14])([H:15])[C:1]([H:11])([H:12])[H:13]
[H:18][C:7]([H:19])([C:5](=[O:6])[C:4]([H:17])([C:3]([H:16])([C:2]([H:15])([C:1]([H:13])([H:14])[O:12][H:26])[O:11][H:25])[O:10][H:24])[O:9][H:23])[N+:8]([H:20])([H:21])[H:22],[H:18][C:7]([H:19])([C:5](=[O:6])[C:4]([H:17])([C:3]([H:16])([C:2]([H:15])([C:1]([H:13])([H:14])[O:12][H:26])[O:11][H:25])[O:10][H:24])[O:9][H:23])[N+:8]([H:20])([H:21])[H:22]
[H:10][C:1]([H:11])([H:12])[C:2]([H:13])([C:3]([H:14])([H:15])[H:16])[C:4]([H:17])([H:18])[C:5]([H:19])([C:6]([H:20])([H:21])[N+:7]([H:22])([H:23])[H:24])[O:8][C:9]([H:25])([H:26])[H:27],[H:10][C:1]([H:11])([H:12])[C:2]([H:13])([C:3]([H:14])([H:15])[H:16])[C:4]([H:17])([H:18])[C:5]([H:19])([C:6]([H:20])([H:21])[N+:7]([H:22])([H:23])[H:24])[O:8][C:9]([H:25])([H:26])[H:27]
[H:17][c:7]1[c:8]([n:9][c:10]([c:11]([c:6]1[C:5]([H:16])([C:2](=[C:1]([H:13])[H:14])[C:3](=[O:4])[H:15])[O:12][H:21])[H:20])[H:19])[H:18],[H:17][c:7]1[c:8]([n:9][c:10]([c:11]([c:6]1[C:5]([H:16])([C:2](=[C:1]([H:13])[H:14])[C:3](=[O:4])[H:15])[O:12][H:21])[H:20])[H:19])[H:18]
[N:1](=[C:2](/[C:3]([c:4]1[c:5]([F:6])[c:7]([H:16])[c:8]([H:17])[c:9]([H:18])[c:10]1[I:11])([H:14])[H:15])[H:13])\[H:12],[N:1](=[C:2](/[C:3]([c:4]1[c:5]([F:6])[c:7]([H:16])[c:8]([H:17])[c:9]([H:18])[c:10]1[I:11])([H:14])[H:15])[H:13])\[H:12]
[H:10][C:3](=[N:4][H:11])[C:2]([H:9])([C:1]([H:7])([H:8])[O:6][H:13])[O:5][H:12],[H:10][C:3](=[N:4][H:11])[C:2]([H:9])([C:1]([H:7])([H:8])[O:6][H:13])[O:5][H:12]
[H:13][C:1]1=[N:5][O:4][C:3](=[N:2]1)[C:6]([H:14])([H:15])[C:7]2([C:8]([C:9]([C:10]([C:11]([N+:12]2([H:25])[H:26])([H:23])[H:24])([H:21])[H:22])([H:19])[H:20])([H:17])[H:18])[H:16],[H:13][C:1]1=[N:5][O:4][C:3](=[N:2]1)[C:6]([H:14])([H:15])[C:7]2([C:8]([C:9]([C:10]([C:11]([N+:12]2([H:25])[H:26])([H:23])[H:24])([H:21])[H:22])([H:19])[H:20])([H:17])[H:18])[H:16]
[H:18][C:7](=[S:8])[C:5](=[O:6])[C:4]([H:16])([H:17])[C:2]([H:12])([C:1]([H:9])([H:10])[H:11])[C:3]([H:13])([H:14])[H:15],[H:18][C:7](=[S:8])[C:5](=[O:6])[C:4]([H:16])([H:17])[C:2]([H:12])([C:1]([H:9])([H:10])[H:11])[C:3]([H:13])([H:14])[H:15]
[H:19][C:5]1=[C:6]([O:7][C:8](=[C:4]1[C:3]([H:17])([H:18])[N+:2]([H:15])([H:16])[C:1]([H:12])([H:13])[H:14])[C:9]([H:21])([H:22])[O:10][C:11]([H:23])([H:24])[H:25])[H:20],[H:19][C:5]1=[C:6]([O:7][C:8](=[C:4]1[C:3]([H:17])([H:18])[N+:2]([H:15])([H:16])[C:1]([H:12])([H:13])[H:14])[C:9]([H:21])([H:22])[O:10][C:11]([H:23])([H:24])[H:25])[H:20]
[H:13][C:1]1=[C:5]([O:4][C:3](=[C:2]1[H:14])[C:6]2([N+:7]([C:8]([C:9]([O:10]2)([H:21])[C:11]([H:22])([H:23])[O:12][H:24])([H:19])[H:20])([H:17])[H:18])[H:16])[H:15],[H:13][C:1]1=[C:5]([O:4][C:3](=[C:2]1[H:14])[C:6]2([N+:7]([C:8]([C:9]([O:10]2)([H:21])[C:11]([H:22])([H:23])[O:12][H:24])([H:19])[H:20])([H:17])[H:18])[H:16])[H:15]
[H:25][C:10](=[O:11])[C:9]1([C:8]([N+:7]1([H:21])[C:4]([H:19])([C:5](=[O:6])[H:20])[C:2]([H:15])([C:1]([H:12])([H:13])[H:14])[C:3]([H:16])([H:17])[H:18])([H:22])[H:23])[H:24],[H:25][C:10](=[O:11])[C:9]1([C:8]([N+:7]1([H:21])[C:4]([H:19])([C:5](=[O:6])[H:20])[C:2]([H:15])([C:1]([H:12])([H:13])[H:14])[C:3]([H:16])([H:17])[H:18])([H:22])[H:23])[H:24]
[H:16][C:2](=[C:3]([C:4]([H:17])([H:18])[H:19])[C:5]([H:20])([C:6]([C:9](=[O:10])[N:11]([H:27])[H:28])([C:7]([H:21])([H:22])[H:23])[C:8]([H:24])([H:25])[H:26])[O:12][H:29])[C:1]([H:13])([H:14])[H:15],[H:16][C:2](=[C:3]([C:4]([H:17])([H:18])[H:19])[C:5]([H:20])([C:6]([C:9](=[O:10])[N:11]([H:27])[H:28])([C:7]([H:21])([H:22])[H:23])[C:8]([H:24])([H:25])[H:26])[O:12][H:29])[C:1]([H:13])([H:14])[H:15]
[H:16][C:4]1([C:3]([C:2]([C:5]1([H:18])[C:6]([H:19])([H:20])[C:7]([H:21])([H:22])[C:8]([H:23])([H:24])[O:9][H:25])([C:1]([H:11])([H:12])[H:13])[C:10]([H:26])([H:27])[H:28])([H:14])[H:15])[H:17],[H:16][C:4]1([C:3]([C:2]([C:5]1([H:18])[C:6]([H:19])([H:20])[C:7]([H:21])([H:22])[C:8]([H:23])([H:24])[O:9][H:25])([C:1]([H:11])([H:12])[H:13])[C:10]([H:26])([H:27])[H:28])([H:14])[H:15])[H:17]
[H:20][C:9](=[C:8]([C:10]([H:22])([H:23])[H:24])[C:4]([H:16])([C:5]([H:17])([H:18])[C:6](=[O:7])[H:19])[O:3][C:2]([H:14])([H:15])[C:1]([H:11])([H:12])[H:13])[H:21],[H:20][C:9](=[C:8]([C:10]([H:22])([H:23])[H:24])[C:4]([H:16])([C:5]([H:17])([H:18])[C:6](=[O:7])[H:19])[O:3][C:2]([H:14])([H:15])[C:1]([H:11])([H:12])[H:13])[H:21]
[H:17][C:7]1=[C:6]([S:10][C:9](=[C:8]1[H:18])[Cl:11])[S:5][C:2]([H:15])([C:3](=[O:4])[H:16])[C:1]([H:12])([H:13])[H:14],[H:17][C:7]1=[C:6]([S:10][C:9](=[C:8]1[H:18])[Cl:11])[S:5][C:2]([H:15])([C:3](=[O:4])[H:16])[C:1]([H:12])([H:13])[H:14]
[H:16][C:5]1=[N+:6]([C:2](=[C:3]([S:4]1)[C:10]([H:19])([H:20])[C:11]([H:21])([H:22])[O:12][H:23])[C:1]([H:13])([H:14])[H:15])[C:7]([H:17])([H:18])[C:8]#[N:9],[H:16][C:5]1=[N+:6]([C:2](=[C:3]([S:4]1)[C:10]([H:19])([H:20])[C:11]([H:21])([H:22])[O:12][H:23])[C:1]([H:13])([H:14])[H:15])[C:7]([H:17])([H:18])[C:8]#[N:9]
[H:9][C:1]1([C:2]([C:3]([N:4]1[H:13])([H:11])[H:12])([C:5]([H:14])([H:15])[C:6]([H:16])([H:17])[O:7][H:18])[N:8]([H:19])[H:20])[H:10],[H:9][C:1]1([C:2]([C:3]([N:4]1[H:13])([H:11])[H:12])([C:5]([H:14])([H:15])[C:6]([H:16])([H:17])[O:7][H:18])[N:8]([H:19])[H:20])[H:10]
[H:9][C:1]([H:10])([H:11])[C:2]([H:12])([C:3]([H:13])([H:14])[H:15])[C:4]([H:16])([C:5]([H:17])([H:18])[O:6][H:19])[N+:7]([H:20])([H:21])[C:8]([H:22])([H:23])[H:24],[H:9][C:1]([H:10])([H:11])[C:2]([H:12])([C:3]([H:13])([H:14])[H:15])[C:4]([H:16])([C:5]([H:17])([H:18])[O:6][H:19])[N+:7]([H:20])([H:21])[C:8]([H:22])([H:23])[H:24]
[H:11][C:1]1([C:2]([C:3]([O:4][C:5]([C:6]1([H:18])[N:7]=[N+:8]=[N-:9])([H:16])[H:17])([H:15])[O:10][H:19])([H:13])[H:14])[H:12],[H:11][C:1]1([C:2]([C:3]([O:4][C:5]([C:6]1([H:18])[N:7]=[N+:8]=[N-:9])([H:16])[H:17])([H:15])[O:10][H:19])([H:13])[H:14])[H:12]
[O:1]=[C:2]([C@@:3]1([H:12])[C@@:4]([C:5](=[O:6])[H:14])([H:13])[C:7]1([I:8])[C:9]([I:10])([H:15])[H:16])[H:11],[O:1]=[C:2]([C@:3]1([H:12])[C@:4]([C:5](=[O:6])[H:14])([H:13])[C:7]1([I:8])[C:9]([I:10])([H:15])[H:16])[H:11]
[H:14][C:4]1=[N:5][N:6]([C:2](=[C:3]1[C:7]([H:16])([H:17])[C:8]([H:18])([H:19])[C:9]([H:20])([H:21])[N:10]([H:22])[H:23])[C:1]([H:11])([H:12])[H:13])[H:15],[H:14][C:4]1=[N:5][N:6]([C:2](=[C:3]1[C:7]([H:16])([H:17])[C:8]([H:18])([H:19])[C:9]([H:20])([H:21])[N:10]([H:22])[H:23])[C:1]([H:11])([H:12])[H:13])[H:15]
[H:29][C:10](=[O:11])[C:9]([H:27])([H:28])[C:8]([H:25])([H:26])[N+:5]1([C:4]([C:3]([C:2]([C:7]([C:6]1([H:21])[H:22])([H:23])[H:24])([H:15])[C:1]([H:12])([H:13])[H:14])([H:16])[H:17])([H:18])[H:19])[H:20],[H:29][C:10](=[O:11])[C:9]([H:27])([H:28])[C:8]([H:25])([H:26])[N+:5]1([C:4]([C:3]([C:2]([C:7]([C:6]1([H:21])[H:22])([H:23])[H:24])([H:15])[C:1]([H:12])([H:13])[H:14])([H:16])[H:17])([H:18])[H:19])[H:20]
[H:13][C:1](=[C:2]([H:15])[C:3]([H:16])([H:17])[N:4]([H:18])[C:5]([C:6](=[O:7])[H:19])([C:8]([F:9])([F:10])[F:11])[N:12]([H:20])[H:21])[H:14],[H:13][C:1](=[C:2]([H:15])[C:3]([H:16])([H:17])[N:4]([H:18])[C:5]([C:6](=[O:7])[H:19])([C:8]([F:9])([F:10])[F:11])[N:12]([H:20])[H:21])[H:14]
[H:15][C:1](=[O:2])[C@@:3]([H:16])([C@@:5]([H:18])([C@:7]1([C@:12]([O:11][B:9]([O:8]1)[O:10][H:21])([H:22])[C:13]([H:23])([H:24])[O:14][H:25])[H:20])[O:6][H:19])[O:4][H:17],[H:15][C:1](=[O:2])[C@@:3]([H:16])([C@:5]([H:18])([C@:7]1([C@@:12]([O:11][B:9]([O:8]1)[O:10][H:21])([H:22])[C:13]([H:23])([H:24])[O:14][H:25])[H:20])[O:6][H:19])[O:4][H:17]
[C:1]([C:2]([C@@:3]1([H:13])[C:4]([H:14])([H:15])[C:5]1([I:6])[I:7])([H:11])[H:12])([H:8])([H:9])[H:10],[C:1]([C:2]([C@:3]1([H:13])[C:4]([H:14])([H:15])[C:5]1([I:6])[I:7])([H:11])[H:12])([H:8])([H:9])[H:10]
[H:29][c:11]1[c:12]([c:13]2[c:7]([c:8]([c:10]1[H:28])[C:9]([H:25])([H:26])[H:27])[O:6][C:5]([C@:4]2([H:22])[C:3]([H:20])([H:21])[C@:2]([H:19])([B:14]([O:15][H:31])[O:16][H:32])[N:1]([H:17])[H:18])([H:23])[H:24])[H:30],[H:29][c:11]1[c:12]([c:13]2[c:7]([c:8]([c:10]1[H:28])[C:9]([H:25])([H:26])[H:27])[O:6][C:5]([C@:4]2([H:22])[C:3]([H:20])([H:21])[C@:2]([H:19])([B:14]([O:15][H:31])[O:16][H:32])[N:1]([H:17])[H:18])([H:23])[H:24])[H:30]
[H:28][C:11](=[O:12])[C:2]([H:16])([C:1]([H:13])([H:14])[H:15])[C:3]([H:17])([H:18])[S:4][C:5](=[O:6])[C:7]([C:8]([H:19])([H:20])[H:21])([C:9]([H:22])([H:23])[H:24])[C:10]([H:25])([H:26])[H:27],[H:28][C:11](=[O:12])[C:2]([H:16])([C:1]([H:13])([H:14])[H:15])[C:3]([H:17])([H:18])[S:4][C:5](=[O:6])[C:7]([C:8]([H:19])([H:20])[H:21])([C:9]([H:22])([H:23])[H:24])[C:10]([H:25])([H:26])[H:27]
[H:17][C:5]1=[C:6]([S:7][C:8](=[C:4]1[C:3]([H:15])([H:16])[C@@:2]([H:14])([B:9]([O:10][H:20])[O:11][H:21])[N:1]([H:12])[H:13])[H:19])[H:18],[H:17][C:5]1=[C:6]([S:7][C:8](=[C:4]1[C:3]([H:15])([H:16])[C@@:2]([H:14])([B:9]([O:10][H:20])[O:11][H:21])[N:1]([H:12])[H:13])[H:19])[H:18]
[H:15][C:5](=[N:6][O:7][C:8]([H:16])([H:17])[H:18])[C:4]([H:14])([C:9](=[O:10])[H:19])[C:2](=[O:3])[C:1]([H:11])([H:12])[H:13],[H:15][C:5](=[N:6][O:7][C:8]([H:16])([H:17])[H:18])[C:4]([H:14])([C:9](=[O:10])[H:19])[C:2](=[O:3])[C:1]([H:11])([H:12])[H:13]
[H:19][C:5]1([C:4]([O:9][C:8]([C:7]([N+:6]1([H:21])[H:22])([H:23])[O:10][C:11]([H:26])([H:27])[C:12]([H:28])([H:29])[H:30])([H:24])[H:25])([H:18])[O:3][C:2]([H:16])([H:17])[C:1]([H:13])([H:14])[H:15])[H:20],[H:19][C:5]1([C:4]([O:9][C:8]([C:7]([N+:6]1([H:21])[H:22])([H:23])[O:10][C:11]([H:26])([H:27])[C:12]([H:28])([H:29])[H:30])([H:24])[H:25])([H:18])[O:3][C:2]([H:16])([H:17])[C:1]([H:13])([H:14])[H:15])[H:20]
[H:20][C:6]1([C:5]([C:4]([N+:8]([C:7]1([H:22])[H:23])([H:24])[H:25])([C:3]([H:16])([H:17])[C:2]([H:14])([H:15])[C:1]([H:11])([H:12])[H:13])[C:9]([H:26])([H:27])[O:10][H:28])([H:18])[H:19])[H:21],[H:20][C:6]1([C:5]([C:4]([N+:8]([C:7]1([H:22])[H:23])([H:24])[H:25])([C:3]([H:16])([H:17])[C:2]([H:14])([H:15])[C:1]([H:11])([H:12])[H:13])[C:9]([H:26])([H:27])[O:10][H:28])([H:18])[H:19])[H:21]
[O:1]([C:2]([C@@:3]1([H:12])[C:4]([H:13])([H:14])[C@:5]([I:6])([H:15])[C:7]([H:16])([H:17])[O:8]1)([H:10])[H:11])[H:9],[O:1]([C:2]([C@:3]1([H:12])[C:4]([H:13])([H:14])[C@:5]([I:6])([H:15])[C:7]([H:16])([H:17])[O:8]1)([H:10])[H:11])[H:9]
[H:18][C:4](=[O:5])[C:3]([H:17])([C:2]([H:15])([H:16])[C:1]([H:13])([H:14])[C:7]([H:21])([H:22])[N+:8](=[C:9]([C:10]([H:24])([H:25])[Cl:11])[N:12]([H:26])[H:27])[H:23])[N:6]([H:19])[H:20],[H:18][C:4](=[O:5])[C:3]([H:17])([C:2]([H:15])([H:16])[C:1]([H:13])([H:14])[C:7]([H:21])([H:22])[N+:8](=[C:9]([C:10]([H:24])([H:25])[Cl:11])[N:12]([H:26])[H:27])[H:23])[N:6]([H:19])[H:20]
[H:25][C:10]1=[C:9]([N+:8](=[C:12]([N:11]1[H:26])[H:27])[C:7]([H:22])([H:23])[C:5](=[O:6])[C:2]([C:1]([H:13])([H:14])[H:15])([C:3]([H:16])([H:17])[H:18])[C:4]([H:19])([H:20])[H:21])[H:24],[H:25][C:10]1=[C:9]([N+:8](=[C:12]([N:11]1[H:26])[H:27])[C:7]([H:22])([H:23])[C:5](=[O:6])[C:2]([C:1]([H:13])([H:14])[H:15])([C:3]([H:16])([H:17])[H:18])[C:4]([H:19])([H:20])[H:21])[H:24]
[H:11][C:1]([H:12])([H:13])[C:2]([H:14])([C:3]([H:15])([H:16])[S:4][C:5]([H:17])([H:18])[P:6](=[O:7])([O-:8])[O-:9])[O:10][H:19],[H:11][C:1]([H:12])([H:13])[C:2]([H:14])([C:3]([H:15])([H:16])[S:4][C:5]([H:17])([H:18])[P:6](=[O:7])([O-:8])[O-:9])[O:10][H:19]
[H:11][C:1]1([C:2]([N:3]([C:4]([C:5]([C:6]1([H:20])[C:7]([H:21])([H:22])[C:8]([H:23])([H:24])[C:9]([H:25])([H:26])[N:10]([H:27])[H:28])([H:18])[H:19])([H:16])[H:17])[H:15])([H:13])[H:14])[H:12],[H:11][C:1]1([C:2]([N:3]([C:4]([C:5]([C:6]1([H:20])[C:7]([H:21])([H:22])[C:8]([H:23])([H:24])[C:9]([H:25])([H:26])[N:10]([H:27])[H:28])([H:18])[H:19])([H:16])[H:17])[H:15])([H:13])[H:14])[H:12]
[H:7][C:1]([H:8])([H:9])[C:2]([H:10])([H:11])[C:3](=[O:4])[C:5]([H:12])([H:13])[N:6]([H:14])[H:15],[H:7][C:1]([H:8])([H:9])[C:2]([H:10])([H:11])[C:3](=[O:4])[C:5]([H:12])([H:13])[N:6]([H:14])[H:15]
[H:12][C:1]1([C:2]([C:3]1([C:4]([H:16])([H:17])[C:5]([H:18])([H:19])[P:6](=[O:7])([O-:8])[O-:9])[C:10]([H:20])([H:21])[O:11][H:22])([H:14])[H:15])[H:13],[H:12][C:1]1([C:2]([C:3]1([C:4]([H:16])([H:17])[C:5]([H:18])([H:19])[P:6](=[O:7])([O-:8])[O-:9])[C:10]([H:20])([H:21])[O:11][H:22])([H:14])[H:15])[H:13]
[H:16][C:8](=[O:9])[C:6](=[N:7][H:15])[C:4](=[O:5])[C:3]([H:13])([H:14])[O:2][C:1]([H:10])([H:11])[H:12],[H:16][C:8](=[O:9])[C:6](=[N:7][H:15])[C:4](=[O:5])[C:3]([H:13])([H:14])[O:2][C:1]([H:10])([H:11])[H:12]
[O:1]=[C:2]([C@@:3]([O:4][H:13])([C:5]1=[C:6]([H:14])[C:7]([I:8])=[C:9]([H:15])[S:10]1)[H:12])[H:11],[O:1]=[C:2]([C@:3]([O:4][H:13])([C:5]1=[C:6]([H:14])[C:7]([I:8])=[C:9]([H:15])[S:10]1)[H:12])[H:11]
[H:16][C:2]1([C:3]([O:4][C:5](=[O:6])[C:7]1([C:8](=[O:9])[C:10]([H:18])([H:19])[H:20])[O:11][H:21])([H:17])[O:12][H:22])[C:1]([H:13])([H:14])[H:15],[H:16][C:2]1([C:3]([O:4][C:5](=[O:6])[C:7]1([C:8](=[O:9])[C:10]([H:18])([H:19])[H:20])[O:11][H:21])([H:17])[O:12][H:22])[C:1]([H:13])([H:14])[H:15]
[N:1](=[C:2]1\[C:3]([H:14])=[C:4]([H:15])[c:5]2[c:6]([H:16])[c:7]([I:8])[c:9]([H:17])[c:10]([H:18])[c:11]2[O:12]1)\[H:13],[N:1](=[C:2]1/[C:3]([H:14])=[C:4]([H:15])[c:5]2[c:6]([H:16])[c:7]([I:8])[c:9]([H:17])[c:10]([H:18])[c:11]2[O:12]1)\[H:13]
[H:24][C:10](=[C:9]([H:23])[C:7]1([C:6]([O:5][C:4]([O:8]1)([H:20])[C:3]([H:18])([H:19])[C:2]([H:16])([H:17])[C:1]([H:13])([H:14])[H:15])([H:21])[C:11]([H:26])([H:27])[C:12]([H:28])([H:29])[H:30])[H:22])[H:25],[H:24][C:10](=[C:9]([H:23])[C:7]1([C:6]([O:5][C:4]([O:8]1)([H:20])[C:3]([H:18])([H:19])[C:2]([H:16])([H:17])[C:1]([H:13])([H:14])[H:15])([H:21])[C:11]([H:26])([H:27])[C:12]([H:28])([H:29])[H:30])[H:22])[H:25]
[H:24][c:11]1[c:12]([c:13]([c:14]2[c:15]([c:6]([c:7]([c:8]([c:9]2[c:10]1[H:23])[H:22])[H:21])[C@@:2]([H:18])([B:3]([O:4][H:19])[O:5][H:20])[N:1]([H:16])[H:17])[H:27])[H:26])[H:25],[H:24][c:11]1[c:12]([c:13]([c:14]2[c:15]([c:6]([c:7]([c:8]([c:9]2[c:10]1[H:23])[H:22])[H:21])[C@:2]([H:18])([B:3]([O:4][H:19])[O:5][H:20])[N:1]([H:16])[H:17])[H:27])[H:26])[H:25]
[Cl:1][C:2]1=[C:3]([H:9])[C:4]([H:10])([H:11])[C@@:5]([I:6])([H:12])[C:7]([H:13])=[C:8]1[H:14],[Cl:1][C:2]1=[C:3]([H:9])[C:4]([H:10])([H:11])[C@:5]([I:6])([H:12])[C:7]([H:13])=[C:8]1[H:14]
[H:9][C:1]([H:10])([H:11])[C:2]([H:12])([C:3]([H:13])([H:14])[H:15])[C:4]([H:16])([C:5]([H:17])([H:18])[N+:6]([H:19])([H:20])[H:21])[C:7]([H:22])([H:23])[O:8][H:24],[H:9][C:1]([H:10])([H:11])[C:2]([H:12])([C:3]([H:13])([H:14])[H:15])[C:4]([H:16])([C:5]([H:17])([H:18])[N+:6]([H:19])([H:20])[H:21])[C:7]([H:22])([H:23])[O:8][H:24]
[H:20][c:8]1[c:7]([c:6]([c:5]([c:10]([c:9]1[H:21])[B:11]([O:12][H:22])[O:13][H:23])[N:4]([H:17])/[C:2](=[N:1]/[H:14])/[N:3]([H:15])[H:16])[H:18])[H:19],[H:20][c:8]1[c:7]([c:6]([c:5]([c:10]([c:9]1[H:21])[B:11]([O:12][H:22])[O:13][H:23])[N:4]([H:17])/[C:2](=[N:1]\[H:14])/[N:3]([H:15])[H:16])[H:18])[H:19]
[H:23][C:7]1=[C:8]([O:9][C:5]([C:6]1([H:21])[H:22])([H:20])[C:4]2([C:3]([C:2]2([H:16])[C:1]([H:13])([H:14])[H:15])([H:17])[H:18])[H:19])[C:10]([H:24])([H:25])[N+:11]([H:26])([H:27])[C:12]([H:28])([H:29])[H:30],[H:23][C:7]1=[C:8]([O:9][C:5]([C:6]1([H:21])[H:22])([H:20])[C:4]2([C:3]([C:2]2([H:16])[C:1]([H:13])([H:14])[H:15])([H:17])[H:18])[H:19])[C:10]([H:24])([H:25])[N+:11]([H:26])([H:27])[C:12]([H:28])([H:29])[H:30]
[H:10][C:1]([H:11])([H:12])[N+:2]([H:13])([H:14])[C:3]([H:15])([H:16])[C:4]([H:17])([C:5]([H:18])([H:19])[N+:6]([H:20])([C:7]([H:21])([H:22])[H:23])[C:8]([H:24])([H:25])[H:26])[O:9][H:27],[H:10][C:1]([H:11])([H:12])[N+:2]([H:13])([H:14])[C:3]([H:15])([H:16])[C:4]([H:17])([C:5]([H:18])([H:19])[N+:6]([H:20])([C:7]([H:21])([H:22])[H:23])[C:8]([H:24])([H:25])[H:26])[O:9][H:27]
[H:15][C:3]1([C:4]([C:5]([N+:6]([C:2]1([H:14])[C:1]([H:12])([H:13])[N:11]([H:25])[H:26])([H:18])[H:19])([H:17])[C:7]([H:20])([H:21])[O:8][H:22])([H:16])[O:9][H:23])[O:10][H:24],[H:15][C:3]1([C:4]([C:5]([N+:6]([C:2]1([H:14])[C:1]([H:12])([H:13])[N:11]([H:25])[H:26])([H:18])[H:19])([H:17])[C:7]([H:20])([H:21])[O:8][H:22])([H:16])[O:9][H:23])[O:10][H:24]
[H:12][C:1]1([C:2]([C:3]([N:4]([C:5]([C:6]1([H:19])[H:20])([H:18])[C:7]([H:21])([H:22])[O:8][H:23])[C:9]([H:24])([H:25])[C:10]([H:26])([H:27])[N+:11]([H:28])([H:29])[H:30])([H:16])[H:17])([H:14])[H:15])[H:13],[H:12][C:1]1([C:2]([C:3]([N:4]([C:5]([C:6]1([H:19])[H:20])([H:18])[C:7]([H:21])([H:22])[O:8][H:23])[C:9]([H:24])([H:25])[C:10]([H:26])([H:27])[N+:11]([H:28])([H:29])[H:30])([H:16])[H:17])([H:14])[H:15])[H:13]
[H:16][C:4]1=[C:5]([C:6]([O:7][C:3]1([H:15])[O:2][C:1]([H:12])([H:13])[H:14])([C:8]([H:18])([H:19])[N+:9]([H:20])([H:21])[H:22])[O:10][C:11]([H:23])([H:24])[H:25])[H:17],[H:16][C:4]1=[C:5]([C:6]([O:7][C:3]1([H:15])[O:2][C:1]([H:12])([H:13])[H:14])([C:8]([H:18])([H:19])[N+:9]([H:20])([H:21])[H:22])[O:10][C:11]([H:23])([H:24])[H:25])[H:17]
[H:15][C:3](=[O:4])[C:2]([H:14])([C:1]([H:11])([H:12])[H:13])[S:5][C:6]1=[N:10][N:9]=[N:8][N-:7]1,[H:15][C:3](=[O:4])[C:2]([H:14])([C:1]([H:11])([H:12])[H:13])[S:5][C:6]1=[N:10][N:9]=[N:8][N-:7]1
[O:1]=[C:2](/[C:3](=[N:4]\[O:5][H:14])[H:13])[C@:6]1([H:15])[C:7]([H:16])([H:17])[C:8]([H:18])([H:19])[C:9]([H:20])([H:21])[C:10]([H:22])([H:23])[C@@:11]1([I:12])[H:24],[O:1]=[C:2](/[C:3](=[N:4]/[O:5][H:14])[H:13])[C@@:6]1([H:15])[C:7]([H:16])([H:17])[C:8]([H:18])([H:19])[C:9]([H:20])([H:21])[C:10]([H:22])([H:23])[C@@:11]1([I:12])[H:24]
[H:18][C:4](=[C:3]([C:2]([H:16])([H:17])[C:1]([H:13])([H:14])[H:15])[C:6]([H:22])([H:23])[N+:7]1([C:8]([C:9]([N:10]([C:11]([C:12]1([H:32])[H:33])([H:30])[H:31])[H:29])([H:27])[H:28])([H:25])[H:26])[H:24])[C:5]([H:19])([H:20])[H:21],[H:18][C:4](=[C:3]([C:2]([H:16])([H:17])[C:1]([H:13])([H:14])[H:15])[C:6]([H:22])([H:23])[N+:7]1([C:8]([C:9]([N:10]([C:11]([C:12]1([H:32])[H:33])([H:30])[H:31])[H:29])([H:27])[H:28])([H:25])[H:26])[H:24])[C:5]([H:19])([H:20])[H:21]
[H:22][C:10](=[O:11])[C:5]1([C:4](=[C:3]([C:7](=[N:6]1)[C:8]([H:19])([H:20])[O:9][H:21])[C:2]([H:16])([H:17])[C:1]([H:13])([H:14])[H:15])[C:12]([H:23])([H:24])[H:25])[H:18],[H:22][C:10](=[O:11])[C:5]1([C:4](=[C:3]([C:7](=[N:6]1)[C:8]([H:19])([H:20])[O:9][H:21])[C:2]([H:16])([H:17])[C:1]([H:13])([H:14])[H:15])[C:12]([H:23])([H:24])[H:25])[H:18]
[H:10][C:1]([H:11])([H:12])[C:2]([H:13])([H:14])[C:3]([H:15])([C:4]([H:16])([H:17])[H:18])[N+:5]([H:19])([C:6]([H:20])([H:21])[H:22])[C:7]([H:23])([H:24])[C:8]([H:25])([H:26])[N:9]([H:27])[H:28],[H:10][C:1]([H:11])([H:12])[C:2]([H:13])([H:14])[C:3]([H:15])([C:4]([H:16])([H:17])[H:18])[N+:5]([H:19])([C:6]([H:20])([H:21])[H:22])[C:7]([H:23])([H:24])[C:8]([H:25])([H:26])[N:9]([H:27])[H:28]
[H:13][C:1]1=[C:2]([N:3]=[N:4][N:5]1[H:14])[C:6]([H:15])([H:16])[C:7]([H:17])([C:8](=[O:9])[H:18])[C:10]2([C:11]([C:12]2([H:22])[H:23])([H:20])[H:21])[H:19],[H:13][C:1]1=[C:2]([N:3]=[N:4][N:5]1[H:14])[C:6]([H:15])([H:16])[C:7]([H:17])([C:8](=[O:9])[H:18])[C:10]2([C:11]([C:12]2([H:22])[H:23])([H:20])[H:21])[H:19]
[H:9][C:1]([H:10])([H:11])[C:2]([C:3]([H:12])([H:13])[H:14])([C:4]([H:15])([H:16])[O:5][H:17])[N+:6]([H:18])([C:7]([H:19])([H:20])[H:21])[C:8]([H:22])([H:23])[H:24],[H:9][C:1]([H:10])([H:11])[C:2]([C:3]([H:12])([H:13])[H:14])([C:4]([H:15])([H:16])[O:5][H:17])[N+:6]([H:18])([C:7]([H:19])([H:20])[H:21])[C:8]([H:22])([H:23])[H:24]
[H:20][C:6]1=[N:7][N:8]([C:9](=[C:5]1[S:4][C:2]([H:16])([C:1]([H:13])([H:14])[H:15])[C:3]([H:17])([H:18])[H:19])[C:10](=[O:11])[O-:12])[H:21],[H:20][C:6]1=[N:7][N:8]([C:9](=[C:5]1[S:4][C:2]([H:16])([C:1]([H:13])([H:14])[H:15])[C:3]([H:17])([H:18])[H:19])[C:10](=[O:11])[O-:12])[H:21]
[H:12][C:1]([H:13])([H:14])[S:2][C:3]1=[N:7][N:6]=[C:5]([N:4]1[H:15])[C:8]([H:16])([H:17])[C:9]([H:18])([H:19])[C:10]([H:20])([H:21])[N:11]([H:22])[H:23],[H:12][C:1]([H:13])([H:14])[S:2][C:3]1=[N:7][N:6]=[C:5]([N:4]1[H:15])[C:8]([H:16])([H:17])[C:9]([H:18])([H:19])[C:10]([H:20])([H:21])[N:11]([H:22])[H:23]
[N:1]#[C:2][C@@:3]([O:4][H:14])([c:5]1[c:6]([F:7])[c:8]([H:15])[c:9]([H:16])[c:10]([H:17])[c:11]1[I:12])[H:13],[N:1]#[C:2][C@:3]([O:4][H:14])([c:5]1[c:6]([F:7])[c:8]([H:15])[c:9]([H:16])[c:10]([H:17])[c:11]1[I:12])[H:13]
[H:14][c:4]1[c:5]([c:6]([c:1]([c:2]([c:3]1[O:10][H:17])[C:11]([H:18])([H:19])[O:12][H:20])[H:13])[O:7][H:15])[C:8](=[O:9])[H:16],[H:14][c:4]1[c:5]([c:6]([c:1]([c:2]([c:3]1[O:10][H:17])[C:11]([H:18])([H:19])[O:12][H:20])[H:13])[O:7][H:15])[C:8](=[O:9])[H:16]
[H:18][C:4](=[O:5])[C:3]([H:16])([H:17])[N:2]([C:1]([H:13])([H:14])[H:15])[C:6]([H:19])([C:7]([H:20])([H:21])[N:8]([H:22])[H:23])[C:9]([F:10])([F:11])[F:12],[H:18][C:4](=[O:5])[C:3]([H:16])([H:17])[N:2]([C:1]([H:13])([H:14])[H:15])[C:6]([H:19])([C:7]([H:20])([H:21])[N:8]([H:22])[H:23])[C:9]([F:10])([F:11])[F:12]
[H:24][C:10]1=[N:9][C:8](=[N:12][N:11]1[H:25])[C:5]2([C:4]([C:3]([C:7]([N+:6]2([H:20])[H:21])([H:22])[H:23])([H:16])[O:2][C:1]([H:13])([H:14])[H:15])([H:17])[H:18])[H:19],[H:24][C:10]1=[N:9][C:8](=[N:12][N:11]1[H:25])[C:5]2([C:4]([C:3]([C:7]([N+:6]2([H:20])[H:21])([H:22])[H:23])([H:16])[O:2][C:1]([H:13])([H:14])[H:15])([H:17])[H:18])[H:19]
[H:11][C:1]([H:12])([C:2]([H:13])([H:14])[O:3][H:15])[N:4]([C:8](=[S:9])[N:10]([H:21])[H:22])[C:5]([H:16])([H:17])[C:6]([H:18])([H:19])[O:7][H:20],[H:11][C:1]([H:12])([C:2]([H:13])([H:14])[O:3][H:15])[N:4]([C:8](=[S:9])[N:10]([H:21])[H:22])[C:5]([H:16])([H:17])[C:6]([H:18])([H:19])[O:7][H:20]
[H:18][C:6](=[S:7])[N:5]([H:17])[C:4]([H:15])([H:16])[C:3]([H:13])([H:14])[C:2]([H:11])([H:12])[C:1]([H:8])([H:9])[H:10],[H:18][C:6](=[S:7])[N:5]([H:17])[C:4]([H:15])([H:16])[C:3]([H:13])([H:14])[C:2]([H:11])([H:12])[C:1]([H:8])([H:9])[H:10]
[H:18][C:6]1([C:7]([C:5]1([H:17])[C:2]([C:1]([H:10])([H:11])[H:12])([C:3]([H:13])([H:14])[N:4]([H:15])[H:16])[O:8][C:9]([H:22])([H:23])[H:24])([H:20])[H:21])[H:19],[H:18][C:6]1([C:7]([C:5]1([H:17])[C:2]([C:1]([H:10])([H:11])[H:12])([C:3]([H:13])([H:14])[N:4]([H:15])[H:16])[O:8][C:9]([H:22])([H:23])[H:24])([H:20])[H:21])[H:19]
[H:13][C:1]([H:14])([H:15])[C:2]([H:16])([H:17])[C:3]([H:18])([C:4]1=[N:9][N:8]([C:6](=[O:7])[N:5]1[H:19])[H:20])[O:10][C:11]([H:21])([H:22])[C:12]([H:23])([H:24])[H:25],[H:13][C:1]([H:14])([H:15])[C:2]([H:16])([H:17])[C:3]([H:18])([C:4]1=[N:9][N:8]([C:6](=[O:7])[N:5]1[H:19])[H:20])[O:10][C:11]([H:21])([H:22])[C:12]([H:23])([H:24])[H:25]
[H:12][C:1]([H:13])([C:2]([H:14])([C:3](=[O:4])[O-:5])[N:6]([H:15])[H:16])[O:7][S:8](=[O:9])(=[O:10])[O-:11],[H:12][C:1]([H:13])([C:2]([H:14])([C:3](=[O:4])[O-:5])[N:6]([H:15])[H:16])[O:7][S:8](=[O:9])(=[O:10])[O-:11]
[H:13][C:3](=[C:4]([H:14])[C:5]([H:15])([H:16])[C:6]([H:17])([H:18])[N:7]([H:19])[H:20])[C:2]([H:11])([H:12])[C:1]([H:8])([H:9])[H:10],[H:13][C:3](=[C:4]([H:14])[C:5]([H:15])([H:16])[C:6]([H:17])([H:18])[N:7]([H:19])[H:20])[C:2]([H:11])([H:12])[C:1]([H:8])([H:9])[H:10]
[H:13][C:1]1([C:2]([O:3][C:4]([C:5]([N:6]1[C:7]([H:21])([H:22])[C:8](=[N+:9]([H:23])[H:24])[N+:10](=[O:11])[O-:12])([H:19])[H:20])([H:17])[H:18])([H:15])[H:16])[H:14],[H:13][C:1]1([C:2]([O:3][C:4]([C:5]([N:6]1[C:7]([H:21])([H:22])[C:8](=[N+:9]([H:23])[H:24])[N+:10](=[O:11])[O-:12])([H:19])[H:20])([H:17])[H:18])([H:15])[H:16])[H:14]
[H:10][C:1](=[O:2])[C@@:3]([H:11])([C:4]([H:12])([H:13])[H:14])[O:5][Si:6]([C:7]([H:15])([H:16])[H:17])([C:8]([H:18])([H:19])[H:20])[C:9]([H:21])([H:22])[H:23],[H:10][C:1](=[O:2])[C@:3]([H:11])([C:4]([H:12])([H:13])[H:14])[O:5][Si:6]([C:7]([H:15])([H:16])[H:17])([C:8]([H:18])([H:19])[H:20])[C:9]([H:21])([H:22])[H:23]
[H:18][C:7](=[C:6]([C:4]([H:14])([C:3](=[C:2]([H:12])[C:1]([H:9])([H:10])[H:11])[H:13])[C:5]([H:15])([H:16])[H:17])[O:8][H:20])[H:19],[H:18][C:7](=[C:6]([C:4]([H:14])([C:3](=[C:2]([H:12])[C:1]([H:9])([H:10])[H:11])[H:13])[C:5]([H:15])([H:16])[H:17])[O:8][H:20])[H:19]
[H:21][C:7](=[O:8])[C:4]([H:16])([C:5]([H:17])([H:18])[N:6]([H:19])[H:20])[C:2]([C:1]([H:10])([H:11])[H:12])([C:3]([H:13])([H:14])[H:15])[O:9][H:22],[H:21][C:7](=[O:8])[C:4]([H:16])([C:5]([H:17])([H:18])[N:6]([H:19])[H:20])[C:2]([C:1]([H:10])([H:11])[H:12])([C:3]([H:13])([H:14])[H:15])[O:9][H:22]
[H:20][C:6]1=[C:7]([S:8][C:4](=[N:5]1)[C:2]([H:16])([C:1]([H:13])([H:14])[H:15])[C:3]([H:17])([H:18])[H:19])[C:9]([H:21])([H:22])[S:10](=[O:11])[O-:12],[H:20][C:6]1=[C:7]([S:8][C:4](=[N:5]1)[C:2]([H:16])([C:1]([H:13])([H:14])[H:15])[C:3]([H:17])([H:18])[H:19])[C:9]([H:21])([H:22])[S:10](=[O:11])[O-:12]
[H:13][C:1]([H:14])([H:15])[C:2]1=[C:3]([S:4][C:5](=[N:6]1)[C:7](=[S:8])[N:9]([H:16])[H:17])[C:10](=[O:11])[C:12]([H:18])([H:19])[H:20],[H:13][C:1]([H:14])([H:15])[C:2]1=[C:3]([S:4][C:5](=[N:6]1)[C:7](=[S:8])[N:9]([H:16])[H:17])[C:10](=[O:11])[C:12]([H:18])([H:19])[H:20]
[H:12][C:1]([H:13])([H:14])[S:2][C:3]1=[N:7][C:6](=[N:5][N:4]1[H:15])[C:8]([H:16])([C:9]([H:17])([H:18])[N+:10]([H:19])([H:20])[H:21])[O:11][H:22],[H:12][C:1]([H:13])([H:14])[S:2][C:3]1=[N:7][C:6](=[N:5][N:4]1[H:15])[C:8]([H:16])([C:9]([H:17])([H:18])[N+:10]([H:19])([H:20])[H:21])[O:11][H:22]
[H:21][c:7]1[c:6]([n:5][c:4]([n:9][c:8]1[C:10]([H:22])([H:23])[N+:11]([H:24])([H:25])[C:12]([H:26])([H:27])[H:28])[C:2]([H:16])([C:1]([H:13])([H:14])[H:15])[C:3]([H:17])([H:18])[H:19])[H:20],[H:21][c:7]1[c:6]([n:5][c:4]([n:9][c:8]1[C:10]([H:22])([H:23])[N+:11]([H:24])([H:25])[C:12]([H:26])([H:27])[H:28])[C:2]([H:16])([C:1]([H:13])([H:14])[H:15])[C:3]([H:17])([H:18])[H:19])[H:20]
[H:17][C:6]1=[N:7][S:8][N:9]=[C:5]1[C:4]([H:15])([H:16])[C:3]([H:13])([H:14])[S:2][C:1]([H:10])([H:11])[H:12],[H:17][C:6]1=[N:7][S:8][N:9]=[C:5]1[C:4]([H:15])([H:16])[C:3]([H:13])([H:14])[S:2][C:1]([H:10])([H:11])[H:12]
[H:22][C:6]1([C:5]([N:4]([C:3]([C:2]([C:7]1([C:8]([H:24])([H:25])[C:9]([H:26])([H:27])[O:10][C:11]([H:28])([H:29])[H:30])[O:12][H:31])([H:16])[C:1]([H:13])([H:14])[H:15])([H:17])[H:18])[H:19])([H:20])[H:21])[H:23],[H:22][C:6]1([C:5]([N:4]([C:3]([C:2]([C:7]1([C:8]([H:24])([H:25])[C:9]([H:26])([H:27])[O:10][C:11]([H:28])([H:29])[H:30])[O:12][H:31])([H:16])[C:1]([H:13])([H:14])[H:15])([H:17])[H:18])[H:19])([H:20])[H:21])[H:23]
[C:1]([C:2]([N:3](/[N:4]=[N:5]\[c:6]1[c:7]([H:19])[c:8]([H:20])[c:9]([H:21])[c:10]([H:22])[c:11]1[I:12])[H:18])([H:16])[H:17])([H:13])([H:14])[H:15],[C:1]([C:2]([N:3](/[N:4]=[N:5]/[c:6]1[c:7]([H:19])[c:8]([H:20])[c:9]([H:21])[c:10]([H:22])[c:11]1[I:12])[H:18])([H:16])[H:17])([H:13])([H:14])[H:15]
[H:10][C:4](=[N+:5]=[N-:6])[C:2](=[O:3])[C:1]([H:8])([H:9])[N:7]([H:11])[H:12],[H:10][C:4](=[N+:5]=[N-:6])[C:2](=[O:3])[C:1]([H:8])([H:9])[N:7]([H:11])[H:12]
[C:1]([N:2]([C@@:3]([C:4](=[O:5])[H:18])([c:6]1[c:7]([H:19])[c:8]([H:20])[c:9]([H:21])[c:10]([H:22])[c:11]1[I:12])[H:17])[H:16])([H:13])([H:14])[H:15],[C:1]([N:2]([C@:3]([C:4](=[O:5])[H:18])([c:6]1[c:7]([H:19])[c:8]([H:20])[c:9]([H:21])[c:10]([H:22])[c:11]1[I:12])[H:17])[H:16])([H:13])([H:14])[H:15]
[C:1]([C@@:2]1([H:15])[C:3]([H:16])([H:17])[N:4]([H:18])[C:5]([H:19])([H:20])[C:6]2=[C:10]([I:11])[O:9][C:8]([H:21])=[C:7]12)([H:12])([H:13])[H:14],[C:1]([C@:2]1([H:15])[C:3]([H:16])([H:17])[N:4]([H:18])[C:5]([H:19])([H:20])[C:6]2=[C:10]([I:11])[O:9][C:8]([H:21])=[C:7]12)([H:12])([H:13])[H:14]
[H:17][C:6]1([C:7]([O:8][C:9]([C:10]([C:5]1([H:16])[C:3](=[O:4])[C:2]([H:15])([C:1]([H:12])([H:13])[H:14])[N+:11]([H:25])([H:26])[H:27])([H:23])[H:24])([H:21])[H:22])([H:19])[H:20])[H:18],[H:17][C:6]1([C:7]([O:8][C:9]([C:10]([C:5]1([H:16])[C:3](=[O:4])[C:2]([H:15])([C:1]([H:12])([H:13])[H:14])[N+:11]([H:25])([H:26])[H:27])([H:23])[H:24])([H:21])[H:22])([H:19])[H:20])[H:18]
[H:13][c:1]1[c:2]([c:3]([c:4]([c:5]([c:6]1[H:17])[H:16])[S:7][C:8]([H:18])([H:19])[C:9]([H:20])([H:21])[N+:10](=[O:11])[O-:12])[H:15])[H:14],[H:13][c:1]1[c:2]([c:3]([c:4]([c:5]([c:6]1[H:17])[H:16])[S:7][C:8]([H:18])([H:19])[C:9]([H:20])([H:21])[N+:10](=[O:11])[O-:12])[H:15])[H:14]
[H:24][C:9]1([C:8]([C:6]2([C:10]1([H:26])[H:27])[C:7]([C:2]([C:3]([C:4]([O:5]2)([H:18])[H:19])([H:16])[H:17])([C:1]([H:13])([H:14])[H:15])[C:11]([H:28])([H:29])[N:12]([H:30])[H:31])([H:20])[H:21])([H:22])[H:23])[H:25],[H:24][C:9]1([C:8]([C:6]2([C:10]1([H:26])[H:27])[C:7]([C:2]([C:3]([C:4]([O:5]2)([H:18])[H:19])([H:16])[H:17])([C:1]([H:13])([H:14])[H:15])[C:11]([H:28])([H:29])[N:12]([H:30])[H:31])([H:20])[H:21])([H:22])[H:23])[H:25]
[H:22][C:11]([H:23])([H:24])[C:5]1=[C:6]([S:7][C:3](=[N:4]1)[C:2]([H:15])([H:16])[C:1]([H:12])([H:13])[H:14])[C:8]([H:17])([C:9]([H:18])([H:19])[H:20])[O:10][H:21],[H:22][C:11]([H:23])([H:24])[C:5]1=[C:6]([S:7][C:3](=[N:4]1)[C:2]([H:15])([H:16])[C:1]([H:12])([H:13])[H:14])[C:8]([H:17])([C:9]([H:18])([H:19])[H:20])[O:10][H:21]
[H:17][C:1](=[O:2])[C@@:3]1([C@:15]([C@@:13]([C@@:11]([C@@:5]([O:4]1)([H:19])[O:6][Si:7]([C:8]([H:20])([H:21])[H:22])([O:9][H:23])[O:10][H:24])([H:25])[O:12][H:26])([H:27])[O:14][H:28])([H:29])[O:16][H:30])[H:18],[H:17][C:1](=[O:2])[C@:3]1([C@@:15]([C@:13]([C@:11]([C@:5]([O:4]1)([H:19])[O:6][Si:7]([C:8]([H:20])([H:21])[H:22])([O:9][H:23])[O:10][H:24])([H:25])[O:12][H:26])([H:27])[O:14][H:28])([H:29])[O:16][H:30])[H:18]
[H:13][C:1]([H:14])([H:15])[C:2]([H:16])([H:17])[C:3]1=[N:4][N:5]=[C:6]([O:7]1)[C:8]([H:18])([C:9]([H:19])([H:20])[C:10]([H:21])([H:22])[N+:11]([H:23])([H:24])[H:25])[O:12][H:26],[H:13][C:1]([H:14])([H:15])[C:2]([H:16])([H:17])[C:3]1=[N:4][N:5]=[C:6]([O:7]1)[C:8]([H:18])([C:9]([H:19])([H:20])[C:10]([H:21])([H:22])[N+:11]([H:23])([H:24])[H:25])[O:12][H:26]
[H:17][C:1](=[O:2])[C@@:3]1([C@@:15]([C@:13]([C@:11]([C@:5]([O:4]1)([H:19])[O:6][Si:7]([C:8]([H:20])([H:21])[H:22])([O:9][H:23])[O:10][H:24])([H:25])[O:12][H:26])([H:27])[O:14][H:28])([H:29])[O:16][H:30])[H:18],[H:17][C:1](=[O:2])[C@:3]1([C@@:15]([C@:13]([C@:11]([C@:5]([O:4]1)([H:19])[O:6][Si:7]([C:8]([H:20])([H:21])[H:22])([O:9][H:23])[O:10][H:24])([H:25])[O:12][H:26])([H:27])[O:14][H:28])([H:29])[O:16][H:30])[H:18]
[H:20][C:10](=[C:9]([H:19])[C:8]([H:17])([H:18])[N:7]([H:16])[C:5]1=[N:4][N:3]([C:2]([S:6]1)([H:14])[C:1]([H:11])([H:12])[H:13])[H:15])[H:21],[H:20][C:10](=[C:9]([H:19])[C:8]([H:17])([H:18])[N:7]([H:16])[C:5]1=[N:4][N:3]([C:2]([S:6]1)([H:14])[C:1]([H:11])([H:12])[H:13])[H:15])[H:21]
[C:1]([c:2]1[c:3]([H:16])[c:4]([H:17])[c:5]([C@:6]([C:7]([H:19])([H:20])[H:21])([N+:8]([H:22])([H:23])[H:24])[H:18])[c:9]([C:10]([H:25])([H:26])[H:27])[c:11]1[I:12])([H:13])([H:14])[H:15],[C:1]([c:2]1[c:3]([H:16])[c:4]([H:17])[c:5]([C@@:6]([C:7]([H:19])([H:20])[H:21])([N+:8]([H:22])([H:23])[H:24])[H:18])[c:9]([C:10]([H:25])([H:26])[H:27])[c:11]1[I:12])([H:13])([H:14])[H:15]
[H:17][C:4]1=[C:3]([N:7]=[C:6]([N:5]1[H:18])[H:19])[C:2]([H:16])([C:1]([H:13])([H:14])[H:15])[C:8]([H:20])([C:9](=[O:10])[O-:11])[N:12]([H:21])[H:22],[H:17][C:4]1=[C:3]([N:7]=[C:6]([N:5]1[H:18])[H:19])[C:2]([H:16])([C:1]([H:13])([H:14])[H:15])[C:8]([H:20])([C:9](=[O:10])[O-:11])[N:12]([H:21])[H:22]
[H:10][C:2](=[O:3])[C:1]([H:8])([H:9])[O:4][N:5]=[N+:6]([H:11])[O:7][H:12],[H:10][C:2](=[O:3])[C:1]([H:8])([H:9])[O:4][N:5]=[N+:6]([H:11])[O:7][H:12]
[C:1]([C@:2]([O:3][H:16])([C:4](=[O:5])[H:17])[c:6]1[c:7]([H:18])[c:8]([H:19])[c:9]([H:20])[c:10]([I:11])[c:12]1[H:21])([H:13])([H:14])[H:15],[C:1]([C@@:2]([O:3][H:16])([C:4](=[O:5])[H:17])[c:6]1[c:7]([H:18])[c:8]([H:19])[c:9]([H:20])[c:10]([I:11])[c:12]1[H:21])([H:13])([H:14])[H:15]
[H:19][C:1](=[O:2])[C@@:3]1([C@:12]([C@:11]2([C@:6]([C:5]1([H:22])[H:23])([C@@:7]([N:9]([C:10]2([H:30])[H:31])[H:29])([H:25])[C:8]([H:26])([H:27])[H:28])[H:24])[H:32])([H:33])[C:13]([H:34])([H:35])[C:14]([H:36])([H:37])[C:15]([H:38])([H:39])[B:16]([O:17][H:40])[O:18][H:41])[N:4]([H:20])[H:21],[H:19][C:1](=[O:2])[C@:3]1([C@:12]([C@:11]2([C@@:6]([C:5]1([H:22])[H:23])([C@:7]([N:9]([C:10]2([H:30])[H:31])[H:29])([H:25])[C:8]([H:26])([H:27])[H:28])[H:24])[H:32])([H:33])[C:13]([H:34])([H:35])[C:14]([H:36])([H:37])[C:15]([H:38])([H:39])[B:16]([O:17][H:40])[O:18][H:41])[N:4]([H:20])[H:21]
[H:9][C:1](=[C:2]([C:3]([H:11])([H:12])[C:4]([H:13])([C:5](=[O:6])[H:14])[N+:7]([H:15])([H:16])[H:17])[Cl:8])[H:10],[H:9][C:1](=[C:2]([C:3]([H:11])([H:12])[C:4]([H:13])([C:5](=[O:6])[H:14])[N+:7]([H:15])([H:16])[H:17])[Cl:8])[H:10]
[H:15][C:1](=[O:2])[C@@:3]([H:16])([C@:5]([H:18])([C@@:7]1([C@:12]([O:11][B:9]([O:8]1)[O:10][H:21])([H:22])[C:13]([H:23])([H:24])[O:14][H:25])[H:20])[O:6][H:19])[O:4][H:17],[H:15][C:1](=[O:2])[C@@:3]([H:16])([C@:5]([H:18])([C@:7]1([C@@:12]([O:11][B:9]([O:8]1)[O:10][H:21])([H:22])[C:13]([H:23])([H:24])[O:14][H:25])[H:20])[O:6][H:19])[O:4][H:17]
[H:23][c:7]1[c:8]([c:9]([c:10]([c:11]([c:6]1[C:5]([H:21])([H:22])[C:4]([H:19])([H:20])[N:3]([H:18])[C:2]([H:16])([H:17])[C:1]([H:13])([H:14])[H:15])[H:26])[H:25])[O:12][H:27])[H:24],[H:23][c:7]1[c:8]([c:9]([c:10]([c:11]([c:6]1[C:5]([H:21])([H:22])[C:4]([H:19])([H:20])[N:3]([H:18])[C:2]([H:16])([H:17])[C:1]([H:13])([H:14])[H:15])[H:26])[H:25])[O:12][H:27])[H:24]
[N:1](=[C:2]1\[N:3]([H:9])[N:4]=[C:5]([I:6])[S:7]1)\[H:8],[N:1](=[C:2]1/[N:3]([H:9])[N:4]=[C:5]([I:6])[S:7]1)\[H:8]
[H:16][C:3]1([C:2]([C:7]([C:6]([C:5]([O:4]1)([H:18])[S:10][O:11][H:23])([H:19])[O:9][H:22])([H:20])[O:8][H:21])([H:15])[C:1]([H:12])([H:13])[H:14])[H:17],[H:16][C:3]1([C:2]([C:7]([C:6]([C:5]([O:4]1)([H:18])[S:10][O:11][H:23])([H:19])[O:9][H:22])([H:20])[O:8][H:21])([H:15])[C:1]([H:12])([H:13])[H:14])[H:17]
[H:13][C:2](=[C:3]([C:8](=[O:9])[H:16])[C:4]([H:14])([H:15])[S:5][C:6]#[N:7])[C:1]([H:10])([H:11])[H:12],[H:13][C:2](=[C:3]([C:8](=[O:9])[H:16])[C:4]([H:14])([H:15])[S:5][C:6]#[N:7])[C:1]([H:10])([H:11])[H:12]
[H:17][C:5]1=[C:4]([N:8]=[C:7]([S:6]1)[N:9]=[C:10]([H:18])[O-:11])[S:3][C:2]([H:15])([H:16])[C:1]([H:12])([H:13])[H:14],[H:17][C:5]1=[C:4]([N:8]=[C:7]([S:6]1)[N:9]=[C:10]([H:18])[O-:11])[S:3][C:2]([H:15])([H:16])[C:1]([H:12])([H:13])[H:14]
[H:10][C:1]([H:11])([H:12])[C:2]([H:13])([H:14])[C:3]([H:15])([C:4](=[O:5])[N:6]([H:16])[H:17])[N+:7]([H:18])([H:19])[C:8]([H:20])([H:21])[C:9]([H:22])([H:23])[H:24],[H:10][C:1]([H:11])([H:12])[C:2]([H:13])([H:14])[C:3]([H:15])([C:4](=[O:5])[N:6]([H:16])[H:17])[N+:7]([H:18])([H:19])[C:8]([H:20])([H:21])[C:9]([H:22])([H:23])[H:24]
[H:13][c:1]1[c:2]([c:3]([c:4]([c:5]([c:6]1[H:17])[H:16])[C:7]([H:18])([C:8]([H:19])([H:20])[C:9]([H:21])([H:22])[C:10]#[N:11])[N+:12]([H:23])([H:24])[H:25])[H:15])[H:14],[H:13][c:1]1[c:2]([c:3]([c:4]([c:5]([c:6]1[H:17])[H:16])[C:7]([H:18])([C:8]([H:19])([H:20])[C:9]([H:21])([H:22])[C:10]#[N:11])[N+:12]([H:23])([H:24])[H:25])[H:15])[H:14]
[H:12][c:1]1[c:2]([c:3]([c:4]([n:5][c:6]1[H:15])[H:14])[C:7]([H:16])([C:8]([H:17])([H:18])[N+:9]([H:19])([H:20])[H:21])[C:10]([H:22])([H:23])[O:11][H:24])[H:13],[H:12][c:1]1[c:2]([c:3]([c:4]([n:5][c:6]1[H:15])[H:14])[C:7]([H:16])([C:8]([H:17])([H:18])[N+:9]([H:19])([H:20])[H:21])[C:10]([H:22])([H:23])[O:11][H:24])[H:13]
[H:13][C:1]([H:14])([H:15])[C:2]([H:16])([H:17])[C:3]([H:18])([C:6]1=[N:10][N:9]([N:8]=[C:7]1[C:11]([H:25])([H:26])[O:12][H:27])[H:24])[C:4]([H:19])([H:20])[C:5]([H:21])([H:22])[H:23],[H:13][C:1]([H:14])([H:15])[C:2]([H:16])([H:17])[C:3]([H:18])([C:6]1=[N:10][N:9]([N:8]=[C:7]1[C:11]([H:25])([H:26])[O:12][H:27])[H:24])[C:4]([H:19])([H:20])[C:5]([H:21])([H:22])[H:23]
[H:11][C:1]([H:12])([H:13])[C:2]([H:14])([C:3]([H:15])([H:16])[H:17])[C:4]([H:18])([H:19])[N+:5]([H:20])([H:21])[C:6]([C:7]([H:22])([H:23])[H:24])([C:8]([H:25])([H:26])[H:27])[C:9]([H:28])([H:29])[O:10][H:30],[H:11][C:1]([H:12])([H:13])[C:2]([H:14])([C:3]([H:15])([H:16])[H:17])[C:4]([H:18])([H:19])[N+:5]([H:20])([H:21])[C:6]([C:7]([H:22])([H:23])[H:24])([C:8]([H:25])([H:26])[H:27])[C:9]([H:28])([H:29])[O:10][H:30]
[H:12][C:1]([H:13])([H:14])[C:2]([H:15])([C:3]([H:16])([H:17])[H:18])[C:4]([H:19])([H:20])[C:5]([H:21])([C:6]([H:22])([H:23])[S:7](=[O:8])(=[O:9])[F:10])[N:11]([H:24])[H:25],[H:12][C:1]([H:13])([H:14])[C:2]([H:15])([C:3]([H:16])([H:17])[H:18])[C:4]([H:19])([H:20])[C:5]([H:21])([C:6]([H:22])([H:23])[S:7](=[O:8])(=[O:9])[F:10])[N:11]([H:24])[H:25]
[H:13][C:1](=[C:2]([H:15])[C:3]([H:16])([H:17])[N+:4]([H:18])([H:19])[C:5]([H:20])([H:21])[C:6]([H:22])([H:23])[C:7]1([C:8]([C:9]([C:10](=[O:11])[N:12]1[H:29])([H:27])[H:28])([H:25])[H:26])[H:24])[H:14],[H:13][C:1](=[C:2]([H:15])[C:3]([H:16])([H:17])[N+:4]([H:18])([H:19])[C:5]([H:20])([H:21])[C:6]([H:22])([H:23])[C:7]1([C:8]([C:9]([C:10](=[O:11])[N:12]1[H:29])([H:27])[H:28])([H:25])[H:26])[H:24])[H:14]
[H:25][C:10](=[O:11])[C:9]([H:23])([H:24])[N+:8]([H:21])([H:22])[C:7]1([C:6]([O:5][C:4]([C:3]1([H:15])[O:2][C:1]([H:12])([H:13])[H:14])([H:16])[H:17])([H:18])[H:19])[H:20],[H:25][C:10](=[O:11])[C:9]([H:23])([H:24])[N+:8]([H:21])([H:22])[C:7]1([C:6]([O:5][C:4]([C:3]1([H:15])[O:2][C:1]([H:12])([H:13])[H:14])([H:16])[H:17])([H:18])[H:19])[H:20]
[H:8][C:1]([H:9])([C:4](=[O:5])[C:6]([H:14])([H:15])[Cl:7])[C:2]([H:10])([H:11])[N:3]([H:12])[H:13],[H:8][C:1]([H:9])([C:4](=[O:5])[C:6]([H:14])([H:15])[Cl:7])[C:2]([H:10])([H:11])[N:3]([H:12])[H:13]
[H:22][C:7]1=[N:8][N:9]([N:10]=[C:6]1[C:5]([H:20])([H:21])[N+:4]([H:18])([H:19])[C:3]([H:16])([H:17])[C:2]([H:15])([C:1]([H:12])([H:13])[H:14])[O:11][H:24])[H:23],[H:22][C:7]1=[N:8][N:9]([N:10]=[C:6]1[C:5]([H:20])([H:21])[N+:4]([H:18])([H:19])[C:3]([H:16])([H:17])[C:2]([H:15])([C:1]([H:12])([H:13])[H:14])[O:11][H:24])[H:23]
[H:12][C:1]#[C:2][C:3]([H:13])([C:4]1([C:5]([C:6]([C:7]([O:8]1)([H:17])[H:18])([H:16])[O:9][H:19])([H:15])[O:10][H:20])[H:14])[O:11][H:21],[H:12][C:1]#[C:2][C:3]([H:13])([C:4]1([C:5]([C:6]([C:7]([O:8]1)([H:17])[H:18])([H:16])[O:9][H:19])([H:15])[O:10][H:20])[H:14])[O:11][H:21]
[H:18][C:6]1=[N:7][N:3]([C:4](=[N:5]1)[C:8]([H:19])([C:9]2([C:10]([C:11]2([H:23])[H:24])([H:21])[H:22])[H:20])[N:12]([H:25])[H:26])[C:2]([H:16])([H:17])[C:1]([H:13])([H:14])[H:15],[H:18][C:6]1=[N:7][N:3]([C:4](=[N:5]1)[C:8]([H:19])([C:9]2([C:10]([C:11]2([H:23])[H:24])([H:21])[H:22])[H:20])[N:12]([H:25])[H:26])[C:2]([H:16])([H:17])[C:1]([H:13])([H:14])[H:15]
[H:11][C:1]([H:12])([H:13])[O:2][C:3]([H:14])([H:15])[C:4]1=[N:8][N:7]=[C:6]([N:5]1[H:16])[C:9]([H:17])([H:18])[N:10]([H:19])[H:20],[H:11][C:1]([H:12])([H:13])[O:2][C:3]([H:14])([H:15])[C:4]1=[N:8][N:7]=[C:6]([N:5]1[H:16])[C:9]([H:17])([H:18])[N:10]([H:19])[H:20]
[H:19][C:6]1([C:5]([C:4]([N:8]([C:7]1([H:21])[H:22])[H:23])([C:9](=[O:10])[N:11]([H:24])[H:25])[C:3]([H:15])([H:16])[O:2][C:1]([H:12])([H:13])[H:14])([H:17])[H:18])[H:20],[H:19][C:6]1([C:5]([C:4]([N:8]([C:7]1([H:21])[H:22])[H:23])([C:9](=[O:10])[N:11]([H:24])[H:25])[C:3]([H:15])([H:16])[O:2][C:1]([H:12])([H:13])[H:14])([H:17])[H:18])[H:20]
[H:30][C:11](=[O:12])[C:10]([H:28])([H:29])[C:6]1([C:7]([C:8]([O:9][C:4]([C:5]1([H:21])[H:22])([H:20])[C:2]([H:16])([C:1]([H:13])([H:14])[H:15])[C:3]([H:17])([H:18])[H:19])([H:26])[H:27])([H:24])[H:25])[H:23],[H:30][C:11](=[O:12])[C:10]([H:28])([H:29])[C:6]1([C:7]([C:8]([O:9][C:4]([C:5]1([H:21])[H:22])([H:20])[C:2]([H:16])([C:1]([H:13])([H:14])[H:15])[C:3]([H:17])([H:18])[H:19])([H:26])[H:27])([H:24])[H:25])[H:23]
[H:14][c:2]1[c:1]([c:6]([c:5]([c:4]([c:3]1[H:15])[C:10]([H:20])([H:21])[C:11]#[N:12])[C:7]([H:17])([H:18])[C:8](=[O:9])[H:19])[H:16])[H:13],[H:14][c:2]1[c:1]([c:6]([c:5]([c:4]([c:3]1[H:15])[C:10]([H:20])([H:21])[C:11]#[N:12])[C:7]([H:17])([H:18])[C:8](=[O:9])[H:19])[H:16])[H:13]
[H:13][C:3](=[C:2]([C:1]([H:10])([H:11])[H:12])[C:4]([C:5]([H:15])([H:16])[H:17])([C:6]([H:18])([H:19])[C:7](=[O:8])[H:20])[N:9]([H:21])[H:22])[H:14],[H:13][C:3](=[C:2]([C:1]([H:10])([H:11])[H:12])[C:4]([C:5]([H:15])([H:16])[H:17])([C:6]([H:18])([H:19])[C:7](=[O:8])[H:20])[N:9]([H:21])[H:22])[H:14]
[H:17][C:3](=[O:4])[C:2]([H:16])([C:1]([H:13])([H:14])[H:15])[S:5](=[O:6])(=[O:7])[C:8]1([C:9]([C:10]([C:11]([C:12]1([H:25])[H:26])([H:23])[H:24])([H:21])[H:22])([H:19])[H:20])[H:18],[H:17][C:3](=[O:4])[C:2]([H:16])([C:1]([H:13])([H:14])[H:15])[S:5](=[O:6])(=[O:7])[C:8]1([C:9]([C:10]([C:11]([C:12]1([H:25])[H:26])([H:23])[H:24])([H:21])[H:22])([H:19])[H:20])[H:18]
[H:18][C:5]1=[C:6]([O:7][C:3](=[C:4]1[S:10](=[O:11])[O-:12])[C:2]([H:16])([H:17])[C:1]([H:13])([H:14])[H:15])[C:8](=[O:9])[H:19],[H:18][C:5]1=[C:6]([O:7][C:3](=[C:4]1[S:10](=[O:11])[O-:12])[C:2]([H:16])([H:17])[C:1]([H:13])([H:14])[H:15])[C:8](=[O:9])[H:19]
[H:16][C:5]1=[C:4]([C:9](=[O:10])[N:8]([C:7](=[C:6]1[H:17])[C:11]([H:19])([H:20])[N:12]([H:21])[H:22])[H:18])[C:2](=[O:3])[C:1]([H:13])([H:14])[H:15],[H:16][C:5]1=[C:4]([C:9](=[O:10])[N:8]([C:7](=[C:6]1[H:17])[C:11]([H:19])([H:20])[N:12]([H:21])[H:22])[H:18])[C:2](=[O:3])[C:1]([H:13])([H:14])[H:15]
[H:16][C:5]1=[N:6][C:2](=[C:3]([S:4]1)[C:7]([H:17])([H:18])[C:8]([H:19])([H:20])[O:9][N+:10](=[O:11])[O-:12])[C:1]([H:13])([H:14])[H:15],[H:16][C:5]1=[N:6][C:2](=[C:3]([S:4]1)[C:7]([H:17])([H:18])[C:8]([H:19])([H:20])[O:9][N+:10](=[O:11])[O-:12])[C:1]([H:13])([H:14])[H:15]
[H:16][C:3]1([C:4]([N:5]([C:6]([C:7]([N:2]1[C:1]([H:13])([H:14])[H:15])([H:22])[H:23])([H:20])[H:21])[C:8]([H:24])([H:25])[C:9]([H:26])([H:27])[N+:10]([H:28])([C:11]([H:29])([H:30])[H:31])[C:12]([H:32])([H:33])[H:34])([H:18])[H:19])[H:17],[H:16][C:3]1([C:4]([N:5]([C:6]([C:7]([N:2]1[C:1]([H:13])([H:14])[H:15])([H:22])[H:23])([H:20])[H:21])[C:8]([H:24])([H:25])[C:9]([H:26])([H:27])[N+:10]([H:28])([C:11]([H:29])([H:30])[H:31])[C:12]([H:32])([H:33])[H:34])([H:18])[H:19])[H:17]
[H:19][C:1](=[O:2])[C@:3]1([C@:12]([C@@:11]2([C@:6]([C:5]1([H:22])[H:23])([C@@:7]([N:9]([C:10]2([H:30])[H:31])[H:29])([H:25])[C:8]([H:26])([H:27])[H:28])[H:24])[H:32])([H:33])[C:13]([H:34])([H:35])[C:14]([H:36])([H:37])[C:15]([H:38])([H:39])[B:16]([O:17][H:40])[O:18][H:41])[N:4]([H:20])[H:21],[H:19][C:1](=[O:2])[C@:3]1([C@:12]([C@:11]2([C@@:6]([C:5]1([H:22])[H:23])([C@:7]([N:9]([C:10]2([H:30])[H:31])[H:29])([H:25])[C:8]([H:26])([H:27])[H:28])[H:24])[H:32])([H:33])[C:13]([H:34])([H:35])[C:14]([H:36])([H:37])[C:15]([H:38])([H:39])[B:16]([O:17][H:40])[O:18][H:41])[N:4]([H:20])[H:21]
[H:20][C:5]1([C:6]([C:7]([C:8]([N:3]([C:4]1([H:18])[H:19])[C:2]([H:16])([H:17])[C:1]([H:13])([H:14])[H:15])([H:24])[H:25])([C:9](=[O:10])[N:11]([H:26])[H:27])[O:12][H:28])([H:22])[H:23])[H:21],[H:20][C:5]1([C:6]([C:7]([C:8]([N:3]([C:4]1([H:18])[H:19])[C:2]([H:16])([H:17])[C:1]([H:13])([H:14])[H:15])([H:24])[H:25])([C:9](=[O:10])[N:11]([H:26])[H:27])[O:12][H:28])([H:22])[H:23])[H:21]
[H:24][C:9](=[O:10])[C:8]([H:22])([H:23])[C:7]([H:20])([H:21])[C:5](=[O:6])[C:4]([H:19])([C:2]([H:15])([C:1]([H:12])([H:13])[H:14])[C:3]([H:16])([H:17])[H:18])[N+:11]([H:25])([H:26])[H:27],[H:24][C:9](=[O:10])[C:8]([H:22])([H:23])[C:7]([H:20])([H:21])[C:5](=[O:6])[C:4]([H:19])([C:2]([H:15])([C:1]([H:12])([H:13])[H:14])[C:3]([H:16])([H:17])[H:18])[N+:11]([H:25])([H:26])[H:27]
[H:21][c:8]1[c:7]([c:6]([c:5]([c:10]([c:9]1[H:22])[H:23])[C:4]([H:17])([H:18])[C:3]([H:16])([C:11]([H:24])([H:25])[N:12]([H:26])[H:27])[O:2][C:1]([H:13])([H:14])[H:15])[H:19])[H:20],[H:21][c:8]1[c:7]([c:6]([c:5]([c:10]([c:9]1[H:22])[H:23])[C:4]([H:17])([H:18])[C:3]([H:16])([C:11]([H:24])([H:25])[N:12]([H:26])[H:27])[O:2][C:1]([H:13])([H:14])[H:15])[H:19])[H:20]
[H:19][C:1](=[O:2])[C@@:3]1([C@:12]([C@:11]2([C@@:6]([C:5]1([H:22])[H:23])([C@:7]([N:9]([C:10]2([H:30])[H:31])[H:29])([H:25])[C:8]([H:26])([H:27])[H:28])[H:24])[H:32])([H:33])[C:13]([H:34])([H:35])[C:14]([H:36])([H:37])[C:15]([H:38])([H:39])[B:16]([O:17][H:40])[O:18][H:41])[N:4]([H:20])[H:21],[H:19][C:1](=[O:2])[C@:3]1([C@:12]([C@:11]2([C@@:6]([C:5]1([H:22])[H:23])([C@:7]([N:9]([C:10]2([H:30])[H:31])[H:29])([H:25])[C:8]([H:26])([H:27])[H:28])[H:24])[H:32])([H:33])[C:13]([H:34])([H:35])[C:14]([H:36])([H:37])[C:15]([H:38])([H:39])[B:16]([O:17][H:40])[O:18][H:41])[N:4]([H:20])[H:21]
[H:19][C:6]1([C:5]([C:4]([C:8]([C:7]1([H:21])[N+:9]([H:24])([H:25])[C:10]([H:26])([H:27])[H:28])([H:22])[H:23])([H:16])[S:3][C:2]([H:14])([H:15])[C:1]([H:11])([H:12])[H:13])([H:17])[H:18])[H:20],[H:19][C:6]1([C:5]([C:4]([C:8]([C:7]1([H:21])[N+:9]([H:24])([H:25])[C:10]([H:26])([H:27])[H:28])([H:22])[H:23])([H:16])[S:3][C:2]([H:14])([H:15])[C:1]([H:11])([H:12])[H:13])([H:17])[H:18])[H:20]
[H:23][C:7]1([C:8](=[O:9])[N:4]([C:5]([C:6]1([H:22])[C:10](=[O:11])[O-:12])([H:20])[H:21])[C:3]([H:18])([H:19])[C:2]([H:16])([H:17])[C:1]([H:13])([H:14])[H:15])[H:24],[H:23][C:7]1([C:8](=[O:9])[N:4]([C:5]([C:6]1([H:22])[C:10](=[O:11])[O-:12])([H:20])[H:21])[C:3]([H:18])([H:19])[C:2]([H:16])([H:17])[C:1]([H:13])([H:14])[H:15])[H:24]
[C:1]([S:2][C@:3]([C:4]([N:5]([H:19])[H:20])([H:17])[H:18])([c:6]1[c:7]([H:21])[c:8]([H:22])[c:9]([H:23])[c:10]([I:11])[c:12]1[H:24])[H:16])([H:13])([H:14])[H:15],[C:1]([S:2][C@@:3]([C:4]([N:5]([H:19])[H:20])([H:17])[H:18])([c:6]1[c:7]([H:21])[c:8]([H:22])[c:9]([H:23])[c:10]([I:11])[c:12]1[H:24])[H:16])([H:13])([H:14])[H:15]
[H:14][C:5]1=[C:4]([C:3](=[C:2]([S:6]1)[C:1]([H:11])([H:12])[H:13])[C:9]([H:18])([H:19])[O:10][H:20])[C:7]([H:15])([H:16])[O:8][H:17],[H:14][C:5]1=[C:4]([C:3](=[C:2]([S:6]1)[C:1]([H:11])([H:12])[H:13])[C:9]([H:18])([H:19])[O:10][H:20])[C:7]([H:15])([H:16])[O:8][H:17]
[H:13][C:1]1([C:2]([C:3]([N+:4]([C:5]([C:6]1([H:21])[H:22])([H:20])[C:7]([H:23])([H:24])[O:8][H:25])([H:19])[C:9]([H:26])([H:27])[C:10]([H:28])([H:29])[C:11]([H:30])([H:31])[N+:12]([H:32])([H:33])[H:34])([H:17])[H:18])([H:15])[H:16])[H:14],[H:13][C:1]1([C:2]([C:3]([N+:4]([C:5]([C:6]1([H:21])[H:22])([H:20])[C:7]([H:23])([H:24])[O:8][H:25])([H:19])[C:9]([H:26])([H:27])[C:10]([H:28])([H:29])[C:11]([H:30])([H:31])[N+:12]([H:32])([H:33])[H:34])([H:17])[H:18])([H:15])[H:16])[H:14]
[C:1]([C@@:2]1([H:16])[C:3]([H:17])([H:18])[C@@:4]1([c:5]1[c:6]([H:20])[c:7]([H:21])[c:8]([I:9])[c:10]([H:22])[c:11]1[I:12])[H:19])([H:13])([H:14])[H:15],[C:1]([C@:2]1([H:16])[C:3]([H:17])([H:18])[C@@:4]1([c:5]1[c:6]([H:20])[c:7]([H:21])[c:8]([I:9])[c:10]([H:22])[c:11]1[I:12])[H:19])([H:13])([H:14])[H:15]
[H:13][C:1]([H:14])([H:15])[C:2]([H:16])([C:3]([H:17])([H:18])[H:19])[C:4]([H:20])([H:21])[C:5]([H:22])([C:6]1=[N:11][N:10]([C:8](=[S:9])[N:7]1[H:23])[H:24])[N+:12]([H:25])([H:26])[H:27],[H:13][C:1]([H:14])([H:15])[C:2]([H:16])([C:3]([H:17])([H:18])[H:19])[C:4]([H:20])([H:21])[C:5]([H:22])([C:6]1=[N:11][N:10]([C:8](=[S:9])[N:7]1[H:23])[H:24])[N+:12]([H:25])([H:26])[H:27]
[H:9][C:1]([H:10])([H:11])[C:2]([H:12])([H:13])[C:3]([H:14])([H:15])[N+:4](=[C:5]([N:6]([H:17])[H:18])[S:7][C:8]([H:19])([H:20])[H:21])[H:16],[H:9][C:1]([H:10])([H:11])[C:2]([H:12])([H:13])[C:3]([H:14])([H:15])[N+:4](=[C:5]([N:6]([H:17])[H:18])[S:7][C:8]([H:19])([H:20])[H:21])[H:16]
[H:22][C:21]([H:23])([H:24])[C:14]([H:15])([C:11]([H:12])([H:13])[N:2]([H:1])[C:3](=[N+:4]([H:5])[H:6])[C:7]([Br:8])([Br:9])[Br:10])[O:16][C:17]([H:18])([H:19])[H:20],[H:22][C:21]([H:23])([H:24])[C:14]([H:15])([C:11]([H:12])([H:13])[N:2]([H:1])[C:3](=[N+:4]([H:5])[H:6])[C:7]([Br:8])([Br:9])[Br:10])[O:16][C:17]([H:18])([H:19])[H:20]
[H:13][C:3]1=[C:2]([C:1]([O:6][C:4]1=[O:5])([H:11])[H:12])[C:7]([H:14])([H:15])[S:8][C:9](=[S:10])[H:16],[H:13][C:3]1=[C:2]([C:1]([O:6][C:4]1=[O:5])([H:11])[H:12])[C:7]([H:14])([H:15])[S:8][C:9](=[S:10])[H:16]
[H:17][C:1](=[O:2])[C@:3]1([C@@:15]([C@:13]([C@:11]([C@:5]([O:4]1)([H:19])[O:6][Si:7]([C:8]([H:20])([H:21])[H:22])([O:9][H:23])[O:10][H:24])([H:25])[O:12][H:26])([H:27])[O:14][H:28])([H:29])[O:16][H:30])[H:18],[H:17][C:1](=[O:2])[C@:3]1([C@@:15]([C@:13]([C@:11]([C@:5]([O:4]1)([H:19])[O:6][Si:7]([C:8]([H:20])([H:21])[H:22])([O:9][H:23])[O:10][H:24])([H:25])[O:12][H:26])([H:27])[O:14][H:28])([H:29])[O:16][H:30])[H:18]
[N:1]([C@:2]([C:3](=[O:4])[H:16])([C:5]([C:6]1=[C:11]([I:12])[N:10]([H:19])[C:8]([I:9])=[N:7]1)([H:17])[H:18])[H:15])([H:13])[H:14],[N:1]([C@@:2]([C:3](=[O:4])[H:16])([C:5]([C:6]1=[C:11]([I:12])[N:10]([H:19])[C:8]([I:9])=[N:7]1)([H:17])[H:18])[H:15])([H:13])[H:14]
[H:13][C:1]1=[N:2][N:3]=[C:4]2[N:5]1[N:6]=[C:7]([O:8]2)[S:9][C:10]([H:14])([H:15])[C:11](=[O:12])[H:16],[H:13][C:1]1=[N:2][N:3]=[C:4]2[N:5]1[N:6]=[C:7]([O:8]2)[S:9][C:10]([H:14])([H:15])[C:11](=[O:12])[H:16]
[H:11][C:1]1([C:5](=[O:6])[N:4]([C:3]([C:2]1([H:13])[H:14])([C:7]([H:16])([H:17])[O:8][H:18])[C:9]([H:19])([H:20])[O:10][H:21])[H:15])[H:12],[H:11][C:1]1([C:5](=[O:6])[N:4]([C:3]([C:2]1([H:13])[H:14])([C:7]([H:16])([H:17])[O:8][H:18])[C:9]([H:19])([H:20])[O:10][H:21])[H:15])[H:12]
[C:1]([O:2][C:3]([C:4]([N+:5]([C@:6]([N:7]([H:22])[H:23])([C:8]([I:9])([I:10])[I:11])[H:21])([H:19])[H:20])([H:17])[H:18])([H:15])[H:16])([H:12])([H:13])[H:14],[C:1]([O:2][C:3]([C:4]([N+:5]([C@@:6]([N:7]([H:22])[H:23])([C:8]([I:9])([I:10])[I:11])[H:21])([H:19])[H:20])([H:17])[H:18])([H:15])[H:16])([H:12])([H:13])[H:14]
[H:9][C:1]([H:10])([H:11])[C:2]([H:12])([C:3]([H:13])([H:14])[C:4]([H:15])([F:5])[F:6])[C:7]([H:16])([H:17])[N+:8]([H:18])([H:19])[H:20],[H:9][C:1]([H:10])([H:11])[C:2]([H:12])([C:3]([H:13])([H:14])[C:4]([H:15])([F:5])[F:6])[C:7]([H:16])([H:17])[N+:8]([H:18])([H:19])[H:20]
[H:22][C:10]1=[C:6]([C:7](=[N:8][O:9]1)[H:21])[C:5]([H:19])([H:20])[N:4]([H:18])[C:3]([H:16])([H:17])[C:2]([H:14])([H:15])[C:1]([H:11])([H:12])[H:13],[H:22][C:10]1=[C:6]([C:7](=[N:8][O:9]1)[H:21])[C:5]([H:19])([H:20])[N:4]([H:18])[C:3]([H:16])([H:17])[C:2]([H:14])([H:15])[C:1]([H:11])([H:12])[H:13]
[H:13][C:1]([H:14])([H:15])[C:2]([H:16])([H:17])[S:3][C:4]1=[N:10][N:9]([C:7](=[O:8])[N:6]=[C:5]1[S:11][C:12]([H:19])([H:20])[H:21])[H:18],[H:13][C:1]([H:14])([H:15])[C:2]([H:16])([H:17])[S:3][C:4]1=[N:10][N:9]([C:7](=[O:8])[N:6]=[C:5]1[S:11][C:12]([H:19])([H:20])[H:21])[H:18]
[H:32][C:11](=[O:12])[C:8]1([C:7]([C:6]([C:5]([C:10]([C:9]1([H:28])[H:29])([H:30])[H:31])([H:22])[C:4]([H:20])([H:21])[N+:3]([H:18])([H:19])[C:2]([H:16])([H:17])[C:1]([H:13])([H:14])[H:15])([H:23])[H:24])([H:25])[H:26])[H:27],[H:32][C:11](=[O:12])[C:8]1([C:7]([C:6]([C:5]([C:10]([C:9]1([H:28])[H:29])([H:30])[H:31])([H:22])[C:4]([H:20])([H:21])[N+:3]([H:18])([H:19])[C:2]([H:16])([H:17])[C:1]([H:13])([H:14])[H:15])([H:23])[H:24])([H:25])[H:26])[H:27]
[H:13][C:1]1([C:2]([O:3][C:4]([C:5]([C:6]1([H:21])[C:7]([H:22])([H:23])[C:8]([H:24])([C:9]([H:25])([H:26])[N:10]([H:27])[H:28])[C:11]([H:29])([H:30])[O:12][H:31])([H:19])[H:20])([H:17])[H:18])([H:15])[H:16])[H:14],[H:13][C:1]1([C:2]([O:3][C:4]([C:5]([C:6]1([H:21])[C:7]([H:22])([H:23])[C:8]([H:24])([C:9]([H:25])([H:26])[N:10]([H:27])[H:28])[C:11]([H:29])([H:30])[O:12][H:31])([H:19])[H:20])([H:17])[H:18])([H:15])[H:16])[H:14]
[H:24][C:9]1=[C:8]([N:12]([N:11]=[C:10]1[H:25])[H:26])[C:7]([H:22])([H:23])[N+:5]([H:18])([C:6]([H:19])([H:20])[H:21])[C:2]([H:16])([C:3](=[O:4])[H:17])[C:1]([H:13])([H:14])[H:15],[H:24][C:9]1=[C:8]([N:12]([N:11]=[C:10]1[H:25])[H:26])[C:7]([H:22])([H:23])[N+:5]([H:18])([C:6]([H:19])([H:20])[H:21])[C:2]([H:16])([C:3](=[O:4])[H:17])[C:1]([H:13])([H:14])[H:15]
[H:12][C:1]([H:13])([H:14])[C:2]([H:15])([H:16])[C:3]([H:17])([H:18])[C:4]([H:19])([H:20])[C:5]([H:21])([H:22])[N+:6]([H:23])([C:7]([H:24])([H:25])[C:8]([H:26])([H:27])[H:28])[C:9]([H:29])([H:30])[C:10]([H:31])([H:32])[O:11][H:33],[H:12][C:1]([H:13])([H:14])[C:2]([H:15])([H:16])[C:3]([H:17])([H:18])[C:4]([H:19])([H:20])[C:5]([H:21])([H:22])[N+:6]([H:23])([C:7]([H:24])([H:25])[C:8]([H:26])([H:27])[H:28])[C:9]([H:29])([H:30])[C:10]([H:31])([H:32])[O:11][H:33]
[H:17][C:5]1=[C:6]([C:7]([N:2]([C:3]([C:4]1([H:15])[H:16])([H:13])[H:14])[C:1]([H:10])([H:11])[H:12])([H:18])[H:19])[C:8]([H:20])([H:21])[N:9]([H:22])[H:23],[H:17][C:5]1=[C:6]([C:7]([N:2]([C:3]([C:4]1([H:15])[H:16])([H:13])[H:14])[C:1]([H:10])([H:11])[H:12])([H:18])[H:19])[C:8]([H:20])([H:21])[N:9]([H:22])[H:23]
[H:10][C:1]([H:11])([H:12])[C:2]([H:13])([C:3]([H:14])([H:15])[H:16])[C:4]([H:17])([C:5]([H:18])([H:19])[C:6]([H:20])([H:21])[N+:7]([H:22])([H:23])[C:8]([H:24])([H:25])[H:26])[N+:9]([H:27])([H:28])[H:29],[H:10][C:1]([H:11])([H:12])[C:2]([H:13])([C:3]([H:14])([H:15])[H:16])[C:4]([H:17])([C:5]([H:18])([H:19])[C:6]([H:20])([H:21])[N+:7]([H:22])([H:23])[C:8]([H:24])([H:25])[H:26])[N+:9]([H:27])([H:28])[H:29]
[H:26][C:9]#[C:8][C:7]([H:24])([H:25])[C:6]([H:23])([C:10](=[O:11])[H:27])[N+:3]([H:17])([C:2]([H:15])([H:16])[C:1]([H:12])([H:13])[H:14])[C:4]([H:18])([H:19])[C:5]([H:20])([H:21])[H:22],[H:26][C:9]#[C:8][C:7]([H:24])([H:25])[C:6]([H:23])([C:10](=[O:11])[H:27])[N+:3]([H:17])([C:2]([H:15])([H:16])[C:1]([H:12])([H:13])[H:14])[C:4]([H:18])([H:19])[C:5]([H:20])([H:21])[H:22]
[H:17][C:6]1([C:4](=[O:5])[C:3]([O:9][C:7]1=[O:8])([H:16])[C:2]([H:15])([C:1]([H:13])([H:14])[O:12][H:20])[O:11][H:19])[O:10][H:18],[H:17][C:6]1([C:4](=[O:5])[C:3]([O:9][C:7]1=[O:8])([H:16])[C:2]([H:15])([C:1]([H:13])([H:14])[O:12][H:20])[O:11][H:19])[O:10][H:18]
[H:11][C:1]([H:12])([H:13])[C:2]([H:14])([H:15])[S:3][C:4]([H:16])([H:17])[C:5]([H:18])([C:6](=[O:7])[C:8]([H:19])([H:20])[Cl:9])[N:10]([H:21])[H:22],[H:11][C:1]([H:12])([H:13])[C:2]([H:14])([H:15])[S:3][C:4]([H:16])([H:17])[C:5]([H:18])([C:6](=[O:7])[C:8]([H:19])([H:20])[Cl:9])[N:10]([H:21])[H:22]
[H:33][C:12](=[C:11]([H:32])[C:10]([H:30])([H:31])[C:4]1([C:3]([C:2]([N+:7]([C:6]([C:5]1([H:20])[C:9]([H:27])([H:28])[H:29])([H:21])[H:22])([H:23])[C:8]([H:24])([H:25])[H:26])([H:16])[C:1]([H:13])([H:14])[H:15])([H:17])[H:18])[H:19])[H:34],[H:33][C:12](=[C:11]([H:32])[C:10]([H:30])([H:31])[C:4]1([C:3]([C:2]([N+:7]([C:6]([C:5]1([H:20])[C:9]([H:27])([H:28])[H:29])([H:21])[H:22])([H:23])[C:8]([H:24])([H:25])[H:26])([H:16])[C:1]([H:13])([H:14])[H:15])([H:17])[H:18])[H:19])[H:34]
[H:10][C:1]1=[N:5][S:4][C:3](=[N:2]1)[N:6]([H:11])[C:7]([H:12])([H:13])[C:8]([H:14])([H:15])[O:9][H:16],[H:10][C:1]1=[N:5][S:4][C:3](=[N:2]1)[N:6]([H:11])[C:7]([H:12])([H:13])[C:8]([H:14])([H:15])[O:9][H:16]
[C:1]([N+:2]([C@:3]([C:4]([H:19])([H:20])[H:21])([c:5]1[c:6]([H:22])[c:7]([H:23])[c:8]([I:9])[c:10]([I:11])[c:12]1[H:24])[H:18])([H:16])[H:17])([H:13])([H:14])[H:15],[C:1]([N+:2]([C@@:3]([C:4]([H:19])([H:20])[H:21])([c:5]1[c:6]([H:22])[c:7]([H:23])[c:8]([I:9])[c:10]([I:11])[c:12]1[H:24])[H:18])([H:16])[H:17])([H:13])([H:14])[H:15]
[H:25][C:9]1=[C:8]([N:7]([C:6](=[N:10]1)[C:5]([H:22])([H:23])[C:4]([H:20])([H:21])[N+:2]([H:16])([C:1]([H:13])([H:14])[H:15])[C:3]([H:17])([H:18])[H:19])[H:24])[C:11]#[N:12],[H:25][C:9]1=[C:8]([N:7]([C:6](=[N:10]1)[C:5]([H:22])([H:23])[C:4]([H:20])([H:21])[N+:2]([H:16])([C:1]([H:13])([H:14])[H:15])[C:3]([H:17])([H:18])[H:19])[H:24])[C:11]#[N:12]
[H:15][C:1](=[O:2])[C@:3]([H:16])([C@:5]([H:18])([C@@:7]1([C@:12]([O:11][B:9]([O:8]1)[O:10][H:21])([H:22])[C:13]([H:23])([H:24])[O:14][H:25])[H:20])[O:6][H:19])[O:4][H:17],[H:15][C:1](=[O:2])[C@@:3]([H:16])([C@:5]([H:18])([C@:7]1([C@@:12]([O:11][B:9]([O:8]1)[O:10][H:21])([H:22])[C:13]([H:23])([H:24])[O:14][H:25])[H:20])[O:6][H:19])[O:4][H:17]
[H:9][C:1]([H:10])([H:11])[N+:2]([H:12])([H:13])[C:3]([H:14])([H:15])[C:4]([H:16])([H:17])[C:5]([H:18])([H:19])[C:6]([H:20])([H:21])[O:7][C:8]([H:22])([H:23])[H:24],[H:9][C:1]([H:10])([H:11])[N+:2]([H:12])([H:13])[C:3]([H:14])([H:15])[C:4]([H:16])([H:17])[C:5]([H:18])([H:19])[C:6]([H:20])([H:21])[O:7][C:8]([H:22])([H:23])[H:24]
[H:22][C:11]([H:23])([H:24])[C:8]1=[N:9][N:10]=[C:6]([N:7]1[H:21])[S:5][C:3]([H:17])([C:4]([H:18])([H:19])[H:20])[C:2]([H:15])([H:16])[C:1]([H:12])([H:13])[H:14],[H:22][C:11]([H:23])([H:24])[C:8]1=[N:9][N:10]=[C:6]([N:7]1[H:21])[S:5][C:3]([H:17])([C:4]([H:18])([H:19])[H:20])[C:2]([H:15])([H:16])[C:1]([H:12])([H:13])[H:14]
[H:11][C@:2]([B:3]([O:4][H:12])[O:5][H:13])([C:6]([H:14])([C:7]([H:15])([H:16])[H:17])[C:8]([H:18])([H:19])[H:20])[N:1]([H:9])[H:10],[H:11][C@:2]([B:3]([O:4][H:12])[O:5][H:13])([C:6]([H:14])([C:7]([H:15])([H:16])[H:17])[C:8]([H:18])([H:19])[H:20])[N:1]([H:9])[H:10]
[H:25][c:8]1[c:7]([c:6]([c:11]([c:10]([c:9]1[H:26])[F:12])[H:27])[C:5]([H:22])([H:23])[N+:3]([H:18])([C:4]([H:19])([H:20])[H:21])[C:2]([H:16])([H:17])[C:1]([H:13])([H:14])[H:15])[H:24],[H:25][c:8]1[c:7]([c:6]([c:11]([c:10]([c:9]1[H:26])[F:12])[H:27])[C:5]([H:22])([H:23])[N+:3]([H:18])([C:4]([H:19])([H:20])[H:21])[C:2]([H:16])([H:17])[C:1]([H:13])([H:14])[H:15])[H:24]
[H:21][C:6]1=[C:7]([N:8]([C:9](=[C:5]1[N:4]([H:20])[C:3]([H:18])([H:19])[C:2]([H:16])([H:17])[C:1]([H:13])([H:14])[H:15])[O:10][H:22])[C:11]([H:23])([H:24])[H:25])[O:12][H:26],[H:21][C:6]1=[C:7]([N:8]([C:9](=[C:5]1[N:4]([H:20])[C:3]([H:18])([H:19])[C:2]([H:16])([H:17])[C:1]([H:13])([H:14])[H:15])[O:10][H:22])[C:11]([H:23])([H:24])[H:25])[O:12][H:26]
[H:13][C:5](=[C:4]([C:2](=[O:3])[C:1]([H:10])([H:11])[H:12])[C:7]([H:15])([H:16])[C:8](=[O:9])[H:17])[O:6][H:14],[H:13][C:5](=[C:4]([C:2](=[O:3])[C:1]([H:10])([H:11])[H:12])[C:7]([H:15])([H:16])[C:8](=[O:9])[H:17])[O:6][H:14]
[H:13][C:1]1=[C:2]([N:3]([N:4]([C:5]1=[O:6])[H:15])[H:14])[C:7]([C:8]([H:16])([F:9])[F:10])([F:11])[F:12],[H:13][C:1]1=[C:2]([N:3]([N:4]([C:5]1=[O:6])[H:15])[H:14])[C:7]([C:8]([H:16])([F:9])[F:10])([F:11])[F:12]
[H:17][C:5]1([C:6]([O:7][C:2]([C:3]([O:4]1)([H:15])[H:16])([C:1]([H:12])([H:13])[H:14])[C:8]([H:21])([H:22])[S:9](=[O:10])[O-:11])([H:19])[H:20])[H:18],[H:17][C:5]1([C:6]([O:7][C:2]([C:3]([O:4]1)([H:15])[H:16])([C:1]([H:12])([H:13])[H:14])[C:8]([H:21])([H:22])[S:9](=[O:10])[O-:11])([H:19])[H:20])[H:18]
[H:11][C:1]([H:12])([H:13])[N:2]([H:14])[C:3]([H:15])([C:8](=[O:9])[O-:10])[C:4]([H:16])([H:17])[C:5]([H:18])([H:19])[S:6][C:7]([H:20])([H:21])[H:22],[H:11][C:1]([H:12])([H:13])[N:2]([H:14])[C:3]([H:15])([C:8](=[O:9])[O-:10])[C:4]([H:16])([H:17])[C:5]([H:18])([H:19])[S:6][C:7]([H:20])([H:21])[H:22]
[C:1]1([H:13])([H:14])[C:2]([H:15])([H:16])[C:3]([H:17])([H:18])[C@@:4]2([I:12])[C:5]([H:19])([H:20])[C:6]([H:21])=[C:7]([H:22])[C:8]([H:23])([H:24])[C@@:9]2([N:11]([H:27])[H:28])[C:10]1([H:25])[H:26],[C:1]1([H:13])([H:14])[C:2]([H:15])([H:16])[C:3]([H:17])([H:18])[C@:4]2([I:12])[C:5]([H:19])([H:20])[C:6]([H:21])=[C:7]([H:22])[C:8]([H:23])([H:24])[C@@:9]2([N:11]([H:27])[H:28])[C:10]1([H:25])[H:26]
[H:23][c:10]1[c:9]([c:8]([n+:7]([c:12]([c:11]1[H:24])[H:25])[C:6]([H:19])([H:20])[C:4](=[S:5])[N:3]([H:18])[C:2]([H:16])([H:17])[C:1]([H:13])([H:14])[H:15])[H:21])[H:22],[H:23][c:10]1[c:9]([c:8]([n+:7]([c:12]([c:11]1[H:24])[H:25])[C:6]([H:19])([H:20])[C:4](=[S:5])[N:3]([H:18])[C:2]([H:16])([H:17])[C:1]([H:13])([H:14])[H:15])[H:21])[H:22]
[C:1]([S:2][C@@:3]([C:4]([N:5]([H:19])[H:20])([H:17])[H:18])([c:6]1[c:7]([H:21])[c:8]([H:22])[c:9]([H:23])[c:10]([I:11])[c:12]1[H:24])[H:16])([H:13])([H:14])[H:15],[C:1]([S:2][C@@:3]([C:4]([N:5]([H:19])[H:20])([H:17])[H:18])([c:6]1[c:7]([H:21])[c:8]([H:22])[c:9]([H:23])[c:10]([I:11])[c:12]1[H:24])[H:16])([H:13])([H:14])[H:15]
[H:14][c:2]1[c:1]([c:6]([c:5]([c:4]([c:3]1[H:15])[C:11](=[O:12])[H:19])[C:7]([H:17])([H:18])[S:8](=[O:9])[O-:10])[H:16])[H:13],[H:14][c:2]1[c:1]([c:6]([c:5]([c:4]([c:3]1[H:15])[C:11](=[O:12])[H:19])[C:7]([H:17])([H:18])[S:8](=[O:9])[O-:10])[H:16])[H:13]
[C:1]1([H:13])([H:14])[C:2]([H:15])([H:16])[C:3]([H:17])([H:18])[C@@:4]2([I:12])[C:5]([H:19])([H:20])[C:6]([H:21])=[C:7]([H:22])[C:8]([H:23])([H:24])[C@:9]2([N:11]([H:27])[H:28])[C:10]1([H:25])[H:26],[C:1]1([H:13])([H:14])[C:2]([H:15])([H:16])[C:3]([H:17])([H:18])[C@:4]2([I:12])[C:5]([H:19])([H:20])[C:6]([H:21])=[C:7]([H:22])[C:8]([H:23])([H:24])[C@@:9]2([N:11]([H:27])[H:28])[C:10]1([H:25])[H:26]
[H:10][C:1]([H:11])([H:12])[S:2](=[O:3])(=[O:4])[C:5]([H:13])([C:6]([H:14])([H:15])[O:7][H:16])[C:8]([H:17])([H:18])[O:9][H:19],[H:10][C:1]([H:11])([H:12])[S:2](=[O:3])(=[O:4])[C:5]([H:13])([C:6]([H:14])([H:15])[O:7][H:16])[C:8]([H:17])([H:18])[O:9][H:19]
[H:29][C:10]1([C:11]([O:12][C:8]([O:9]1)([H:28])[C:2]([C:1]([H:13])([H:14])[H:15])([C:3]([H:16])([H:17])[H:18])[C:4]([H:19])([H:20])[C:5]([H:21])([H:22])[C:6]([H:23])([H:24])[N+:7]([H:25])([H:26])[H:27])([H:31])[H:32])[H:30],[H:29][C:10]1([C:11]([O:12][C:8]([O:9]1)([H:28])[C:2]([C:1]([H:13])([H:14])[H:15])([C:3]([H:16])([H:17])[H:18])[C:4]([H:19])([H:20])[C:5]([H:21])([H:22])[C:6]([H:23])([H:24])[N+:7]([H:25])([H:26])[H:27])([H:31])[H:32])[H:30]
[H:19][c:6]1[c:5]([c:4]([n:9][c:8]([c:7]1[H:20])[S:10](=[O:11])[O-:12])[S:3][C:2]([H:16])([H:17])[C:1]([H:13])([H:14])[H:15])[H:18],[H:19][c:6]1[c:5]([c:4]([n:9][c:8]([c:7]1[H:20])[S:10](=[O:11])[O-:12])[S:3][C:2]([H:16])([H:17])[C:1]([H:13])([H:14])[H:15])[H:18]
[H:23][C:7]1([C:8]([C:9]([N+:5]([C:6]1([H:21])[H:22])([H:20])[C:4]([H:18])([H:19])[C:3]([H:17])([C:2]([H:16])([C:1]([H:13])([H:14])[H:15])[O:12][H:33])[N:10]([H:29])[C:11]([H:30])([H:31])[H:32])([H:27])[H:28])([H:25])[H:26])[H:24],[H:23][C:7]1([C:8]([C:9]([N+:5]([C:6]1([H:21])[H:22])([H:20])[C:4]([H:18])([H:19])[C:3]([H:17])([C:2]([H:16])([C:1]([H:13])([H:14])[H:15])[O:12][H:33])[N:10]([H:29])[C:11]([H:30])([H:31])[H:32])([H:27])[H:28])([H:25])[H:26])[H:24]
[H:9][C:1]([H:10])([C:2]([H:11])([H:12])[N:3]([H:13])[H:14])[C:4]([H:15])([C:5]([H:16])([F:6])[F:7])[N:8]([H:17])[H:18],[H:9][C:1]([H:10])([C:2]([H:11])([H:12])[N:3]([H:13])[H:14])[C:4]([H:15])([C:5]([H:16])([F:6])[F:7])[N:8]([H:17])[H:18]
[H:18][C:6]1=[C:7]([O:8][C:4](=[N:5]1)[C:3]([H:16])([H:17])[C:2]([H:14])([H:15])[C:1]([H:11])([H:12])[H:13])[C:9]([H:19])([H:20])[N:10]([H:21])[H:22],[H:18][C:6]1=[C:7]([O:8][C:4](=[N:5]1)[C:3]([H:16])([H:17])[C:2]([H:14])([H:15])[C:1]([H:11])([H:12])[H:13])[C:9]([H:19])([H:20])[N:10]([H:21])[H:22]
[H:13][C:4](=[N+:5]([H:14])[H:15])[C:3]([H:11])([H:12])[C:2]([H:10])([C:1]([H:7])([H:8])[H:9])[O:6][H:16],[H:13][C:4](=[N+:5]([H:14])[H:15])[C:3]([H:11])([H:12])[C:2]([H:10])([C:1]([H:7])([H:8])[H:9])[O:6][H:16]
[H:17][C:5](=[O:6])[C:4]([H:15])([H:16])[C:3]1([C:1]([C:2]1([H:13])[H:14])([H:11])[H:12])[C:7]([H:18])([H:19])[S:8](=[O:9])[O-:10],[H:17][C:5](=[O:6])[C:4]([H:15])([H:16])[C:3]1([C:1]([C:2]1([H:13])[H:14])([H:11])[H:12])[C:7]([H:18])([H:19])[S:8](=[O:9])[O-:10]
[H:24][C:9](=[C:8]([H:23])[C:7]([H:21])([H:22])[N+:6]([H:20])([C:10]([H:26])([H:27])[C:11](=[C:12]([H:29])[H:30])[H:28])[C:2]([C:4](=[O:5])[H:19])([C:1]([H:13])([H:14])[H:15])[C:3]([H:16])([H:17])[H:18])[H:25],[H:24][C:9](=[C:8]([H:23])[C:7]([H:21])([H:22])[N+:6]([H:20])([C:10]([H:26])([H:27])[C:11](=[C:12]([H:29])[H:30])[H:28])[C:2]([C:4](=[O:5])[H:19])([C:1]([H:13])([H:14])[H:15])[C:3]([H:16])([H:17])[H:18])[H:25]
[H:13][C:1]1=[C:2]([N+:3](=[C:4]2[N:5]1[C:6]([C:7]([C:8]([N:9]2[H:21])([H:19])[H:20])([H:17])[H:18])([H:15])[H:16])[H:14])[C:10]([H:22])([H:23])[C:11]([H:24])([H:25])[O:12][H:26],[H:13][C:1]1=[C:2]([N+:3](=[C:4]2[N:5]1[C:6]([C:7]([C:8]([N:9]2[H:21])([H:19])[H:20])([H:17])[H:18])([H:15])[H:16])[H:14])[C:10]([H:22])([H:23])[C:11]([H:24])([H:25])[O:12][H:26]
[H:16][C@@:6]1([C:5]([C@:3]([C:2]([N:1]1[H:10])([H:11])[H:12])([H:13])[Cl:4])([H:14])[H:15])[B:7]([O:8][H:17])[O:9][H:18],[H:16][C@:6]1([C:5]([C@@:3]([C:2]([N:1]1[H:10])([H:11])[H:12])([H:13])[Cl:4])([H:14])[H:15])[B:7]([O:8][H:17])[O:9][H:18]
[H:15][C:4](=[O:5])[C:3]([H:13])([H:14])[C:2]([H:12])([C:1]([H:9])([H:10])[H:11])[S:6](=[O:7])[O:8][H:16],[H:15][C:4](=[O:5])[C:3]([H:13])([H:14])[C:2]([H:12])([C:1]([H:9])([H:10])[H:11])[S:6](=[O:7])[O:8][H:16]
[H:18][C:5](=[O:6])[C:4]([H:16])([H:17])[C:2]([C:1]([H:10])([H:11])[H:12])([C:3]([H:13])([H:14])[H:15])[C:7]([H:19])([H:20])[O:8][C:9]([H:21])([H:22])[H:23],[H:18][C:5](=[O:6])[C:4]([H:16])([H:17])[C:2]([C:1]([H:10])([H:11])[H:12])([C:3]([H:13])([H:14])[H:15])[C:7]([H:19])([H:20])[O:8][C:9]([H:21])([H:22])[H:23]
[H:16][C:6]1=[C:5]([N:4]=[C:3]([S:7]1)[C:2]([H:15])([C:1]([H:12])([H:13])[H:14])[O:10][C:11]([H:22])([H:23])[H:24])[C:8]([H:17])([H:18])[N+:9]([H:19])([H:20])[H:21],[H:16][C:6]1=[C:5]([N:4]=[C:3]([S:7]1)[C:2]([H:15])([C:1]([H:12])([H:13])[H:14])[O:10][C:11]([H:22])([H:23])[H:24])[C:8]([H:17])([H:18])[N+:9]([H:19])([H:20])[H:21]
[H:19][C:1](=[O:2])[C@@:3]1([C@@:12]([C@:11]2([C@:6]([C:5]1([H:22])[H:23])([C@@:7]([N:9]([C:10]2([H:30])[H:31])[H:29])([H:25])[C:8]([H:26])([H:27])[H:28])[H:24])[H:32])([H:33])[C:13]([H:34])([H:35])[C:14]([H:36])([H:37])[C:15]([H:38])([H:39])[B:16]([O:17][H:40])[O:18][H:41])[N:4]([H:20])[H:21],[H:19][C:1](=[O:2])[C@:3]1([C@:12]([C@:11]2([C@@:6]([C:5]1([H:22])[H:23])([C@:7]([N:9]([C:10]2([H:30])[H:31])[H:29])([H:25])[C:8]([H:26])([H:27])[H:28])[H:24])[H:32])([H:33])[C:13]([H:34])([H:35])[C:14]([H:36])([H:37])[C:15]([H:38])([H:39])[B:16]([O:17][H:40])[O:18][H:41])[N:4]([H:20])[H:21]
[H:11][C:3]1([C:2]([C:1]([C:6]([C:5]([C:4]1([H:13])[H:14])([H:15])[H:16])([H:17])[H:18])([H:7])[H:8])([H:9])[H:10])[H:12],[H:4][C:1]1([C:2]([C:3]1([H:8])[H:9])([H:6])[H:7])[H:5]
[H:25][C:10](=[O:11])[C:9]([H:23])([H:24])[C:4]1([O:5][C:6]([C:7]([O:8]1)([H:21])[H:22])([H:19])[H:20])[C:3]([H:17])([H:18])[C:2]([H:15])([H:16])[C:1]([H:12])([H:13])[H:14],[H:25][C:10](=[O:11])[C:9]([H:23])([H:24])[C:4]1([O:5][C:6]([C:7]([O:8]1)([H:21])[H:22])([H:19])[H:20])[C:3]([H:17])([H:18])[C:2]([H:15])([H:16])[C:1]([H:12])([H:13])[H:14]
[N+:1]([C@@:2]1([H:16])[C:3](=[O:4])[C@@:5]([O:6][H:18])([H:17])[C:7]2=[C:8]([H:19])[S:9][C:10]([I:11])=[C:12]12)([H:13])([H:14])[H:15],[N+:1]([C@:2]1([H:16])[C:3](=[O:4])[C@:5]([O:6][H:18])([H:17])[C:7]2=[C:8]([H:19])[S:9][C:10]([I:11])=[C:12]12)([H:13])([H:14])[H:15]
[H:14][C:2]1([C:1]([N+:7]([C:6]([C:5]([C:4]([N:3]1[C:9]([H:24])([H:25])[C:10]([H:26])([H:27])[O:11][H:28])([H:16])[H:17])([H:18])[O:8][H:23])([H:19])[H:20])([H:21])[H:22])([H:12])[H:13])[H:15],[H:14][C:2]1([C:1]([N+:7]([C:6]([C:5]([C:4]([N:3]1[C:9]([H:24])([H:25])[C:10]([H:26])([H:27])[O:11][H:28])([H:16])[H:17])([H:18])[O:8][H:23])([H:19])[H:20])([H:21])[H:22])([H:12])[H:13])[H:15]
[H:14][C:4]1=[C:5]([N:6]([N:7]=[C:3]1[N:2]([H:13])[C:1]([H:10])([H:11])[H:12])[H:15])[C:8]([H:16])([H:17])[O:9][H:18],[H:14][C:4]1=[C:5]([N:6]([N:7]=[C:3]1[N:2]([H:13])[C:1]([H:10])([H:11])[H:12])[H:15])[C:8]([H:16])([H:17])[O:9][H:18]
[H:21][C:8]#[C:7][C:6]([H:19])([H:20])[N+:5]([H:18])([C:4]([H:16])([H:17])[C:3]#[C:2][C:1]([H:13])([H:14])[H:15])[C:9]([H:22])([H:23])[C:10]([H:24])([C:11]([H:25])([H:26])[H:27])[O:12][H:28],[H:21][C:8]#[C:7][C:6]([H:19])([H:20])[N+:5]([H:18])([C:4]([H:16])([H:17])[C:3]#[C:2][C:1]([H:13])([H:14])[H:15])[C:9]([H:22])([H:23])[C:10]([H:24])([C:11]([H:25])([H:26])[H:27])[O:12][H:28]
[H:21][C:10](=[C:9]([C:8]#[C:7][C:4]([C:5](=[O:6])[H:20])([C:2]([H:16])([C:1]([H:13])([H:14])[H:15])[C:3]([H:17])([H:18])[H:19])[O:12][H:26])[C:11]([H:23])([H:24])[H:25])[H:22],[H:21][C:10](=[C:9]([C:8]#[C:7][C:4]([C:5](=[O:6])[H:20])([C:2]([H:16])([C:1]([H:13])([H:14])[H:15])[C:3]([H:17])([H:18])[H:19])[O:12][H:26])[C:11]([H:23])([H:24])[H:25])[H:22]
[H:17][C:1](=[O:2])[C@@:3]1([C@:15]([C@:13]([C@@:11]([C@:5]([O:4]1)([H:19])[O:6][Si:7]([C:8]([H:20])([H:21])[H:22])([O:9][H:23])[O:10][H:24])([H:25])[O:12][H:26])([H:27])[O:14][H:28])([H:29])[O:16][H:30])[H:18],[H:17][C:1](=[O:2])[C@:3]1([C@@:15]([C@:13]([C@:11]([C@:5]([O:4]1)([H:19])[O:6][Si:7]([C:8]([H:20])([H:21])[H:22])([O:9][H:23])[O:10][H:24])([H:25])[O:12][H:26])([H:27])[O:14][H:28])([H:29])[O:16][H:30])[H:18]
[H:20][C@@:3]1([C@@:12]([O:15][C:1]([C:2]1([H:18])[H:19])([H:16])[H:17])([H:36])[C:13]([H:37])([H:38])[O:14][H:39])[O:4][Si:5]([C:6]([H:21])([H:22])[H:23])([C:7]([H:24])([H:25])[H:26])[C:8]([C:9]([H:27])([H:28])[H:29])([C:10]([H:30])([H:31])[H:32])[C:11]([H:33])([H:34])[H:35],[H:20][C@@:3]1([C@@:12]([O:15][C:1]([C:2]1([H:18])[H:19])([H:16])[H:17])([H:36])[C:13]([H:37])([H:38])[O:14][H:39])[O:4][Si:5]([C:6]([H:21])([H:22])[H:23])([C:7]([H:24])([H:25])[H:26])[C:8]([C:9]([H:27])([H:28])[H:29])([C:10]([H:30])([H:31])[H:32])[C:11]([H:33])([H:34])[H:35]
[H:13][C:1](=[C:2]([C:3](=[N:4][N:5]([H:16])[C:6](=[S:7])[N:8]([H:17])[N+:9]([H:18])([H:19])[H:20])[H:15])[N+:10](=[O:11])[O-:12])[H:14],[H:13][C:1](=[C:2]([C:3](=[N:4][N:5]([H:16])[C:6](=[S:7])[N:8]([H:17])[N+:9]([H:18])([H:19])[H:20])[H:15])[N+:10](=[O:11])[O-:12])[H:14]
[H:14][C:2]1=[C:3]([C:4]([O:5][C:1]1([H:12])[H:13])([H:16])[C:6]([H:17])([H:18])[O:7][S:8](=[O:9])(=[O:10])[N:11]([H:19])[H:20])[H:15],[H:14][C:2]1=[C:3]([C:4]([O:5][C:1]1([H:12])[H:13])([H:16])[C:6]([H:17])([H:18])[O:7][S:8](=[O:9])(=[O:10])[N:11]([H:19])[H:20])[H:15]
[H:11][C:1]([H:12])([H:13])[C:2]([H:14])([H:15])[C:3]#[C:4][C:5]([H:16])([H:17])[N+:6]([H:18])([C:7]([H:19])([H:20])[C:8]([H:21])([H:22])[H:23])[C:9]([H:24])([H:25])[C:10]([H:26])([H:27])[H:28],[H:11][C:1]([H:12])([H:13])[C:2]([H:14])([H:15])[C:3]#[C:4][C:5]([H:16])([H:17])[N+:6]([H:18])([C:7]([H:19])([H:20])[C:8]([H:21])([H:22])[H:23])[C:9]([H:24])([H:25])[C:10]([H:26])([H:27])[H:28]
[H:13][C:5]([H:14])([H:15])[O:4][Si:3]([C:2]([H:11])([H:12])[O:1][H:10])([O:6][C:7]([H:16])([H:17])[H:18])[O:8][C:9]([H:19])([H:20])[H:21],[H:13][C:5]([H:14])([H:15])[O:4][Si:3]([C:2]([H:11])([H:12])[O:1][H:10])([O:6][C:7]([H:16])([H:17])[H:18])[O:8][C:9]([H:19])([H:20])[H:21]
[H:9][C:1]([H:10])([H:11])[S:2][C:3]([H:12])([H:13])[C:4]([H:14])([H:15])[C:5]([H:16])([H:17])[C:6]([H:18])([H:19])[C:7]([H:20])([H:21])[N+:8]([H:22])([H:23])[H:24],[H:9][C:1]([H:10])([H:11])[S:2][C:3]([H:12])([H:13])[C:4]([H:14])([H:15])[C:5]([H:16])([H:17])[C:6]([H:18])([H:19])[C:7]([H:20])([H:21])[N+:8]([H:22])([H:23])[H:24]
[H:23][C:6]1([C:7](=[O:8])[C:9]([C:10]([N+:4]([C:5]1([H:21])[H:22])([H:20])[C:3]([H:18])([H:19])[C:2]([H:16])([H:17])[C:1]([H:13])([H:14])[H:15])([H:26])[H:27])([H:25])[O:11][C:12]([H:28])([H:29])[H:30])[H:24],[H:23][C:6]1([C:7](=[O:8])[C:9]([C:10]([N+:4]([C:5]1([H:21])[H:22])([H:20])[C:3]([H:18])([H:19])[C:2]([H:16])([H:17])[C:1]([H:13])([H:14])[H:15])([H:26])[H:27])([H:25])[O:11][C:12]([H:28])([H:29])[H:30])[H:24]
[H:22][C:8](=[O:9])[C:5]([H:17])([C:4]([H:15])([H:16])[C:3]1([C:1]([C:2]1([H:12])[H:13])([H:10])[H:11])[H:14])[C:6]([H:18])([H:19])[N:7]([H:20])[H:21],[H:22][C:8](=[O:9])[C:5]([H:17])([C:4]([H:15])([H:16])[C:3]1([C:1]([C:2]1([H:12])[H:13])([H:10])[H:11])[H:14])[C:6]([H:18])([H:19])[N:7]([H:20])[H:21]
[H:13][C:1]1([C:2]([C:3]([N+:4]([C:5]1([H:20])[H:21])([H:18])[H:19])([H:17])[C:6]2([C:7]([O:8][C:9]([C:10]([C:11]2([H:29])[O:12][H:30])([H:27])[H:28])([H:25])[H:26])([H:23])[H:24])[H:22])([H:15])[H:16])[H:14],[H:13][C:1]1([C:2]([C:3]([N+:4]([C:5]1([H:20])[H:21])([H:18])[H:19])([H:17])[C:6]2([C:7]([O:8][C:9]([C:10]([C:11]2([H:29])[O:12][H:30])([H:27])[H:28])([H:25])[H:26])([H:23])[H:24])[H:22])([H:15])[H:16])[H:14]
[H:11][C@@:2]([B:3]([O:4][H:12])[O:5][H:13])([C:6]([H:14])([C:7]([H:15])([H:16])[H:17])[C:8]([H:18])([H:19])[H:20])[N:1]([H:9])[H:10],[H:11][C@:2]([B:3]([O:4][H:12])[O:5][H:13])([C:6]([H:14])([C:7]([H:15])([H:16])[H:17])[C:8]([H:18])([H:19])[H:20])[N:1]([H:9])[H:10]
[H:11][C:1]([H:12])([H:13])[C:2]([H:14])([C:3]([H:15])([H:16])[H:17])[C:4]([H:18])([H:19])[C:5]([H:20])([H:21])[N+:6]([H:22])([H:23])[C:7]([H:24])([H:25])[C:8]([H:26])([C:9]([H:27])([H:28])[H:29])[C:10]([H:30])([H:31])[H:32],[H:11][C:1]([H:12])([H:13])[C:2]([H:14])([C:3]([H:15])([H:16])[H:17])[C:4]([H:18])([H:19])[C:5]([H:20])([H:21])[N+:6]([H:22])([H:23])[C:7]([H:24])([H:25])[C:8]([H:26])([C:9]([H:27])([H:28])[H:29])[C:10]([H:30])([H:31])[H:32]
[H:13][c:1]1[c:2]([c:3]([n:4][c:5]([c:6]1[H:16])[C:7]2([C:8]([C:9]2([H:19])[H:20])([H:17])[H:18])[C:10](=[O:11])[N:12]([H:21])[H:22])[H:15])[H:14],[H:13][c:1]1[c:2]([c:3]([n:4][c:5]([c:6]1[H:16])[C:7]2([C:8]([C:9]2([H:19])[H:20])([H:17])[H:18])[C:10](=[O:11])[N:12]([H:21])[H:22])[H:15])[H:14]
[H:19][C:4](=[O:5])[C:3]([H:18])([C:6]1([C:7]([C:8]([C:9]([C:10]([C:11]1([H:28])[H:29])([H:26])[H:27])([H:24])[H:25])([H:22])[H:23])([H:20])[H:21])[O:12][H:30])[C:2]([H:16])([H:17])[C:1]([H:13])([H:14])[H:15],[H:19][C:4](=[O:5])[C:3]([H:18])([C:6]1([C:7]([C:8]([C:9]([C:10]([C:11]1([H:28])[H:29])([H:26])[H:27])([H:24])[H:25])([H:22])[H:23])([H:20])[H:21])[O:12][H:30])[C:2]([H:16])([H:17])[C:1]([H:13])([H:14])[H:15]
[H:12][C:1]([H:13])([H:14])[C:2]([H:15])([C:3]([H:16])([H:17])[H:18])[N+:4]([H:19])([C:5]([H:20])([H:21])[C:6]([H:22])([H:23])[O:7][H:24])[C:8]([H:25])([H:26])[C:9]([H:27])([C:10]([H:28])([H:29])[H:30])[O:11][H:31],[H:12][C:1]([H:13])([H:14])[C:2]([H:15])([C:3]([H:16])([H:17])[H:18])[N+:4]([H:19])([C:5]([H:20])([H:21])[C:6]([H:22])([H:23])[O:7][H:24])[C:8]([H:25])([H:26])[C:9]([H:27])([C:10]([H:28])([H:29])[H:30])[O:11][H:31]
[H:9][C:1]([H:10])([H:11])[N:2]([C:3]([H:12])([H:13])[H:14])[N+:4](=[O:5])[N:6]([H:15])[O:7][C:8]([H:16])([H:17])[H:18],[H:9][C:1]([H:10])([H:11])[N:2]([C:3]([H:12])([H:13])[H:14])[N+:4](=[O:5])[N:6]([H:15])[O:7][C:8]([H:16])([H:17])[H:18]
[H:10][C:1]([H:11])([H:12])[C:2]([H:13])([H:14])[C:3]([H:15])([H:16])[C:4]([H:17])([H:18])[C:5]([H:19])([C:6]([H:20])([H:21])[N:7]=[N:8][H:22])[N+:9]([H:23])([H:24])[H:25],[H:10][C:1]([H:11])([H:12])[C:2]([H:13])([H:14])[C:3]([H:15])([H:16])[C:4]([H:17])([H:18])[C:5]([H:19])([C:6]([H:20])([H:21])[N:7]=[N:8][H:22])[N+:9]([H:23])([H:24])[H:25]
[H:20][C:4]1=[C:5]([C:9]([C@@:10]([C@@:2]([C:3]1([H:18])[H:19])([H:17])[N:1]([H:15])[H:16])([H:25])[N:11]([H:26])/[C:12](=[N:13]/[H:27])/[N:14]([H:28])[H:29])([H:23])[H:24])[B:6]([O:7][H:21])[O:8][H:22],[H:20][C:4]1=[C:5]([C:9]([C@@:10]([C@@:2]([C:3]1([H:18])[H:19])([H:17])[N:1]([H:15])[H:16])([H:25])[N:11]([H:26])/[C:12](=[N:13]\[H:27])/[N:14]([H:28])[H:29])([H:23])[H:24])[B:6]([O:7][H:21])[O:8][H:22]
[H:20][C@@:6]1([C:4](=[O:5])[N:3]([C@@:2]1([H:18])[O:1][H:17])[H:19])[C@@:7]([H:21])([C:8]([H:22])([H:23])[H:24])[O:9][Si:10]([C:11]([H:25])([H:26])[H:27])([C:12]([H:28])([H:29])[H:30])[C:13]([C:14]([H:31])([H:32])[H:33])([C:15]([H:34])([H:35])[H:36])[C:16]([H:37])([H:38])[H:39],[H:20][C@:6]1([C:4](=[O:5])[N:3]([C@:2]1([H:18])[O:1][H:17])[H:19])[C@@:7]([H:21])([C:8]([H:22])([H:23])[H:24])[O:9][Si:10]([C:11]([H:25])([H:26])[H:27])([C:12]([H:28])([H:29])[H:30])[C:13]([C:14]([H:31])([H:32])[H:33])([C:15]([H:34])([H:35])[H:36])[C:16]([H:37])([H:38])[H:39]
[H:13][C:1]([H:14])([H:15])[C:2](=[O:3])[C:4]1=[C:8]([O:7][C:6](=[C:5]1[O:12][H:20])[C:10]([H:17])([H:18])[O:11][H:19])[O:9][H:16],[H:13][C:1]([H:14])([H:15])[C:2](=[O:3])[C:4]1=[C:8]([O:7][C:6](=[C:5]1[O:12][H:20])[C:10]([H:17])([H:18])[O:11][H:19])[O:9][H:16]
[H:12][C:1]1([C:2]([O:3][C:4](=[O:5])[N:6]1[H:15])([H:14])[C:7]([H:16])([H:17])[N:8]([H:18])[C:9](=[S:10])[N:11]([H:19])[H:20])[H:13],[H:12][C:1]1([C:2]([O:3][C:4](=[O:5])[N:6]1[H:15])([H:14])[C:7]([H:16])([H:17])[N:8]([H:18])[C:9](=[S:10])[N:11]([H:19])[H:20])[H:13]
[H:12][C:1]1([C:2]([C:3]([C:4]([C:5]([C:6]1([H:18])[O:7][H:19])([H:17])[O:8][H:20])([H:16])[O:9][H:21])([H:15])[O:10][H:22])([H:14])[O:11][H:23])[H:13],[H:12][C:1]1([C:2]([C:3]([C:4]([C:5]([C:6]1([H:18])[O:7][H:19])([H:17])[O:8][H:20])([H:16])[O:9][H:21])([H:15])[O:10][H:22])([H:14])[O:11][H:23])[H:13]
[H:10][C:1]([H:11])([C:2]([H:12])([C:3]([H:13])([N+:4](=[O:5])[O-:6])[Cl:7])[Cl:8])[Cl:9],[H:10][C:1]([H:11])([C:2]([H:12])([C:3]([H:13])([N+:4](=[O:5])[O-:6])[Cl:7])[Cl:8])[Cl:9]
[H:12][C:1]1=[C:2]([O:3][C:4](=[N:5]1)[C:6]([H:14])([H:15])[N+:7]([H:16])([H:17])[C:8]2([C:9]([N:10]([C:11]2([H:22])[H:23])[H:21])([H:19])[H:20])[H:18])[H:13],[H:12][C:1]1=[C:2]([O:3][C:4](=[N:5]1)[C:6]([H:14])([H:15])[N+:7]([H:16])([H:17])[C:8]2([C:9]([N:10]([C:11]2([H:22])[H:23])[H:21])([H:19])[H:20])[H:18])[H:13]
[O:1]=[C:2]([O-:3])[C@@:4]1([H:12])[N:5]([H:13])[C:6]([H:14])([H:15])[C@:7]2([H:16])[C@@:8]1([H:17])[C:9]2([I:10])[I:11],[O:1]=[C:2]([O-:3])[C@:4]1([H:12])[N:5]([H:13])[C:6]([H:14])([H:15])[C@:7]2([H:16])[C@@:8]1([H:17])[C:9]2([I:10])[I:11]
[H:22][C:8](=[C:7]([H:21])[C:2]([C:9](=[O:10])[H:24])([C:1]([H:11])([H:12])[H:13])[C:3]([H:14])([H:15])[C:4]([H:16])([H:17])[O:5][C:6]([H:18])([H:19])[H:20])[H:23],[H:22][C:8](=[C:7]([H:21])[C:2]([C:9](=[O:10])[H:24])([C:1]([H:11])([H:12])[H:13])[C:3]([H:14])([H:15])[C:4]([H:16])([H:17])[O:5][C:6]([H:18])([H:19])[H:20])[H:23]
[H:21][C:9](=[O:10])[C:8]([H:19])([H:20])[N:7]([H:18])[C:4]1=[N+:5]([O:6][C:2]([C:3]1([H:15])[H:16])([C:1]([H:12])([H:13])[H:14])[C:11]([H:22])([H:23])[H:24])[H:17],[H:21][C:9](=[O:10])[C:8]([H:19])([H:20])[N:7]([H:18])[C:4]1=[N+:5]([O:6][C:2]([C:3]1([H:15])[H:16])([C:1]([H:12])([H:13])[H:14])[C:11]([H:22])([H:23])[H:24])[H:17]
[H:13][C:1]1=[C:2]([C:3](=[O:4])[N:5]([C:6](=[O:7])[N:8]1[H:15])[H:14])[C:9]([H:16])([C:10]([H:17])([H:18])[Cl:11])[O:12][H:19],[H:13][C:1]1=[C:2]([C:3](=[O:4])[N:5]([C:6](=[O:7])[N:8]1[H:15])[H:14])[C:9]([H:16])([C:10]([H:17])([H:18])[Cl:11])[O:12][H:19]
[H:15][C:4](=[C:5]([C:6]([H:16])([H:17])[C:7]([H:18])([H:19])[C:8]([H:20])([H:21])[C:9](=[O:10])[H:22])[O:11][H:23])[C:2](=[O:3])[C:1]([H:12])([H:13])[H:14],[H:15][C:4](=[C:5]([C:6]([H:16])([H:17])[C:7]([H:18])([H:19])[C:8]([H:20])([H:21])[C:9](=[O:10])[H:22])[O:11][H:23])[C:2](=[O:3])[C:1]([H:12])([H:13])[H:14]
[H:18][C:1](=[O:2])[C@:3]([C:4]([H:19])([H:20])[C:5]([H:21])([H:22])[C:6]([H:23])([H:24])[C:7]([H:25])([H:26])[B:8]([O:9][H:27])[O:10][H:28])([C:11]([H:29])([H:30])[N:12]([H:31])/[C:13](=[N:14]\[H:32])/[N:15]([H:33])[H:34])[N:16]([H:35])[C:17]([H:36])([H:37])[H:38],[H:18][C:1](=[O:2])[C@@:3]([C:4]([H:19])([H:20])[C:5]([H:21])([H:22])[C:6]([H:23])([H:24])[C:7]([H:25])([H:26])[B:8]([O:9][H:27])[O:10][H:28])([C:11]([H:29])([H:30])[N:12]([H:31])/[C:13](=[N:14]\[H:32])/[N:15]([H:33])[H:34])[N:16]([H:35])[C:17]([H:36])([H:37])[H:38]
[H:12][C:1]([H:13])([H:14])[C:2]([H:15])([H:16])[C:3]([H:17])([H:18])[Si:4]([C:5]([H:19])([H:20])[H:21])([C:6]([H:22])([H:23])[H:24])[O:7][Si:8]([C:9]([H:25])([H:26])[H:27])([C:10]([H:28])([H:29])[H:30])[C:11]([H:31])([H:32])[H:33],[H:12][C:1]([H:13])([H:14])[C:2]([H:15])([H:16])[C:3]([H:17])([H:18])[Si:4]([C:5]([H:19])([H:20])[H:21])([C:6]([H:22])([H:23])[H:24])[O:7][Si:8]([C:9]([H:25])([H:26])[H:27])([C:10]([H:28])([H:29])[H:30])[C:11]([H:31])([H:32])[H:33]
[H:17][C:1](=[O:2])[C@@:3]1([C@:15]([C@:13]([C@@:11]([C@@:5]([O:4]1)([H:19])[O:6][Si:7]([C:8]([H:20])([H:21])[H:22])([O:9][H:23])[O:10][H:24])([H:25])[O:12][H:26])([H:27])[O:14][H:28])([H:29])[O:16][H:30])[H:18],[H:17][C:1](=[O:2])[C@:3]1([C@@:15]([C@:13]([C@:11]([C@:5]([O:4]1)([H:19])[O:6][Si:7]([C:8]([H:20])([H:21])[H:22])([O:9][H:23])[O:10][H:24])([H:25])[O:12][H:26])([H:27])[O:14][H:28])([H:29])[O:16][H:30])[H:18]
[H:13][C:1]1=[N:5][N:4]([N:3]=[C:2]1[C:6]([H:15])([H:16])[C:7]2([C:8]([C:9]([C:10]2([H:21])[H:22])([H:19])[H:20])([H:17])[H:18])[C:11]([H:23])([H:24])[O:12][H:25])[H:14],[H:13][C:1]1=[N:5][N:4]([N:3]=[C:2]1[C:6]([H:15])([H:16])[C:7]2([C:8]([C:9]([C:10]2([H:21])[H:22])([H:19])[H:20])([H:17])[H:18])[C:11]([H:23])([H:24])[O:12][H:25])[H:14]
[H:18][C:5]1=[C:6]([C:1]([C:2]([O:3][C:4]1([H:16])[H:17])([H:14])[H:15])([H:12])[H:13])[C:7]([H:19])([H:20])[C:8](=[O:9])[C:10]([H:21])([H:22])[O:11][H:23],[H:18][C:5]1=[C:6]([C:1]([C:2]([O:3][C:4]1([H:16])[H:17])([H:14])[H:15])([H:12])[H:13])[C:7]([H:19])([H:20])[C:8](=[O:9])[C:10]([H:21])([H:22])[O:11][H:23]
[H:16][C:3]1=[C:2]([N:6]=[C:5]([S:4]1)[C:7]([H:17])([C:8]#[N:9])[C:10](=[O:11])[C:12]([H:18])([H:19])[H:20])[C:1]([H:13])([H:14])[H:15],[H:16][C:3]1=[C:2]([N:6]=[C:5]([S:4]1)[C:7]([H:17])([C:8]#[N:9])[C:10](=[O:11])[C:12]([H:18])([H:19])[H:20])[C:1]([H:13])([H:14])[H:15]
[H:13][C:1]1=[C:2]([C:3](=[N:4][N:5]1[H:15])[H:14])[C:6]2([C:7]([C:8]([C:9]([O:10]2)([H:20])[H:21])([H:18])[H:19])([H:17])[C:11]([H:22])([H:23])[N:12]([H:24])[H:25])[H:16],[H:13][C:1]1=[C:2]([C:3](=[N:4][N:5]1[H:15])[H:14])[C:6]2([C:7]([C:8]([C:9]([O:10]2)([H:20])[H:21])([H:18])[H:19])([H:17])[C:11]([H:22])([H:23])[N:12]([H:24])[H:25])[H:16]
[H:13][c:1]1[c:2]([c:3]([c:4]([c:5]([c:6]1[O:7][H:16])[H:15])[O:8][H:17])[H:14])[C:9]([H:18])([C:10]([H:19])([H:20])[O:11][H:21])[O:12][H:22],[H:13][c:1]1[c:2]([c:3]([c:4]([c:5]([c:6]1[O:7][H:16])[H:15])[O:8][H:17])[H:14])[C:9]([H:18])([C:10]([H:19])([H:20])[O:11][H:21])[O:12][H:22]
[H:11][C:1]1([C:2]([O:3][C:4]([C:5]([N+:6]1([H:17])[H:18])([C:7]([H:19])([H:20])[N:8]([H:21])[H:22])[C:9]([H:23])([H:24])[O:10][H:25])([H:15])[H:16])([H:13])[H:14])[H:12],[H:11][C:1]1([C:2]([O:3][C:4]([C:5]([N+:6]1([H:17])[H:18])([C:7]([H:19])([H:20])[N:8]([H:21])[H:22])[C:9]([H:23])([H:24])[O:10][H:25])([H:15])[H:16])([H:13])[H:14])[H:12]
[H:20][C:9]1=[C:8]([C:7]([C:6]([C:5](=[C:4]1[C:2](=[O:3])[C:1]([H:13])([H:14])[H:15])[H:16])([H:17])[O:11][C:12]([H:22])([H:23])[H:24])([H:18])[O:10][H:21])[H:19],[H:20][C:9]1=[C:8]([C:7]([C:6]([C:5](=[C:4]1[C:2](=[O:3])[C:1]([H:13])([H:14])[H:15])[H:16])([H:17])[O:11][C:12]([H:22])([H:23])[H:24])([H:18])[O:10][H:21])[H:19]
[H:13][c:1]1[c:2]([c:3]([c:4]([c:5]([c:6]1[H:17])[H:16])[C:7]([H:18])([H:19])[N:8]([H:20])[C:9](=[S:10])[C:11](=[O:12])[H:21])[H:15])[H:14],[H:13][c:1]1[c:2]([c:3]([c:4]([c:5]([c:6]1[H:17])[H:16])[C:7]([H:18])([H:19])[N:8]([H:20])[C:9](=[S:10])[C:11](=[O:12])[H:21])[H:15])[H:14]
[N:1]([C:2](=[O:3])[C@:4]([N:5]([H:16])[H:17])([C:6]([C:7]([N:8]([C:9](=[N+:10]([H:23])[H:24])[C:11]([I:12])([H:25])[H:26])[H:22])([H:20])[H:21])([H:18])[H:19])[H:15])([H:13])[H:14],[N:1]([C:2](=[O:3])[C@:4]([N:5]([H:16])[H:17])([C:6]([C:7]([N:8]([C:9](=[N+:10]([H:23])[H:24])[C:11]([I:12])([H:25])[H:26])[H:22])([H:20])[H:21])([H:18])[H:19])[H:15])([H:13])[H:14]
[H:15][C:5](=[O:6])[C:4]([C:3]#[C:2][C:1]([H:12])([H:13])[H:14])([C:7]1([C:8]([C:9]([C:10]1([H:21])[H:22])([H:19])[H:20])([H:17])[H:18])[H:16])[O:11][H:23],[H:15][C:5](=[O:6])[C:4]([C:3]#[C:2][C:1]([H:12])([H:13])[H:14])([C:7]1([C:8]([C:9]([C:10]1([H:21])[H:22])([H:19])[H:20])([H:17])[H:18])[H:16])[O:11][H:23]
[O:1]([C@:2]([c:3]1[n:4][c:5]([H:15])[c:6]([H:16])[c:7]([H:17])[n:8]1)([C:9]([I:10])([I:11])[I:12])[H:14])[H:13],[O:1]([C@@:2]([c:3]1[n:4][c:5]([H:15])[c:6]([H:16])[c:7]([H:17])[n:8]1)([C:9]([I:10])([I:11])[I:12])[H:14])[H:13]
[H:23][c:9]1[c:8]([c:7]([c:6]([c:11]([c:10]1[H:24])[H:25])[S:5][C:4]([H:19])([H:20])[C:3]([H:18])([C:2]([H:16])([H:17])[C:1]([H:13])([H:14])[H:15])[N:12]([H:26])[H:27])[H:21])[H:22],[H:23][c:9]1[c:8]([c:7]([c:6]([c:11]([c:10]1[H:24])[H:25])[S:5][C:4]([H:19])([H:20])[C:3]([H:18])([C:2]([H:16])([H:17])[C:1]([H:13])([H:14])[H:15])[N:12]([H:26])[H:27])[H:21])[H:22]
[H:17][C:1](=[O:2])[C@:3]1([C@:15]([C@@:13]([C@@:11]([C@@:5]([O:4]1)([H:19])[O:6][Si:7]([C:8]([H:20])([H:21])[H:22])([O:9][H:23])[O:10][H:24])([H:25])[O:12][H:26])([H:27])[O:14][H:28])([H:29])[O:16][H:30])[H:18],[H:17][C:1](=[O:2])[C@:3]1([C@@:15]([C@:13]([C@:11]([C@:5]([O:4]1)([H:19])[O:6][Si:7]([C:8]([H:20])([H:21])[H:22])([O:9][H:23])[O:10][H:24])([H:25])[O:12][H:26])([H:27])[O:14][H:28])([H:29])[O:16][H:30])[H:18]
[C:1]([C@:2]1([C:3]([I:4])([H:13])[H:14])[S:5][C:6]([H:15])=[N:7][C:8]1=[O:9])([H:10])([H:11])[H:12],[C:1]([C@@:2]1([C:3]([I:4])([H:13])[H:14])[S:5][C:6]([H:15])=[N:7][C:8]1=[O:9])([H:10])([H:11])[H:12]
[H:24][c:10]1[c:9]([c:8]([c:7]([c:12]([c:11]1[H:25])[H:26])[C:3]([H:18])([C:4]([H:19])([H:20])[C:5](=[O:6])[H:21])[C:2]([H:16])([H:17])[C:1]([H:13])([H:14])[H:15])[H:22])[H:23],[H:24][c:10]1[c:9]([c:8]([c:7]([c:12]([c:11]1[H:25])[H:26])[C:3]([H:18])([C:4]([H:19])([H:20])[C:5](=[O:6])[H:21])[C:2]([H:16])([H:17])[C:1]([H:13])([H:14])[H:15])[H:22])[H:23]
[H:11][C:1]([H:12])([C:2]([H:13])([C:3]([H:14])([C:4]([F:5])([F:6])[F:7])[O:8][H:15])[O:9][H:16])[O:10][H:17],[H:11][C:1]([H:12])([C:2]([H:13])([C:3]([H:14])([C:4]([F:5])([F:6])[F:7])[O:8][H:15])[O:9][H:16])[O:10][H:17]
[H:17][C:8]1([C:7]([N:11]([C:10]([C:9]1([H:19])[O:12][H:23])([H:20])[H:21])[H:22])([H:16])[C:4]2=[N:3][C:2](=[N:6][O:5]2)[C:1]([H:13])([H:14])[H:15])[H:18],[H:17][C:8]1([C:7]([N:11]([C:10]([C:9]1([H:19])[O:12][H:23])([H:20])[H:21])[H:22])([H:16])[C:4]2=[N:3][C:2](=[N:6][O:5]2)[C:1]([H:13])([H:14])[H:15])[H:18]
[H:36][c:18]1[c:8]([c:7]([n:6][c:5]2[c:19]1[C:2](=[N:3][N:4]2[H:22])[N:1]([H:20])[H:21])[H:23])[B:9]3[O:10][C:11]([C:14]([O:17]3)([C:15]([H:30])([H:31])[H:32])[C:16]([H:33])([H:34])[H:35])([C:12]([H:24])([H:25])[H:26])[C:13]([H:27])([H:28])[H:29],[H:36][c:18]1[c:8]([c:7]([n:6][c:5]2[c:19]1[C:2](=[N:3][N:4]2[H:22])[N:1]([H:20])[H:21])[H:23])[B:9]3[O:10][C:11]([C:14]([O:17]3)([C:15]([H:30])([H:31])[H:32])[C:16]([H:33])([H:34])[H:35])([C:12]([H:24])([H:25])[H:26])[C:13]([H:27])([H:28])[H:29]
[H:13][C:1]1=[C:5]([N:4]([C:3](=[C:2]1[H:14])[C:8](=[O:9])[C:10]([H:17])([H:18])[C:11]#[N:12])[H:15])[C:6](=[O:7])[H:16],[H:13][C:1]1=[C:5]([N:4]([C:3](=[C:2]1[H:14])[C:8](=[O:9])[C:10]([H:17])([H:18])[C:11]#[N:12])[H:15])[C:6](=[O:7])[H:16]
[H:27][C:11](=[C:10]([H:26])[C:9]([H:24])([H:25])[S:8][C:6](=[N+:7]([H:22])[H:23])[N:3]([C:2]([H:15])([H:16])[C:1]([H:12])([H:13])[H:14])[C:4]([H:17])([H:18])[C:5]([H:19])([H:20])[H:21])[H:28],[H:27][C:11](=[C:10]([H:26])[C:9]([H:24])([H:25])[S:8][C:6](=[N+:7]([H:22])[H:23])[N:3]([C:2]([H:15])([H:16])[C:1]([H:12])([H:13])[H:14])[C:4]([H:17])([H:18])[C:5]([H:19])([H:20])[H:21])[H:28]
[H:8][C:1]([H:9])([H:10])[C:2]([H:11])([H:12])[C:3]([H:13])([C:4]([H:14])([H:15])[O:5][H:16])[N:6]([H:17])[C:7]([H:18])([H:19])[H:20],[H:8][C:1]([H:9])([H:10])[C:2]([H:11])([H:12])[C:3]([H:13])([C:4]([H:14])([H:15])[O:5][H:16])[N:6]([H:17])[C:7]([H:18])([H:19])[H:20]
[H:18][C:6]1=[C:5]([O:4][C:3]([C:2]([C:1]1([H:13])[H:14])([H:15])[H:16])([H:17])[C:11]([H:19])([H:20])[O:12][H:21])[P:7](=[O:8])([O-:9])[O-:10],[H:18][C:6]1=[C:5]([O:4][C:3]([C:2]([C:1]1([H:13])[H:14])([H:15])[H:16])([H:17])[C:11]([H:19])([H:20])[O:12][H:21])[P:7](=[O:8])([O-:9])[O-:10]
[H:21][c:7]1[c:8]([c:9]([c:10]([c:11]([c:6]1[C:3]([H:17])([C:4]([H:18])([H:19])[O:5][H:20])[N:2]([H:16])[C:1]([H:13])([H:14])[H:15])[H:24])[H:23])[Cl:12])[H:22],[H:21][c:7]1[c:8]([c:9]([c:10]([c:11]([c:6]1[C:3]([H:17])([C:4]([H:18])([H:19])[O:5][H:20])[N:2]([H:16])[C:1]([H:13])([H:14])[H:15])[H:24])[H:23])[Cl:12])[H:22]
[H:16][C:3]1=[C:2]([S:6][C:5](=[C:4]1[H:17])[C:7]([H:18])([H:19])[N+:8]([H:20])([C:9]([H:21])([H:22])[H:23])[C:10]([H:24])([C:11]([H:25])([H:26])[H:27])[C:12]([H:28])([H:29])[H:30])[C:1]([H:13])([H:14])[H:15],[H:16][C:3]1=[C:2]([S:6][C:5](=[C:4]1[H:17])[C:7]([H:18])([H:19])[N+:8]([H:20])([C:9]([H:21])([H:22])[H:23])[C:10]([H:24])([C:11]([H:25])([H:26])[H:27])[C:12]([H:28])([H:29])[H:30])[C:1]([H:13])([H:14])[H:15]
[H:21][C:7]1([C:8]([N+:6]1([H:20])[C:5]([H:18])([H:19])[C:4]([H:17])([C:3]([H:15])([H:16])[C:2]([H:13])([H:14])[C:1]([H:10])([H:11])[H:12])[O:9][H:25])([H:23])[H:24])[H:22],[H:21][C:7]1([C:8]([N+:6]1([H:20])[C:5]([H:18])([H:19])[C:4]([H:17])([C:3]([H:15])([H:16])[C:2]([H:13])([H:14])[C:1]([H:10])([H:11])[H:12])[O:9][H:25])([H:23])[H:24])[H:22]
[H:16][C:5]1([C:4]([C:3]([O:7][C:6]1([H:18])[C:8]([H:19])([H:20])[O:9][H:21])([H:14])[O:2][C:1]([H:11])([H:12])[H:13])([H:15])[F:10])[H:17],[H:16][C:5]1([C:4]([C:3]([O:7][C:6]1([H:18])[C:8]([H:19])([H:20])[O:9][H:21])([H:14])[O:2][C:1]([H:11])([H:12])[H:13])([H:15])[F:10])[H:17]
[H:15][C:1](=[O:2])[C@:3]([H:16])([C@@:5]([H:18])([C@@:7]1([C@@:12]([O:11][B:9]([O:8]1)[O:10][H:21])([H:22])[C:13]([H:23])([H:24])[O:14][H:25])[H:20])[O:6][H:19])[O:4][H:17],[H:15][C:1](=[O:2])[C@@:3]([H:16])([C@:5]([H:18])([C@:7]1([C@@:12]([O:11][B:9]([O:8]1)[O:10][H:21])([H:22])[C:13]([H:23])([H:24])[O:14][H:25])[H:20])[O:6][H:19])[O:4][H:17]
[H:15][C:3]1([C:2]([S:6][C:5](=[N:4]1)[N:7]([H:17])[C:8]([H:18])([C:9]([H:19])([H:20])[H:21])[C:10]([H:22])([H:23])[H:24])([H:14])[C:1]([H:11])([H:12])[H:13])[H:16],[H:15][C:3]1([C:2]([S:6][C:5](=[N:4]1)[N:7]([H:17])[C:8]([H:18])([C:9]([H:19])([H:20])[H:21])[C:10]([H:22])([H:23])[H:24])([H:14])[C:1]([H:11])([H:12])[H:13])[H:16]
[H:16][C@:6]1([C:5]([C@:3]([C:2]([N:1]1[H:10])([H:11])[H:12])([H:13])[Cl:4])([H:14])[H:15])[B:7]([O:8][H:17])[O:9][H:18],[H:16][C@:6]1([C:5]([C@@:3]([C:2]([N:1]1[H:10])([H:11])[H:12])([H:13])[Cl:4])([H:14])[H:15])[B:7]([O:8][H:17])[O:9][H:18]
[H:7][C:1]([H:8])([H:9])[C:2]([H:10])([C:3]([H:11])([H:12])[N:4]([H:13])[N:5]([H:14])[H:15])[O:6][H:16],[H:7][C:1]([H:8])([H:9])[C:2]([H:10])([C:3]([H:11])([H:12])[N:4]([H:13])[N:5]([H:14])[H:15])[O:6][H:16]
[H:19][C:1](=[O:2])[C@:3]1([C@@:12]([C@:11]2([C@:6]([C:5]1([H:22])[H:23])([C@@:7]([N:9]([C:10]2([H:30])[H:31])[H:29])([H:25])[C:8]([H:26])([H:27])[H:28])[H:24])[H:32])([H:33])[C:13]([H:34])([H:35])[C:14]([H:36])([H:37])[C:15]([H:38])([H:39])[B:16]([O:17][H:40])[O:18][H:41])[N:4]([H:20])[H:21],[H:19][C:1](=[O:2])[C@:3]1([C@:12]([C@:11]2([C@@:6]([C:5]1([H:22])[H:23])([C@:7]([N:9]([C:10]2([H:30])[H:31])[H:29])([H:25])[C:8]([H:26])([H:27])[H:28])[H:24])[H:32])([H:33])[C:13]([H:34])([H:35])[C:14]([H:36])([H:37])[C:15]([H:38])([H:39])[B:16]([O:17][H:40])[O:18][H:41])[N:4]([H:20])[H:21]
[H:13][C@:3]1([C:2]([N:1]([Si@@:6]([C:5]1([H:17])[H:18])([C:7]([H:19])([H:20])[H:21])[O:8][C:9]([H:22])([H:23])[H:24])[H:10])([H:11])[H:12])[C:4]([H:14])([H:15])[H:16],[H:13][C@@:3]1([C:2]([N:1]([Si@@:6]([C:5]1([H:17])[H:18])([C:7]([H:19])([H:20])[H:21])[O:8][C:9]([H:22])([H:23])[H:24])[H:10])([H:11])[H:12])[C:4]([H:14])([H:15])[H:16]
[H:28][C:9](=[O:10])[C:8]([H:26])([H:27])[C:7]([H:24])([H:25])[C:6]([H:22])([H:23])[C:5]([H:20])([H:21])[C:3]([H:16])([C:4]([H:17])([H:18])[H:19])[C:2]([H:14])([H:15])[C:1]([H:11])([H:12])[H:13],[H:28][C:9](=[O:10])[C:8]([H:26])([H:27])[C:7]([H:24])([H:25])[C:6]([H:22])([H:23])[C:5]([H:20])([H:21])[C:3]([H:16])([C:4]([H:17])([H:18])[H:19])[C:2]([H:14])([H:15])[C:1]([H:11])([H:12])[H:13]
[H:12][C:1]([H:13])([H:14])[O:2][C:3]([C:4]([H:15])([C:5]#[N:6])[N:7]([H:16])[H:17])([O:8][C:9]([H:18])([H:19])[H:20])[O:10][C:11]([H:21])([H:22])[H:23],[H:12][C:1]([H:13])([H:14])[O:2][C:3]([C:4]([H:15])([C:5]#[N:6])[N:7]([H:16])[H:17])([O:8][C:9]([H:18])([H:19])[H:20])[O:10][C:11]([H:21])([H:22])[H:23]
[C:1]([C@@:2]1([H:16])[C:3]([H:17])([H:18])[C@:4]1([c:5]1[c:6]([H:20])[c:7]([H:21])[c:8]([I:9])[c:10]([H:22])[c:11]1[I:12])[H:19])([H:13])([H:14])[H:15],[C:1]([C@:2]1([H:16])[C:3]([H:17])([H:18])[C@@:4]1([c:5]1[c:6]([H:20])[c:7]([H:21])[c:8]([I:9])[c:10]([H:22])[c:11]1[I:12])[H:19])([H:13])([H:14])[H:15]
[H:21][C:7]1=[C:8]([O:9][N:10]=[C:6]1[C:2]([C:1]([H:12])([H:13])[H:14])([C:3]([H:15])([H:16])[H:17])[C:4]([H:18])([H:19])[O:5][H:20])[N:11]([H:22])[H:23],[H:21][C:7]1=[C:8]([O:9][N:10]=[C:6]1[C:2]([C:1]([H:12])([H:13])[H:14])([C:3]([H:15])([H:16])[H:17])[C:4]([H:18])([H:19])[O:5][H:20])[N:11]([H:22])[H:23]
[H:8][C:1]([H:9])([H:10])[O:2][C:3]([H:11])([C:4]([H:12])([H:13])[O:5][H:14])[C:6]([H:15])([H:16])[F:7],[H:8][C:1]([H:9])([H:10])[O:2][C:3]([H:11])([C:4]([H:12])([H:13])[O:5][H:14])[C:6]([H:15])([H:16])[F:7]
[H:22][C:9](=[O:10])[C:8]([H:20])([H:21])[S:5](=[O:6])(=[O:7])[C:4]([H:18])([H:19])[C:2]([H:14])([C:1]([H:11])([H:12])[H:13])[C:3]([H:15])([H:16])[H:17],[H:22][C:9](=[O:10])[C:8]([H:20])([H:21])[S:5](=[O:6])(=[O:7])[C:4]([H:18])([H:19])[C:2]([H:14])([C:1]([H:11])([H:12])[H:13])[C:3]([H:15])([H:16])[H:17]
[H:17][C:1](=[O:2])[C@:3]1([C@@:15]([C@:13]([C@:11]([C@@:5]([O:4]1)([H:19])[O:6][Si:7]([C:8]([H:20])([H:21])[H:22])([O:9][H:23])[O:10][H:24])([H:25])[O:12][H:26])([H:27])[O:14][H:28])([H:29])[O:16][H:30])[H:18],[H:17][C:1](=[O:2])[C@:3]1([C@@:15]([C@:13]([C@:11]([C@:5]([O:4]1)([H:19])[O:6][Si:7]([C:8]([H:20])([H:21])[H:22])([O:9][H:23])[O:10][H:24])([H:25])[O:12][H:26])([H:27])[O:14][H:28])([H:29])[O:16][H:30])[H:18]
[H:22][c:5]1[c:6]([c:7]([c:13]([c:14]([c:4]1[C:3]([H:20])([H:21])[C@@:2]([H:19])([C:15](=[O:16])[H:31])[N:1]([H:17])[H:18])[H:30])[H:29])[O:8][Si:9]([C:10]([H:24])([H:25])[H:26])([O:11][H:27])[O:12][H:28])[H:23],[H:22][c:5]1[c:6]([c:7]([c:13]([c:14]([c:4]1[C:3]([H:20])([H:21])[C@:2]([H:19])([C:15](=[O:16])[H:31])[N:1]([H:17])[H:18])[H:30])[H:29])[O:8][Si:9]([C:10]([H:24])([H:25])[H:26])([O:11][H:27])[O:12][H:28])[H:23]
[H:21][C:7]1([C:8]([S:9][C:10]([C:4]([C:5]([S:6]1)([H:19])[H:20])([H:18])[N+:3]([H:16])([H:17])[C:2]([H:14])([H:15])[C:1]([H:11])([H:12])[H:13])([H:25])[H:26])([H:23])[H:24])[H:22],[H:21][C:7]1([C:8]([S:9][C:10]([C:4]([C:5]([S:6]1)([H:19])[H:20])([H:18])[N+:3]([H:16])([H:17])[C:2]([H:14])([H:15])[C:1]([H:11])([H:12])[H:13])([H:25])[H:26])([H:23])[H:24])[H:22]
[H:36][c:16]1[c:15]([c:14]([c:13]([c:18]([c:17]1[H:37])[H:38])[C:12]([H:32])([H:33])[C@:3]([C:1](=[O:2])[H:19])([C:5]([H:22])([H:23])[C:6]([H:24])([H:25])[C:7]([H:26])([H:27])[C:8]([H:28])([H:29])[B:9]([O:10][H:30])[O:11][H:31])[N:4]([H:20])[H:21])[H:34])[H:35],[H:36][c:16]1[c:15]([c:14]([c:13]([c:18]([c:17]1[H:37])[H:38])[C:12]([H:32])([H:33])[C@:3]([C:1](=[O:2])[H:19])([C:5]([H:22])([H:23])[C:6]([H:24])([H:25])[C:7]([H:26])([H:27])[C:8]([H:28])([H:29])[B:9]([O:10][H:30])[O:11][H:31])[N:4]([H:20])[H:21])[H:34])[H:35]
[H:16][C:3]1=[C:2]([N:6]=[C:5]([S:4]1)[C:7]([H:17])([H:18])[C:8]2=[N:12][N:11]=[C:10]([N:9]2[H:19])[H:20])[C:1]([H:13])([H:14])[H:15],[H:16][C:3]1=[C:2]([N:6]=[C:5]([S:4]1)[C:7]([H:17])([H:18])[C:8]2=[N:12][N:11]=[C:10]([N:9]2[H:19])[H:20])[C:1]([H:13])([H:14])[H:15]
[H:23][c:9]1[c:8]([c:7]([c:6]([c:11]([c:10]1[H:24])[H:25])[C:5]([H:19])([H:20])[O:4][C:3]([H:17])([H:18])[C:2]([H:15])([H:16])[C:1]([H:12])([H:13])[H:14])[H:21])[H:22],[H:23][c:9]1[c:8]([c:7]([c:6]([c:11]([c:10]1[H:24])[H:25])[C:5]([H:19])([H:20])[O:4][C:3]([H:17])([H:18])[C:2]([H:15])([H:16])[C:1]([H:12])([H:13])[H:14])[H:21])[H:22]
[H:17][C:10]1=[N:9][N:8]=[C:7]([O:11]1)[S:6][C:3](=[C:2]([C:1]([H:13])([H:14])[H:15])[O:12][H:18])[C:4](=[O:5])[H:16],[H:17][C:10]1=[N:9][N:8]=[C:7]([O:11]1)[S:6][C:3](=[C:2]([C:1]([H:13])([H:14])[H:15])[O:12][H:18])[C:4](=[O:5])[H:16]
[H:25][C:9]1([C:8]([C:7]([C:12]([N:11]([C:10]1([H:27])[H:28])[H:29])([H:30])[H:31])([H:22])[C:5](=[O:6])[C:4]([H:20])([H:21])[C:2]([H:16])([C:1]([H:13])([H:14])[H:15])[C:3]([H:17])([H:18])[H:19])([H:23])[H:24])[H:26],[H:25][C:9]1([C:8]([C:7]([C:12]([N:11]([C:10]1([H:27])[H:28])[H:29])([H:30])[H:31])([H:22])[C:5](=[O:6])[C:4]([H:20])([H:21])[C:2]([H:16])([C:1]([H:13])([H:14])[H:15])[C:3]([H:17])([H:18])[H:19])([H:23])[H:24])[H:26]
[H:10][C:1]([H:11])([H:12])[C:2]([H:13])([H:14])[C:3]([H:15])([H:16])[C:4]([H:17])([H:18])[C:5]([H:19])([H:20])[C:6]([H:21])([H:22])[C:7]([H:23])([H:24])[C:8]([H:25])([H:26])[F:9],[H:10][C:1]([H:11])([H:12])[C:2]([H:13])([H:14])[C:3]([H:15])([H:16])[C:4]([H:17])([H:18])[C:5]([H:19])([H:20])[C:6]([H:21])([H:22])[C:7]([H:23])([H:24])[C:8]([H:25])([H:26])[F:9]
[H:11][C:2](=[O:3])[C:1]([H:9])([H:10])[P:4](=[O:5])([C:6]([H:12])([H:13])[O:7][H:14])[O-:8],[H:11][C:2](=[O:3])[C:1]([H:9])([H:10])[P:4](=[O:5])([C:6]([H:12])([H:13])[O:7][H:14])[O-:8]
[H:10][C:1]1=[C:2]([C:3]([N:4]=[C:5]1[H:13])([H:12])[C:6](=[O:7])[C:8]([H:14])([H:15])[O:9][H:16])[H:11],[H:10][C:1]1=[C:2]([C:3]([N:4]=[C:5]1[H:13])([H:12])[C:6](=[O:7])[C:8]([H:14])([H:15])[O:9][H:16])[H:11]
[H:20][C:10](=[O:11])[C:6]1=[C:5]([C:4]([N:9]([C:7]1=[O:8])[H:19])([H:18])[C:3]([H:16])([H:17])[O:2][C:1]([H:13])([H:14])[H:15])[O:12][H:21],[H:20][C:10](=[O:11])[C:6]1=[C:5]([C:4]([N:9]([C:7]1=[O:8])[H:19])([H:18])[C:3]([H:16])([H:17])[O:2][C:1]([H:13])([H:14])[H:15])[O:12][H:21]
[H:9][C:1]([H:10])([H:11])[C:2]([H:12])([C:3]([C:4]([H:13])([H:14])[H:15])([C:5]([H:16])([H:17])[H:18])[O:6][C:7]([H:19])([H:20])[H:21])[O:8][H:22],[H:9][C:1]([H:10])([H:11])[C:2]([H:12])([C:3]([C:4]([H:13])([H:14])[H:15])([C:5]([H:16])([H:17])[H:18])[O:6][C:7]([H:19])([H:20])[H:21])[O:8][H:22]
[H:17][C:1](=[O:2])[C@:3]1([C@:15]([C@@:13]([C@:11]([C@:5]([O:4]1)([H:19])[O:6][Si:7]([C:8]([H:20])([H:21])[H:22])([O:9][H:23])[O:10][H:24])([H:25])[O:12][H:26])([H:27])[O:14][H:28])([H:29])[O:16][H:30])[H:18],[H:17][C:1](=[O:2])[C@:3]1([C@@:15]([C@:13]([C@:11]([C@:5]([O:4]1)([H:19])[O:6][Si:7]([C:8]([H:20])([H:21])[H:22])([O:9][H:23])[O:10][H:24])([H:25])[O:12][H:26])([H:27])[O:14][H:28])([H:29])[O:16][H:30])[H:18]
[O:1]=[C:2]([C@@:3]1([H:12])[C@:4]([C:5](=[O:6])[H:14])([H:13])[C@:7]1([I:8])[C:9]([I:10])([H:15])[H:16])[H:11],[O:1]=[C:2]([C@:3]1([H:12])[C@:4]([C:5](=[O:6])[H:14])([H:13])[C:7]1([I:8])[C:9]([I:10])([H:15])[H:16])[H:11]
[H:10][C:1](=[C:2]([H:12])[C:3]1([C:4]([C:5]([C:6]([C:7]1([H:19])[O:8][H:20])([H:18])[O:9][H:21])([H:16])[H:17])([H:14])[H:15])[H:13])[H:11],[H:10][C:1](=[C:2]([H:12])[C:3]1([C:4]([C:5]([C:6]([C:7]1([H:19])[O:8][H:20])([H:18])[O:9][H:21])([H:16])[H:17])([H:14])[H:15])[H:13])[H:11]
[H:15][C:2]([H:16])([C:3]1=[N:7][N:6]([C:5](=[C:4]1[C:9]#[N:10])[N:8]([H:18])[H:19])[H:17])[C:1]([H:13])([H:14])[C:11]([H:20])([H:21])[N:12]([H:22])[H:23],[H:15][C:2]([H:16])([C:3]1=[N:7][N:6]([C:5](=[C:4]1[C:9]#[N:10])[N:8]([H:18])[H:19])[H:17])[C:1]([H:13])([H:14])[C:11]([H:20])([H:21])[N:12]([H:22])[H:23]
[H:17][C:1](=[O:2])[C@@:3]1([C@@:15]([C@:13]([C@:11]([C@@:5]([O:4]1)([H:19])[O:6][Si:7]([C:8]([H:20])([H:21])[H:22])([O:9][H:23])[O:10][H:24])([H:25])[O:12][H:26])([H:27])[O:14][H:28])([H:29])[O:16][H:30])[H:18],[H:17][C:1](=[O:2])[C@:3]1([C@@:15]([C@:13]([C@:11]([C@:5]([O:4]1)([H:19])[O:6][Si:7]([C:8]([H:20])([H:21])[H:22])([O:9][H:23])[O:10][H:24])([H:25])[O:12][H:26])([H:27])[O:14][H:28])([H:29])[O:16][H:30])[H:18]
[H:16][C@:5]([C:7]#[N:8])([C:6]([H:17])([H:18])[H:19])[Si:2]([C:3]([H:10])([H:11])[H:12])([C:4]([H:13])([H:14])[H:15])[O:1][H:9],[H:16][C@:5]([C:7]#[N:8])([C:6]([H:17])([H:18])[H:19])[Si:2]([C:3]([H:10])([H:11])[H:12])([C:4]([H:13])([H:14])[H:15])[O:1][H:9]
[H:25][C:8]1([C:9]([N+:7]1([H:24])[C:4]([C:5]([H:18])([H:19])[H:20])([C:6]([H:21])([H:22])[H:23])[C:3]([H:16])([H:17])[C:2]([H:15])([C:1]([H:12])([H:13])[H:14])[N:10]=[N:11][H:29])([H:27])[H:28])[H:26],[H:25][C:8]1([C:9]([N+:7]1([H:24])[C:4]([C:5]([H:18])([H:19])[H:20])([C:6]([H:21])([H:22])[H:23])[C:3]([H:16])([H:17])[C:2]([H:15])([C:1]([H:12])([H:13])[H:14])[N:10]=[N:11][H:29])([H:27])[H:28])[H:26]
[H:14][C:2]1=[C:3]([C:4]([C:5]([O:6][C:1]1([H:12])[H:13])([H:17])[C:7]([H:18])([H:19])[O:8][H:20])([H:16])[N:9]=[N+:10]=[N-:11])[H:15],[H:14][C:2]1=[C:3]([C:4]([C:5]([O:6][C:1]1([H:12])[H:13])([H:17])[C:7]([H:18])([H:19])[O:8][H:20])([H:16])[N:9]=[N+:10]=[N-:11])[H:15]
[H:16][C:4]1=[C:5]([N:6]=[N:7][N:3]1[C:2]([H:14])([H:15])[C:1]([H:11])([H:12])[H:13])[C:8]([H:17])([H:18])[C:9](=[O:10])[H:19],[H:16][C:4]1=[C:5]([N:6]=[N:7][N:3]1[C:2]([H:14])([H:15])[C:1]([H:11])([H:12])[H:13])[C:8]([H:17])([H:18])[C:9](=[O:10])[H:19]
[H:18][C:5]1=[C:4]([N:3]([N:7]=[C:6]1[H:19])[C:2]([H:16])([H:17])[C:1]([H:13])([H:14])[H:15])[S:8][C:9]([H:20])([H:21])[C:10](=[O:11])[O-:12],[H:18][C:5]1=[C:4]([N:3]([N:7]=[C:6]1[H:19])[C:2]([H:16])([H:17])[C:1]([H:13])([H:14])[H:15])[S:8][C:9]([H:20])([H:21])[C:10](=[O:11])[O-:12]
[O:1]=[C:2](/[C:3](=[N:4]\[O:5][H:14])[H:13])[C@@:6]1([H:15])[C:7]([H:16])([H:17])[C:8]([H:18])([H:19])[C:9]([H:20])([H:21])[C:10]([H:22])([H:23])[C@@:11]1([I:12])[H:24],[O:1]=[C:2](/[C:3](=[N:4]/[O:5][H:14])[H:13])[C@@:6]1([H:15])[C:7]([H:16])([H:17])[C:8]([H:18])([H:19])[C:9]([H:20])([H:21])[C:10]([H:22])([H:23])[C@@:11]1([I:12])[H:24]
[H:17][C:5]1([C:6]([C:7]([C:4]1([H:16])[O:3][C:2]([H:14])([H:15])[C:1]([H:11])([H:12])[H:13])([H:20])[S:8][C:9]([H:21])([H:22])[H:23])([H:19])[N:10]([H:24])[H:25])[H:18],[H:17][C:5]1([C:6]([C:7]([C:4]1([H:16])[O:3][C:2]([H:14])([H:15])[C:1]([H:11])([H:12])[H:13])([H:20])[S:8][C:9]([H:21])([H:22])[H:23])([H:19])[N:10]([H:24])[H:25])[H:18]
[H:29][c:11]1[c:12]([c:13]2[c:7]([c:8]([c:10]1[H:28])[C:9]([H:25])([H:26])[H:27])[O:6][C:5]([C@@:4]2([H:22])[C:3]([H:20])([H:21])[C@:2]([H:19])([B:14]([O:15][H:31])[O:16][H:32])[N:1]([H:17])[H:18])([H:23])[H:24])[H:30],[H:29][c:11]1[c:12]([c:13]2[c:7]([c:8]([c:10]1[H:28])[C:9]([H:25])([H:26])[H:27])[O:6][C:5]([C@:4]2([H:22])[C:3]([H:20])([H:21])[C@:2]([H:19])([B:14]([O:15][H:31])[O:16][H:32])[N:1]([H:17])[H:18])([H:23])[H:24])[H:30]
[H:16][C:8](=[O:9])[C:7]([H:15])([C:4]1=[N:3][C:2](=[N:6][S:5]1)[C:1]([H:12])([H:13])[H:14])[C:10](=[O:11])[H:17],[H:16][C:8](=[O:9])[C:7]([H:15])([C:4]1=[N:3][C:2](=[N:6][S:5]1)[C:1]([H:12])([H:13])[H:14])[C:10](=[O:11])[H:17]
[C:1]1([H:8])([H:9])[C:2]([H:10])=[C:3]([H:11])[C:4]([H:12])=[C:5]([H:13])[C@@:6]1([I:7])[H:14],[C:1]1([H:8])([H:9])[C:2]([H:10])=[C:3]([H:11])[C:4]([H:12])=[C:5]([H:13])[C@:6]1([I:7])[H:14]
[H:19][c:6]1[c:5]([n:10][c:9]([n:8][n:7]1)[S:11][C:12]([H:20])([H:21])[H:22])[C:3](=[N:4][H:18])[C:2]([H:16])([H:17])[C:1]([H:13])([H:14])[H:15],[H:19][c:6]1[c:5]([n:10][c:9]([n:8][n:7]1)[S:11][C:12]([H:20])([H:21])[H:22])[C:3](=[N:4][H:18])[C:2]([H:16])([H:17])[C:1]([H:13])([H:14])[H:15]
[H:22][C:7](=[O:8])[C:5]1([C:4]([C:3]2([C:6]1([H:20])[H:21])[C:2]([C:1]([C:10]([O:9]2)([H:23])[C:11]([H:24])([H:25])[N:12]([H:26])[H:27])([H:13])[H:14])([H:15])[H:16])([H:17])[H:18])[H:19],[H:22][C:7](=[O:8])[C:5]1([C:4]([C:3]2([C:6]1([H:20])[H:21])[C:2]([C:1]([C:10]([O:9]2)([H:23])[C:11]([H:24])([H:25])[N:12]([H:26])[H:27])([H:13])[H:14])([H:15])[H:16])([H:17])[H:18])[H:19]
[H:9][C:1]([H:10])([H:11])[C:2]([H:12])([H:13])[C:3]([H:14])([C:4]([H:15])([H:16])[H:17])[C:5]([H:18])([H:19])[N+:6]([H:20])([H:21])[C:7]([H:22])([H:23])[C:8]([H:24])([H:25])[H:26],[H:9][C:1]([H:10])([H:11])[C:2]([H:12])([H:13])[C:3]([H:14])([C:4]([H:15])([H:16])[H:17])[C:5]([H:18])([H:19])[N+:6]([H:20])([H:21])[C:7]([H:22])([H:23])[C:8]([H:24])([H:25])[H:26]
[H:23][C:8](=[O:9])[C:7]([H:22])([C:6]([H:21])([C:5]([H:19])([H:20])[C:4]([H:17])([H:18])[S:3][C:2]([H:15])([H:16])[C:1]([H:12])([H:13])[H:14])[N+:11]([H:25])([H:26])[H:27])[O:10][H:24],[H:23][C:8](=[O:9])[C:7]([H:22])([C:6]([H:21])([C:5]([H:19])([H:20])[C:4]([H:17])([H:18])[S:3][C:2]([H:15])([H:16])[C:1]([H:12])([H:13])[H:14])[N+:11]([H:25])([H:26])[H:27])[O:10][H:24]
[H:23][C:7]1=[C:6]([C:5]([C:4]([C:3]1([H:18])[C:2]([H:16])([H:17])[C:1]([H:13])([H:14])[H:15])([H:19])[H:20])([H:21])[H:22])[C:8]([C:9]([H:24])([H:25])[O:10][H:26])([F:11])[F:12],[H:23][C:7]1=[C:6]([C:5]([C:4]([C:3]1([H:18])[C:2]([H:16])([H:17])[C:1]([H:13])([H:14])[H:15])([H:19])[H:20])([H:21])[H:22])[C:8]([C:9]([H:24])([H:25])[O:10][H:26])([F:11])[F:12]
[H:16][c:5]1[c:6]([c:7]([n:8][c:3]([n:4]1)[S:2][C:1]([H:13])([H:14])[H:15])[C:9]([H:17])([H:18])[C:10]([H:19])([H:20])[O:11][H:21])[Br:12],[H:16][c:5]1[c:6]([c:7]([n:8][c:3]([n:4]1)[S:2][C:1]([H:13])([H:14])[H:15])[C:9]([H:17])([H:18])[C:10]([H:19])([H:20])[O:11][H:21])[Br:12]
[C:1]([C:2]([O:3][C@:4]([C:5]([H:13])([H:14])[H:15])([O:6][H:16])[I:7])([H:11])[H:12])([H:8])([H:9])[H:10],[C:1]([C:2]([O:3][C@@:4]([C:5]([H:13])([H:14])[H:15])([O:6][H:16])[I:7])([H:11])[H:12])([H:8])([H:9])[H:10]
[H:11][C:1]1=[C:5]([S:4][C:3](=[C:2]1[Br:10])[H:12])[C:6]([H:13])([H:14])[C:7](=[O:8])[N:9]([H:15])[H:16],[H:11][C:1]1=[C:5]([S:4][C:3](=[C:2]1[Br:10])[H:12])[C:6]([H:13])([H:14])[C:7](=[O:8])[N:9]([H:15])[H:16]
[O:1]=[C:2]1[N:3]([H:13])[C:4](=[O:5])[C@:6]2([H:14])[C:7]([H:15])([H:16])[C:8]([I:9])=[C:10]([H:17])[C:11]([H:18])([H:19])[C@@:12]12[H:20],[O:1]=[C:2]1[N:3]([H:13])[C:4](=[O:5])[C@@:6]2([H:14])[C:7]([H:15])([H:16])[C:8]([I:9])=[C:10]([H:17])[C:11]([H:18])([H:19])[C@@:12]12[H:20]
[H:21][C:7]1([C:8]([C:9]([O:10][C:5]([C:6]1([H:19])[H:20])([H:18])[O:4][C:3]([H:16])([H:17])[C:2]([H:14])([H:15])[C:1]([H:11])([H:12])[H:13])([H:25])[H:26])([H:23])[H:24])[H:22],[H:21][C:7]1([C:8]([C:9]([O:10][C:5]([C:6]1([H:19])[H:20])([H:18])[O:4][C:3]([H:16])([H:17])[C:2]([H:14])([H:15])[C:1]([H:11])([H:12])[H:13])([H:25])[H:26])([H:23])[H:24])[H:22]
[H:22][C:7]1([C:6]([C:5]([C:4]([C:9]([C:8]1([H:24])[H:25])([H:26])[H:27])([C:3]([H:16])([H:17])[C:2]([H:15])([C:1]([H:12])([H:13])[H:14])[O:11][H:29])[O:10][H:28])([H:18])[H:19])([H:20])[H:21])[H:23],[H:22][C:7]1([C:6]([C:5]([C:4]([C:9]([C:8]1([H:24])[H:25])([H:26])[H:27])([C:3]([H:16])([H:17])[C:2]([H:15])([C:1]([H:12])([H:13])[H:14])[O:11][H:29])[O:10][H:28])([H:18])[H:19])([H:20])[H:21])[H:23]
[H:9][C:1]([H:10])([H:11])[O:2][C:3]([H:12])([H:13])[C:4]([H:14])([H:15])[Si:5]([C:6]([H:16])([H:17])[H:18])([C:7]([H:19])([H:20])[H:21])[C:8]([H:22])([H:23])[H:24],[H:9][C:1]([H:10])([H:11])[O:2][C:3]([H:12])([H:13])[C:4]([H:14])([H:15])[Si:5]([C:6]([H:16])([H:17])[H:18])([C:7]([H:19])([H:20])[H:21])[C:8]([H:22])([H:23])[H:24]
[H:18][c:7]1[c:6]([c:4]([c:3]([c:9]2[c:8]1[C@:15]3([C@:13]([C:14]3([H:21])[H:22])([B:11]([O:10]2)[O:12][H:19])[H:20])[H:23])[C:1](=[O:2])[H:16])[F:5])[H:17],[H:18][c:7]1[c:6]([c:4]([c:3]([c:9]2[c:8]1[C@@:15]3([C@@:13]([C:14]3([H:21])[H:22])([B:11]([O:10]2)[O:12][H:19])[H:20])[H:23])[C:1](=[O:2])[H:16])[F:5])[H:17]
[H:16][C:3](=[O:4])[C:2]([C:5]1([C:10](=[O:11])[C:9]([O:8][C:7]([C:6]1([H:18])[H:19])([H:20])[H:21])([H:22])[H:23])[H:17])([C:1]([H:13])([H:14])[H:15])[O:12][H:24],[H:16][C:3](=[O:4])[C:2]([C:5]1([C:10](=[O:11])[C:9]([O:8][C:7]([C:6]1([H:18])[H:19])([H:20])[H:21])([H:22])[H:23])[H:17])([C:1]([H:13])([H:14])[H:15])[O:12][H:24]
[H:13][C:1]1=[C:5]([S:4][C:3](=[C:2]1[H:14])[C:6]([H:16])([C:7]2([C:8]([C:9]([C:10]([N+:11]2([H:24])[H:25])([H:22])[H:23])([H:20])[H:21])([H:18])[H:19])[H:17])[N:12]([H:26])[H:27])[H:15],[H:13][C:1]1=[C:5]([S:4][C:3](=[C:2]1[H:14])[C:6]([H:16])([C:7]2([C:8]([C:9]([C:10]([N+:11]2([H:24])[H:25])([H:22])[H:23])([H:20])[H:21])([H:18])[H:19])[H:17])[N:12]([H:26])[H:27])[H:15]
[N:1]([C@:2]([O:3][H:16])([C:4](=[O:5])[c:6]1[c:7]([H:17])[c:8]([H:18])[c:9]([I:10])[c:11]([H:19])[c:12]1[H:20])[H:15])([H:13])[H:14],[N:1]([C@@:2]([O:3][H:16])([C:4](=[O:5])[c:6]1[c:7]([H:17])[c:8]([H:18])[c:9]([I:10])[c:11]([H:19])[c:12]1[H:20])[H:15])([H:13])[H:14]
[H:16][C:4]1=[C:3]([C:8](=[O:9])[C:7]([C:6]([C:5]1([H:17])[H:18])([C:10]([H:21])([H:22])[O:11][H:23])[O:12][H:24])([H:19])[H:20])[O:2][C:1]([H:13])([H:14])[H:15],[H:16][C:4]1=[C:3]([C:8](=[O:9])[C:7]([C:6]([C:5]1([H:17])[H:18])([C:10]([H:21])([H:22])[O:11][H:23])[O:12][H:24])([H:19])[H:20])[O:2][C:1]([H:13])([H:14])[H:15]
[H:17][c:6]1[c:5]([c:4]([c:12]([c:11]([c:7]1[B:8]([O:9][H:18])[O:10][H:19])[H:20])[H:21])[C:3]([H:14])([H:15])[C:1](=[O:2])[H:13])[H:16],[H:17][c:6]1[c:5]([c:4]([c:12]([c:11]([c:7]1[B:8]([O:9][H:18])[O:10][H:19])[H:20])[H:21])[C:3]([H:14])([H:15])[C:1](=[O:2])[H:13])[H:16]
[H:9][C:1]1([C:2]([O:3][C:4]([O:5]1)([H:12])[C:6]([H:13])([H:14])[O:7][H:15])([H:11])[O:8][H:16])[H:10],[H:9][C:1]1([C:2]([O:3][C:4]([O:5]1)([H:12])[C:6]([H:13])([H:14])[O:7][H:15])([H:11])[O:8][H:16])[H:10]
[H:13][C:3]1([C:2]([O:4]1)([C:1]([H:10])([H:11])[H:12])[C:5]([H:15])([C:6](=[O:7])[N:8]([H:16])[H:17])[O:9][H:18])[H:14],[H:13][C:3]1([C:2]([O:4]1)([C:1]([H:10])([H:11])[H:12])[C:5]([H:15])([C:6](=[O:7])[N:8]([H:16])[H:17])[O:9][H:18])[H:14]
[H:24][C:11]1=[N:10][N:9]([C:8](=[N:12]1)[C:5]2([C:4]([C:3]([C:7]([N:6]2[H:20])([H:21])[H:22])([H:16])[O:2][C:1]([H:13])([H:14])[H:15])([H:17])[H:18])[H:19])[H:23],[H:24][C:11]1=[N:10][N:9]([C:8](=[N:12]1)[C:5]2([C:4]([C:3]([C:7]([N:6]2[H:20])([H:21])[H:22])([H:16])[O:2][C:1]([H:13])([H:14])[H:15])([H:17])[H:18])[H:19])[H:23]
[H:13][C:1]1=[C:2]([S:3][C:4](=[N:5]1)[S:6](=[O:7])(=[O:8])[C:9]([H:15])([H:16])[C:10]([H:17])([H:18])[C:11]([H:19])([H:20])[F:12])[H:14],[H:13][C:1]1=[C:2]([S:3][C:4](=[N:5]1)[S:6](=[O:7])(=[O:8])[C:9]([H:15])([H:16])[C:10]([H:17])([H:18])[C:11]([H:19])([H:20])[F:12])[H:14]
[H:13][C:2]([H:14])([C:3]1=[N:8][N:7]([C:5](=[O:6])[N:4]1[H:15])[H:16])[C:1]([H:11])([H:12])[C:9]([H:17])([H:18])[N+:10]([H:19])([H:20])[H:21],[H:13][C:2]([H:14])([C:3]1=[N:8][N:7]([C:5](=[O:6])[N:4]1[H:15])[H:16])[C:1]([H:11])([H:12])[C:9]([H:17])([H:18])[N+:10]([H:19])([H:20])[H:21]
[H:12][C:2]1([C:1]([N+:5]([C:4]([N:3]1[H:14])([H:15])[C:6]([H:18])([C:7]([H:19])([H:20])[O:8][H:21])[O:9][H:22])([H:16])[H:17])([H:10])[H:11])[H:13],[H:12][C:2]1([C:1]([N+:5]([C:4]([N:3]1[H:14])([H:15])[C:6]([H:18])([C:7]([H:19])([H:20])[O:8][H:21])[O:9][H:22])([H:16])[H:17])([H:10])[H:11])[H:13]
[H:13][c:1]1[c:2]([n:3][c:4]([c:5]([n:6]1)[H:15])[C:7]([H:16])([H:17])[C:8]2([C:9]([C:10]([N+:11]([C:12]2([H:25])[H:26])([H:23])[H:24])([H:21])[H:22])([H:19])[H:20])[H:18])[H:14],[H:13][c:1]1[c:2]([n:3][c:4]([c:5]([n:6]1)[H:15])[C:7]([H:16])([H:17])[C:8]2([C:9]([C:10]([N+:11]([C:12]2([H:25])[H:26])([H:23])[H:24])([H:21])[H:22])([H:19])[H:20])[H:18])[H:14]
[H:9][C:1]([H:10])([H:11])[S:2](=[O:3])(=[O:4])[O:5][C:6]([H:12])([H:13])[C:7]([H:14])([H:15])[Cl:8],[H:9][C:1]([H:10])([H:11])[S:2](=[O:3])(=[O:4])[O:5][C:6]([H:12])([H:13])[C:7]([H:14])([H:15])[Cl:8]
[H:13][c:1]1[c:2]([c:3]([c:4]([c:5]([c:6]1[N:7]([H:17])[C:8](=[S:9])[N:10]([H:18])[N:11]([H:19])[H:20])[H:16])[H:15])[Cl:12])[H:14],[H:13][c:1]1[c:2]([c:3]([c:4]([c:5]([c:6]1[N:7]([H:17])[C:8](=[S:9])[N:10]([H:18])[N:11]([H:19])[H:20])[H:16])[H:15])[Cl:12])[H:14]
[H:13][C:1]([H:14])([H:15])[C:2]([H:16])([H:17])[C:3]([H:18])([H:19])[C:4]([H:20])([H:21])[P:5](=[O:6])([C:7]([H:22])([H:23])[P:8](=[O:9])([O-:10])[O-:11])[O-:12],[H:13][C:1]([H:14])([H:15])[C:2]([H:16])([H:17])[C:3]([H:18])([H:19])[C:4]([H:20])([H:21])[P:5](=[O:6])([C:7]([H:22])([H:23])[P:8](=[O:9])([O-:10])[O-:11])[O-:12]
[H:13][C:1]1=[C:5]([O:4][C:3](=[C:2]1[H:14])[C:6]([H:16])([C:7]2=[N:8][C:9](=[C:10]([S:11]2)[H:18])[H:17])[O:12][H:19])[H:15],[H:13][C:1]1=[C:5]([O:4][C:3](=[C:2]1[H:14])[C:6]([H:16])([C:7]2=[N:8][C:9](=[C:10]([S:11]2)[H:18])[H:17])[O:12][H:19])[H:15]
[H:15][C:4](=[O:5])[C:3]([H:14])([C:6]1([C:7]([C:8]([O:9][C:10]1([H:21])[H:22])([H:19])[H:20])([H:17])[H:18])[H:16])[O:2][C:1]([H:11])([H:12])[H:13],[H:15][C:4](=[O:5])[C:3]([H:14])([C:6]1([C:7]([C:8]([O:9][C:10]1([H:21])[H:22])([H:19])[H:20])([H:17])[H:18])[H:16])[O:2][C:1]([H:11])([H:12])[H:13]
[H:10][C:1]([H:11])([C:2]([H:12])([H:13])[S:3][C:4]([H:14])([H:15])[C:5]([F:6])([F:7])[F:8])[N+:9]([H:16])([H:17])[H:18],[H:10][C:1]([H:11])([C:2]([H:12])([H:13])[S:3][C:4]([H:14])([H:15])[C:5]([F:6])([F:7])[F:8])[N+:9]([H:16])([H:17])[H:18]
[H:12][C:1]1([C:2]([C:3]([C:4]([C:5]1([H:19])[H:20])([H:18])[S:6][C:7]([H:21])([H:22])[C:8]([H:23])([H:24])[C:9](=[O:10])[O-:11])([H:16])[H:17])([H:14])[H:15])[H:13],[H:12][C:1]1([C:2]([C:3]([C:4]([C:5]1([H:19])[H:20])([H:18])[S:6][C:7]([H:21])([H:22])[C:8]([H:23])([H:24])[C:9](=[O:10])[O-:11])([H:16])[H:17])([H:14])[H:15])[H:13]
[H:11][C:1]([H:12])([H:13])[C:2]([H:14])([H:15])[C:3]([H:16])([C:4]([H:17])([H:18])[H:19])[C:5]([H:20])([C:6]([C:7]([H:21])([H:22])[H:23])([C:8]([H:24])([H:25])[H:26])[O:9][H:27])[N:10]([H:28])[H:29],[H:11][C:1]([H:12])([H:13])[C:2]([H:14])([H:15])[C:3]([H:16])([C:4]([H:17])([H:18])[H:19])[C:5]([H:20])([C:6]([C:7]([H:21])([H:22])[H:23])([C:8]([H:24])([H:25])[H:26])[O:9][H:27])[N:10]([H:28])[H:29]
[H:12][C:1]1([C:2]([N:3]([C:4]([C:5]([C:6]1([H:20])[N+:7]([H:21])([H:22])[H:23])([H:18])[H:19])([H:16])[H:17])[C:8]([H:24])([H:25])[C:9]([H:26])([F:10])[F:11])([H:14])[H:15])[H:13],[H:12][C:1]1([C:2]([N:3]([C:4]([C:5]([C:6]1([H:20])[N+:7]([H:21])([H:22])[H:23])([H:18])[H:19])([H:16])[H:17])[C:8]([H:24])([H:25])[C:9]([H:26])([F:10])[F:11])([H:14])[H:15])[H:13]
[H:10][C:1]([H:11])([H:12])[C:2]([H:13])([H:14])[C:3]([C:4]([H:15])([H:16])[C:5]([H:17])([H:18])[H:19])([C:6]([H:20])([H:21])[N+:7]([H:22])([H:23])[H:24])[O:8][C:9]([H:25])([H:26])[H:27],[H:10][C:1]([H:11])([H:12])[C:2]([H:13])([H:14])[C:3]([C:4]([H:15])([H:16])[C:5]([H:17])([H:18])[H:19])([C:6]([H:20])([H:21])[N+:7]([H:22])([H:23])[H:24])[O:8][C:9]([H:25])([H:26])[H:27]
[H:11][C:1]([H:12])([H:13])[C:2]([C:3]([H:14])([H:15])[H:16])([N:4]([H:17])[H:18])[P:5](=[O:6])([O:7][C:8]([H:19])([H:20])[H:21])[O:9][C:10]([H:22])([H:23])[H:24],[H:11][C:1]([H:12])([H:13])[C:2]([C:3]([H:14])([H:15])[H:16])([N:4]([H:17])[H:18])[P:5](=[O:6])([O:7][C:8]([H:19])([H:20])[H:21])[O:9][C:10]([H:22])([H:23])[H:24]
[H:19][C:5]([H:20])([H:21])[Si:4]([C:6]([H:22])([H:23])[H:24])([C:7]([H:25])([H:26])[H:27])[O:3][Si:2]([O:1][H:18])([O:8][Si:9]([C:10]([H:28])([H:29])[H:30])([C:11]([H:31])([H:32])[H:33])[C:12]([H:34])([H:35])[H:36])[O:13][Si:14]([C:15]([H:37])([H:38])[H:39])([C:16]([H:40])([H:41])[H:42])[C:17]([H:43])([H:44])[H:45],[H:19][C:5]([H:20])([H:21])[Si:4]([C:6]([H:22])([H:23])[H:24])([C:7]([H:25])([H:26])[H:27])[O:3][Si:2]([O:1][H:18])([O:8][Si:9]([C:10]([H:28])([H:29])[H:30])([C:11]([H:31])([H:32])[H:33])[C:12]([H:34])([H:35])[H:36])[O:13][Si:14]([C:15]([H:37])([H:38])[H:39])([C:16]([H:40])([H:41])[H:42])[C:17]([H:43])([H:44])[H:45]
[H:13][C:1]1([C:2]([O:3][C:4]([C:5]1([H:19])[C:6]2=[N:10][C:9](=[N:8][N:7]2[H:20])[C:11]([H:21])([H:22])[N+:12]([H:23])([H:24])[H:25])([H:17])[H:18])([H:15])[H:16])[H:14],[H:13][C:1]1([C:2]([O:3][C:4]([C:5]1([H:19])[C:6]2=[N:10][C:9](=[N:8][N:7]2[H:20])[C:11]([H:21])([H:22])[N+:12]([H:23])([H:24])[H:25])([H:17])[H:18])([H:15])[H:16])[H:14]
[H:13][C:5]([H:14])([H:15])[Si:4]([C:3]([H:11])([H:12])[C:2]([H:9])([H:10])[O:1][H:8])([Cl:6])[Cl:7],[H:13][C:5]([H:14])([H:15])[Si:4]([C:3]([H:11])([H:12])[C:2]([H:9])([H:10])[O:1][H:8])([Cl:6])[Cl:7]
[H:24][c:7]1[c:6]([n:11][c:10]([c:9]([n:8]1)[N:12]([H:26])[H:27])[H:25])[C:5]([H:22])([H:23])[C:4]([H:20])([H:21])[C:3]([H:18])([H:19])[C:2]([H:16])([H:17])[C:1]([H:13])([H:14])[H:15],[H:24][c:7]1[c:6]([n:11][c:10]([c:9]([n:8]1)[N:12]([H:26])[H:27])[H:25])[C:5]([H:22])([H:23])[C:4]([H:20])([H:21])[C:3]([H:18])([H:19])[C:2]([H:16])([H:17])[C:1]([H:13])([H:14])[H:15]
[H:16][C:5]1([C:6](=[O:7])[N:8]([C:4]1([H:15])[C:1]([H:10])([H:11])[C:2]([H:12])([H:13])[O:3][H:14])[H:17])[O:9][H:18],[H:16][C:5]1([C:6](=[O:7])[N:8]([C:4]1([H:15])[C:1]([H:10])([H:11])[C:2]([H:12])([H:13])[O:3][H:14])[H:17])[O:9][H:18]
[H:10][C:1]([H:11])([H:12])[C:2]([H:13])([H:14])[C:3]([H:15])([C:4]([H:16])([H:17])[H:18])[C:5]([H:19])([C:6]([H:20])([C:7]([H:21])([H:22])[H:23])[O:8][H:24])[N+:9]([H:25])([H:26])[H:27],[H:10][C:1]([H:11])([H:12])[C:2]([H:13])([H:14])[C:3]([H:15])([C:4]([H:16])([H:17])[H:18])[C:5]([H:19])([C:6]([H:20])([C:7]([H:21])([H:22])[H:23])[O:8][H:24])[N+:9]([H:25])([H:26])[H:27]
[H:11][C:1]1([C:2]([C:3]([N+:4]([C:5]([C:6]([C:7]1([H:22])[N+:8]([H:23])([H:24])[H:25])([H:20])[H:21])([H:18])[H:19])([H:16])[H:17])([H:15])[C:9]([H:26])([H:27])[Cl:10])([H:13])[H:14])[H:12],[H:11][C:1]1([C:2]([C:3]([N+:4]([C:5]([C:6]([C:7]1([H:22])[N+:8]([H:23])([H:24])[H:25])([H:20])[H:21])([H:18])[H:19])([H:16])[H:17])([H:15])[C:9]([H:26])([H:27])[Cl:10])([H:13])[H:14])[H:12]
[H:20][c:7]1[c:8]([c:9]([c:10]([c:11]([c:6]1[S:5][C:4]([H:18])([H:19])[C:3](=[C:2]([H:16])[C:1]([H:13])([H:14])[H:15])[H:17])[H:23])[H:22])[Cl:12])[H:21],[H:20][c:7]1[c:8]([c:9]([c:10]([c:11]([c:6]1[S:5][C:4]([H:18])([H:19])[C:3](=[C:2]([H:16])[C:1]([H:13])([H:14])[H:15])[H:17])[H:23])[H:22])[Cl:12])[H:21]
[H:19][C:1](=[O:2])[C@@:3]1([C@:12]([C@@:11]2([C@:6]([C:5]1([H:22])[H:23])([C@:7]([N:9]([C:10]2([H:30])[H:31])[H:29])([H:25])[C:8]([H:26])([H:27])[H:28])[H:24])[H:32])([H:33])[C:13]([H:34])([H:35])[C:14]([H:36])([H:37])[C:15]([H:38])([H:39])[B:16]([O:17][H:40])[O:18][H:41])[N:4]([H:20])[H:21],[H:19][C:1](=[O:2])[C@:3]1([C@:12]([C@:11]2([C@@:6]([C:5]1([H:22])[H:23])([C@:7]([N:9]([C:10]2([H:30])[H:31])[H:29])([H:25])[C:8]([H:26])([H:27])[H:28])[H:24])[H:32])([H:33])[C:13]([H:34])([H:35])[C:14]([H:36])([H:37])[C:15]([H:38])([H:39])[B:16]([O:17][H:40])[O:18][H:41])[N:4]([H:20])[H:21]
[H:16][C:3]1=[C:4]([O:5][C:6](=[C:2]1[C:1]([H:13])([H:14])[H:15])[C:7]([H:17])([H:18])[N+:8]([H:19])([H:20])[C:9]2([C:10]([C:11]2([H:24])[H:25])([H:22])[H:23])[H:21])[C:12]([H:26])([H:27])[H:28],[H:16][C:3]1=[C:4]([O:5][C:6](=[C:2]1[C:1]([H:13])([H:14])[H:15])[C:7]([H:17])([H:18])[N+:8]([H:19])([H:20])[C:9]2([C:10]([C:11]2([H:24])[H:25])([H:22])[H:23])[H:21])[C:12]([H:26])([H:27])[H:28]
[H:15][C:3]1=[C:4]([C:5]([C:6]([C:7]([C:8]([C:1]([C:2]1([H:13])[H:14])([H:11])[H:12])([H:22])[H:23])([H:21])[C:9]([H:24])([H:25])[N:10]([H:26])[H:27])([H:19])[H:20])([H:17])[H:18])[H:16],[H:15][C:3]1=[C:4]([C:5]([C:6]([C:7]([C:8]([C:1]([C:2]1([H:13])[H:14])([H:11])[H:12])([H:22])[H:23])([H:21])[C:9]([H:24])([H:25])[N:10]([H:26])[H:27])([H:19])[H:20])([H:17])[H:18])[H:16]
[H:11][C:1]1([C:2]([C:3]1([H:15])[C:4]([C:7]2([C:8]([C:9]2([H:24])[H:25])([H:22])[H:23])[H:21])([C:5]([H:16])([H:17])[N+:6]([H:18])([H:19])[H:20])[O:10][H:26])([H:13])[H:14])[H:12],[H:11][C:1]1([C:2]([C:3]1([H:15])[C:4]([C:7]2([C:8]([C:9]2([H:24])[H:25])([H:22])[H:23])[H:21])([C:5]([H:16])([H:17])[N+:6]([H:18])([H:19])[H:20])[O:10][H:26])([H:13])[H:14])[H:12]
[H:11][C:1]([H:12])([H:13])[C:2]([H:14])([H:15])[C:3]([C:4]([H:16])([H:17])[C:5]([H:18])([H:19])[H:20])([C:6]([H:21])([H:22])[N+:7]([H:23])([H:24])[H:25])[N:8]([H:26])[C:9]([H:27])([H:28])[C:10]([H:29])([H:30])[H:31],[H:11][C:1]([H:12])([H:13])[C:2]([H:14])([H:15])[C:3]([C:4]([H:16])([H:17])[C:5]([H:18])([H:19])[H:20])([C:6]([H:21])([H:22])[N+:7]([H:23])([H:24])[H:25])[N:8]([H:26])[C:9]([H:27])([H:28])[C:10]([H:29])([H:30])[H:31]
[H:26][C:8]1=[C:7]([O:11][C:10](=[C:9]1[H:27])[Cl:12])[C:6]([H:24])([H:25])[N+:5]([H:22])([H:23])[C:3]([H:18])([C:4]([H:19])([H:20])[H:21])[C:2]([H:16])([H:17])[C:1]([H:13])([H:14])[H:15],[H:26][C:8]1=[C:7]([O:11][C:10](=[C:9]1[H:27])[Cl:12])[C:6]([H:24])([H:25])[N+:5]([H:22])([H:23])[C:3]([H:18])([C:4]([H:19])([H:20])[H:21])[C:2]([H:16])([H:17])[C:1]([H:13])([H:14])[H:15]
[H:19][C:2]1=[C:1]([O:17][C:4](=[N:3]1)[C:5](=[O:6])[C:7]([H:20])([H:21])[C:8]([H:22])([H:23])[C:9]([H:24])([H:25])[C:10]([H:26])([H:27])[C:11]#[C:12][Si:13]([C:14]([H:28])([H:29])[H:30])([C:15]([H:31])([H:32])[H:33])[C:16]([H:34])([H:35])[H:36])[H:18],[H:19][C:2]1=[C:1]([O:17][C:4](=[N:3]1)[C:5](=[O:6])[C:7]([H:20])([H:21])[C:8]([H:22])([H:23])[C:9]([H:24])([H:25])[C:10]([H:26])([H:27])[C:11]#[C:12][Si:13]([C:14]([H:28])([H:29])[H:30])([C:15]([H:31])([H:32])[H:33])[C:16]([H:34])([H:35])[H:36])[H:18]
[H:18][C:6]1([C:5](=[N:4][C:3]([H:16])([H:17])[C:2]([H:15])([C:1]([H:12])([H:13])[H:14])[O:11][H:28])[C:10]([C:9]([N+:8]([C:7]1([H:20])[H:21])([H:22])[H:23])([H:24])[H:25])([H:26])[H:27])[H:19],[H:18][C:6]1([C:5](=[N:4][C:3]([H:16])([H:17])[C:2]([H:15])([C:1]([H:12])([H:13])[H:14])[O:11][H:28])[C:10]([C:9]([N+:8]([C:7]1([H:20])[H:21])([H:22])[H:23])([H:24])[H:25])([H:26])[H:27])[H:19]
[C:1]([C@:2]([N:3]([H:16])[H:17])([C:4](=[O:5])[O-:6])[C:7]1=[C:8]([H:18])[C:9]([H:19])=[C:10]([I:11])[S:12]1)([H:13])([H:14])[H:15],[C:1]([C@@:2]([N:3]([H:16])[H:17])([C:4](=[O:5])[O-:6])[C:7]1=[C:8]([H:18])[C:9]([H:19])=[C:10]([I:11])[S:12]1)([H:13])([H:14])[H:15]
[H:8][C:1]([H:9])([H:10])[S:2][C:3]([H:11])([N:4]=[N:5][H:12])[S:6][C:7]([H:13])([H:14])[H:15],[H:8][C:1]([H:9])([H:10])[S:2][C:3]([H:11])([N:4]=[N:5][H:12])[S:6][C:7]([H:13])([H:14])[H:15]
[H:16][C:3](=[O:4])[C:2]([H:15])([C:1]([H:12])([H:13])[H:14])[N+:5]([H:17])([C:7]1([C:8]([C:9]([C:10]1([H:25])[H:26])([H:24])[O:11][H:27])([H:22])[H:23])[H:21])[C:6]([H:18])([H:19])[H:20],[H:16][C:3](=[O:4])[C:2]([H:15])([C:1]([H:12])([H:13])[H:14])[N+:5]([H:17])([C:7]1([C:8]([C:9]([C:10]1([H:25])[H:26])([H:24])[O:11][H:27])([H:22])[H:23])[H:21])[C:6]([H:18])([H:19])[H:20]
[H:19][C:11](=[O:12])[C:3]1=[C:2]([O:6][C:5](=[N:4]1)[C:7]([H:16])([C:8](=[O:9])[H:17])[O:10][H:18])[C:1]([H:13])([H:14])[H:15],[H:19][C:11](=[O:12])[C:3]1=[C:2]([O:6][C:5](=[N:4]1)[C:7]([H:16])([C:8](=[O:9])[H:17])[O:10][H:18])[C:1]([H:13])([H:14])[H:15]
[H:10][C:5](=[O:6])[C:3]1=[C:2]([O:4]1)[C:1]([H:8])([H:9])[O:7][H:11],[H:10][C:5](=[O:6])[C:3]1=[C:2]([O:4]1)[C:1]([H:8])([H:9])[O:7][H:11]
[H:12][C:1]#[N+:2][C:3]([H:13])([H:14])[C:4]1([C:5]([C:6]([C:7]([O:8]1)([H:19])[H:20])([H:17])[H:18])([H:16])[N:9]=[N+:10]=[N-:11])[H:15],[H:12][C:1]#[N+:2][C:3]([H:13])([H:14])[C:4]1([C:5]([C:6]([C:7]([O:8]1)([H:19])[H:20])([H:17])[H:18])([H:16])[N:9]=[N+:10]=[N-:11])[H:15]
[H:14][C:5]1=[C:6]([S:7][C:3](=[C:4]1[C:8]([H:16])([H:17])[N:9]=[N:10][H:18])[S:2][C:1]([H:11])([H:12])[H:13])[H:15],[H:14][C:5]1=[C:6]([S:7][C:3](=[C:4]1[C:8]([H:16])([H:17])[N:9]=[N:10][H:18])[S:2][C:1]([H:11])([H:12])[H:13])[H:15]
[H:17][C:11](=[O:12])[C:1]([H:13])([H:14])[C:2]([H:15])([H:16])[S:3][S:4](=[O:5])(=[O:6])[C:7]([F:8])([F:9])[F:10],[H:17][C:11](=[O:12])[C:1]([H:13])([H:14])[C:2]([H:15])([H:16])[S:3][S:4](=[O:5])(=[O:6])[C:7]([F:8])([F:9])[F:10]
[H:9][C:1]([H:10])([H:11])[C:2]([H:12])([H:13])[C:3]([H:14])([H:15])[N+:4]([H:16])([C:5]([H:17])([H:18])[H:19])[C:6]([H:20])([H:21])[C:7]([H:22])([H:23])[C:8]([H:24])([H:25])[H:26],[H:9][C:1]([H:10])([H:11])[C:2]([H:12])([H:13])[C:3]([H:14])([H:15])[N+:4]([H:16])([C:5]([H:17])([H:18])[H:19])[C:6]([H:20])([H:21])[C:7]([H:22])([H:23])[C:8]([H:24])([H:25])[H:26]
[H:7][C:1]([H:8])([C:2]([H:9])([C:3]([H:10])([H:11])[O:4][H:12])[F:5])[N:6]([H:13])[H:14],[H:7][C:1]([H:8])([C:2]([H:9])([C:3]([H:10])([H:11])[O:4][H:12])[F:5])[N:6]([H:13])[H:14]
[H:18][C:4]1([C:5](=[O:6])[C:7]([C:8]([N+:9]([C:3]1([H:17])[C:2]([H:15])([H:16])[C:1]([H:12])([H:13])[H:14])([H:23])[H:24])([H:22])[C:10]([H:25])([H:26])[C:11]([H:27])([H:28])[H:29])([H:20])[H:21])[H:19],[H:18][C:4]1([C:5](=[O:6])[C:7]([C:8]([N+:9]([C:3]1([H:17])[C:2]([H:15])([H:16])[C:1]([H:12])([H:13])[H:14])([H:23])[H:24])([H:22])[C:10]([H:25])([H:26])[C:11]([H:27])([H:28])[H:29])([H:20])[H:21])[H:19]
[H:20][C@:3]1([C@:12]([O:15][C:1]([C:2]1([H:18])[H:19])([H:16])[H:17])([H:36])[C:13]([H:37])([H:38])[O:14][H:39])[O:4][Si:5]([C:6]([H:21])([H:22])[H:23])([C:7]([H:24])([H:25])[H:26])[C:8]([C:9]([H:27])([H:28])[H:29])([C:10]([H:30])([H:31])[H:32])[C:11]([H:33])([H:34])[H:35],[H:20][C@@:3]1([C@@:12]([O:15][C:1]([C:2]1([H:18])[H:19])([H:16])[H:17])([H:36])[C:13]([H:37])([H:38])[O:14][H:39])[O:4][Si:5]([C:6]([H:21])([H:22])[H:23])([C:7]([H:24])([H:25])[H:26])[C:8]([C:9]([H:27])([H:28])[H:29])([C:10]([H:30])([H:31])[H:32])[C:11]([H:33])([H:34])[H:35]
[H:16][C:5]1=[C:6]([S:7][C:3](=[C:4]1[C:10](=[N:11][N:12]([H:21])[H:22])[H:20])[O:2][C:1]([H:13])([H:14])[H:15])[S:8][C:9]([H:17])([H:18])[H:19],[H:16][C:5]1=[C:6]([S:7][C:3](=[C:4]1[C:10](=[N:11][N:12]([H:21])[H:22])[H:20])[O:2][C:1]([H:13])([H:14])[H:15])[S:8][C:9]([H:17])([H:18])[H:19]
[H:16][C:8](=[O:9])[C:5]1=[N:6][O:7][C:3](=[N:4]1)[C:2]([H:15])([C:1]([H:12])([H:13])[H:14])[O:10][C:11]([H:17])([H:18])[H:19],[H:16][C:8](=[O:9])[C:5]1=[N:6][O:7][C:3](=[N:4]1)[C:2]([H:15])([C:1]([H:12])([H:13])[H:14])[O:10][C:11]([H:17])([H:18])[H:19]
[H:15][C:3]1=[C:2]([S:6][C:5](=[C:4]1[H:16])[C:7]([H:17])([C:8](=[O:9])[H:18])[N+:10]([H:19])([H:20])[C:11]([H:21])([H:22])[H:23])[C:1]([H:12])([H:13])[H:14],[H:15][C:3]1=[C:2]([S:6][C:5](=[C:4]1[H:16])[C:7]([H:17])([C:8](=[O:9])[H:18])[N+:10]([H:19])([H:20])[C:11]([H:21])([H:22])[H:23])[C:1]([H:12])([H:13])[H:14]
[N+:1]([C:2]([C@@:3]1([H:18])[N:4]=[c:5]2[c:6]([H:19])[c:7]([I:8])[c:9]([H:20])[n:10][c:11]2=[N:12]1)([H:16])[H:17])([H:13])([H:14])[H:15],[N+:1]([C:2]([C@:3]1([H:18])[N:4]=[c:5]2[c:6]([H:19])[c:7]([I:8])[c:9]([H:20])[n:10][c:11]2=[N:12]1)([H:16])[H:17])([H:13])([H:14])[H:15]
[H:16][C:5]1([C:6]([N+:7]([C:8]([C:4]1([C:9]([H:24])([H:25])[O:10][H:26])[C:3]([H:14])([H:15])[O:2][C:1]([H:11])([H:12])[H:13])([H:22])[H:23])([H:20])[H:21])([H:18])[H:19])[H:17],[H:16][C:5]1([C:6]([N+:7]([C:8]([C:4]1([C:9]([H:24])([H:25])[O:10][H:26])[C:3]([H:14])([H:15])[O:2][C:1]([H:11])([H:12])[H:13])([H:22])[H:23])([H:20])[H:21])([H:18])[H:19])[H:17]
[H:16][C:9](=[O:10])[C:5]1=[C:6]([O:7][C:2]([C:3]1=[O:4])([H:14])[C:1]([H:12])([H:13])[O:11][H:17])[O:8][H:15],[H:16][C:9](=[O:10])[C:5]1=[C:6]([O:7][C:2]([C:3]1=[O:4])([H:14])[C:1]([H:12])([H:13])[O:11][H:17])[O:8][H:15]
[H:18][C:6]1([C:5]([C:4]([C:3]([C:2]([S:7]1)([H:14])[C:1]([H:11])([H:12])[H:13])([H:15])[O:10][H:22])([H:16])[O:9][H:21])([H:17])[O:8][H:20])[H:19],[H:18][C:6]1([C:5]([C:4]([C:3]([C:2]([S:7]1)([H:14])[C:1]([H:11])([H:12])[H:13])([H:15])[O:10][H:22])([H:16])[O:9][H:21])([H:17])[O:8][H:20])[H:19]
[H:12][C:1]1([C:2](=[N:3][C:4](=[N:5]1)[N:6]([H:14])[C:7]([H:15])([H:16])[C:8]([H:17])([H:18])[C:9]([H:19])([H:20])[O:10][H:21])[Cl:11])[H:13],[H:12][C:1]1([C:2](=[N:3][C:4](=[N:5]1)[N:6]([H:14])[C:7]([H:15])([H:16])[C:8]([H:17])([H:18])[C:9]([H:19])([H:20])[O:10][H:21])[Cl:11])[H:13]
[H:24][C:11]1=[N:10][C:8](=[S:9])[N:7]([C:6](=[N:12]1)[N:3]([C:2]([H:16])([H:17])[C:1]([H:13])([H:14])[H:15])[C:4]([H:18])([H:19])[C:5]([H:20])([H:21])[H:22])[H:23],[H:24][C:11]1=[N:10][C:8](=[S:9])[N:7]([C:6](=[N:12]1)[N:3]([C:2]([H:16])([H:17])[C:1]([H:13])([H:14])[H:15])[C:4]([H:18])([H:19])[C:5]([H:20])([H:21])[H:22])[H:23]
[H:13][C:1]1=[C:5]([N:4]([C:3](=[C:2]1[H:14])[C:6]([H:17])([C:7]2=[C:8]([C:9](=[C:10]([S:11]2)[H:20])[H:19])[H:18])[N+:12]([H:21])([H:22])[H:23])[H:15])[H:16],[H:13][C:1]1=[C:5]([N:4]([C:3](=[C:2]1[H:14])[C:6]([H:17])([C:7]2=[C:8]([C:9](=[C:10]([S:11]2)[H:20])[H:19])[H:18])[N+:12]([H:21])([H:22])[H:23])[H:15])[H:16]
[O:1]=[C:2]1[N:3]([H:13])[C:4](=[O:5])[C@@:6]2([H:14])[C:7]([H:15])([H:16])[C:8]([I:9])=[C:10]([H:17])[C:11]([H:18])([H:19])[C@:12]12[H:20],[O:1]=[C:2]1[N:3]([H:13])[C:4](=[O:5])[C@@:6]2([H:14])[C:7]([H:15])([H:16])[C:8]([I:9])=[C:10]([H:17])[C:11]([H:18])([H:19])[C@@:12]12[H:20]
[H:31][C:10]1([C:9]([C:8]([N:12]([C:11]1([H:33])[H:34])[H:35])([H:28])[C:7]([H:26])([H:27])[N+:6]([H:24])([H:25])[C:4]([H:20])([C:5]([H:21])([H:22])[H:23])[C:3]([H:18])([H:19])[C:2]([H:16])([H:17])[C:1]([H:13])([H:14])[H:15])([H:29])[H:30])[H:32],[H:31][C:10]1([C:9]([C:8]([N:12]([C:11]1([H:33])[H:34])[H:35])([H:28])[C:7]([H:26])([H:27])[N+:6]([H:24])([H:25])[C:4]([H:20])([C:5]([H:21])([H:22])[H:23])[C:3]([H:18])([H:19])[C:2]([H:16])([H:17])[C:1]([H:13])([H:14])[H:15])([H:29])[H:30])[H:32]
[H:15][C:3](=[O:4])[C:2]([H:13])([H:14])[C:1]([H:11])([H:12])[C:5]([H:16])([H:17])[C:6]1=[N:7][N-:8][N:9]=[N:10]1,[H:15][C:3](=[O:4])[C:2]([H:13])([H:14])[C:1]([H:11])([H:12])[C:5]([H:16])([H:17])[C:6]1=[N:7][N-:8][N:9]=[N:10]1
[H:17][C:6]1([C:4](=[O:5])[C:3]([O:8][C:7]1([H:19])[C:9]([H:20])([C:10]([H:21])([H:22])[O:11][H:23])[O:12][H:24])([H:16])[O:2][C:1]([H:13])([H:14])[H:15])[H:18],[H:17][C:6]1([C:4](=[O:5])[C:3]([O:8][C:7]1([H:19])[C:9]([H:20])([C:10]([H:21])([H:22])[O:11][H:23])[O:12][H:24])([H:16])[O:2][C:1]([H:13])([H:14])[H:15])[H:18]
[H:15][C:5](=[O:6])[C:4](=[N+:3]([H:14])[O:2][C:1]([H:11])([H:12])[H:13])[C:7](=[N:8][H:16])[S:9][C:10]([H:17])([H:18])[H:19],[H:15][C:5](=[O:6])[C:4](=[N+:3]([H:14])[O:2][C:1]([H:11])([H:12])[H:13])[C:7](=[N:8][H:16])[S:9][C:10]([H:17])([H:18])[H:19]
[H:13][C:4](=[O:5])[C:3]([H:12])([C:2]([H:11])([C:1]([H:8])([H:9])[H:10])[Br:7])[O:6][H:14],[H:13][C:4](=[O:5])[C:3]([H:12])([C:2]([H:11])([C:1]([H:8])([H:9])[H:10])[Br:7])[O:6][H:14]
[H:18][C:5]1([C:6](=[O:7])[C:8]([C:2]([C:3]([C:4]1([H:16])[H:17])([H:15])[O:10][H:22])([C:1]([H:12])([H:13])[H:14])[O:11][H:23])([H:20])[O:9][H:21])[H:19],[H:18][C:5]1([C:6](=[O:7])[C:8]([C:2]([C:3]([C:4]1([H:16])[H:17])([H:15])[O:10][H:22])([C:1]([H:12])([H:13])[H:14])[O:11][H:23])([H:20])[O:9][H:21])[H:19]
[H:18][C:6]1=[C:7]([N:8]([C:4](=[N+:5]1[H:17])[S:3][C:2]([H:15])([H:16])[C:1]([H:12])([H:13])[H:14])[C:9]([H:19])([H:20])[H:21])[C:10](=[N:11][H:23])[H:22],[H:18][C:6]1=[C:7]([N:8]([C:4](=[N+:5]1[H:17])[S:3][C:2]([H:15])([H:16])[C:1]([H:12])([H:13])[H:14])[C:9]([H:19])([H:20])[H:21])[C:10](=[N:11][H:23])[H:22]
[H:16][C:7]1([C:8]([C:6]1([C:9]([H:20])([H:21])[N:10]([H:22])[H:23])[C:5]([H:14])([H:15])[S:2](=[O:3])(=[O:4])[C:1]([H:11])([H:12])[H:13])([H:18])[H:19])[H:17],[H:16][C:7]1([C:8]([C:6]1([C:9]([H:20])([H:21])[N:10]([H:22])[H:23])[C:5]([H:14])([H:15])[S:2](=[O:3])(=[O:4])[C:1]([H:11])([H:12])[H:13])([H:18])[H:19])[H:17]
[C:1]([C@@:2]1([H:16])[C:3]([H:17])([H:18])[N:4]([H:19])[C@:5]([C:6]([H:21])([H:22])[H:23])([H:20])[C:7]2=[C:12]1[N:11]([H:25])[C:9]([I:10])=[C:8]2[H:24])([H:13])([H:14])[H:15],[C:1]([C@:2]1([H:16])[C:3]([H:17])([H:18])[N:4]([H:19])[C@:5]([C:6]([H:21])([H:22])[H:23])([H:20])[C:7]2=[C:12]1[N:11]([H:25])[C:9]([I:10])=[C:8]2[H:24])([H:13])([H:14])[H:15]
[H:18][C:1](=[O:2])[C@@:3]([C:4]([H:19])([H:20])[C:5]([H:21])([H:22])[C:6]([H:23])([H:24])[C:7]([H:25])([H:26])[B:8]([O:9][H:27])[O:10][H:28])([C:11]([H:29])([H:30])[N:12]([H:31])/[C:13](=[N:14]\[H:32])/[N:15]([H:33])[H:34])[N:16]([H:35])[C:17]([H:36])([H:37])[H:38],[H:18][C:1](=[O:2])[C@@:3]([C:4]([H:19])([H:20])[C:5]([H:21])([H:22])[C:6]([H:23])([H:24])[C:7]([H:25])([H:26])[B:8]([O:9][H:27])[O:10][H:28])([C:11]([H:29])([H:30])[N:12]([H:31])/[C:13](=[N:14]\[H:32])/[N:15]([H:33])[H:34])[N:16]([H:35])[C:17]([H:36])([H:37])[H:38]
[H:10][C:1]1([C:2]([O:3][C:4]([C:5]1([H:15])[O:6][H:16])([H:14])[C:7]([H:17])([N:8]([H:18])[H:19])[O:9][H:20])([H:12])[H:13])[H:11],[H:10][C:1]1([C:2]([O:3][C:4]([C:5]1([H:15])[O:6][H:16])([H:14])[C:7]([H:17])([N:8]([H:18])[H:19])[O:9][H:20])([H:12])[H:13])[H:11]
[H:10][C:1]1([C:2]([C:3]([C:4]([C:5]1([H:15])[H:16])([C:6]([H:17])([H:18])[O:7][H:19])[O:8][H:20])([H:14])[O:9][H:21])([H:12])[H:13])[H:11],[H:10][C:1]1([C:2]([C:3]([C:4]([C:5]1([H:15])[H:16])([C:6]([H:17])([H:18])[O:7][H:19])[O:8][H:20])([H:14])[O:9][H:21])([H:12])[H:13])[H:11]
[C:1]([N:2](/[N+:3](=[N:4]\[c:5]1[c:6]([H:17])[c:7]([H:18])[c:8]([I:9])[c:10]([H:19])[c:11]1[H:20])[H:16])[H:15])([H:12])([H:13])[H:14],[C:1]([N:2](/[N+:3](=[N:4]/[c:5]1[c:6]([H:17])[c:7]([H:18])[c:8]([I:9])[c:10]([H:19])[c:11]1[H:20])[H:16])[H:15])([H:12])([H:13])[H:14]
[H:11][C:1]1([C:2]([N+:3]([C:4]([C:5]([C:6]1([H:21])[N+:7]([H:22])([H:23])[C:8]([H:24])([H:25])[C:9]([H:26])([H:27])[F:10])([H:19])[H:20])([H:17])[H:18])([H:15])[H:16])([H:13])[H:14])[H:12],[H:11][C:1]1([C:2]([N+:3]([C:4]([C:5]([C:6]1([H:21])[N+:7]([H:22])([H:23])[C:8]([H:24])([H:25])[C:9]([H:26])([H:27])[F:10])([H:19])[H:20])([H:17])[H:18])([H:15])[H:16])([H:13])[H:14])[H:12]
[H:13][C:1]1=[C:2]([N:3]([C:4](=[N:5]1)[H:15])[H:14])[C:6]([H:16])([H:17])[C:7]([C:10]#[N:11])([C:8](=[O:9])[H:18])[N:12]([H:19])[H:20],[H:13][C:1]1=[C:2]([N:3]([C:4](=[N:5]1)[H:15])[H:14])[C:6]([H:16])([H:17])[C:7]([C:10]#[N:11])([C:8](=[O:9])[H:18])[N:12]([H:19])[H:20]
[H:25][C:10]1=[C:11]([N:12]([C:8](=[C:9]1[H:24])[C:2]([C:1]([H:13])([H:14])[H:15])([C:3]([H:16])([H:17])[H:18])[C:4]([H:19])([H:20])[C:5]([H:21])([H:22])[C:6](=[O:7])[H:23])[H:27])[H:26],[H:25][C:10]1=[C:11]([N:12]([C:8](=[C:9]1[H:24])[C:2]([C:1]([H:13])([H:14])[H:15])([C:3]([H:16])([H:17])[H:18])[C:4]([H:19])([H:20])[C:5]([H:21])([H:22])[C:6](=[O:7])[H:23])[H:27])[H:26]
[H:20][C:7](=[O:8])[C:6]1([C:1]([C:2]([C:3]([C:4]([C:5]1([H:18])[H:19])([H:17])[O:10][H:22])([H:16])[O:11][H:23])([H:15])[N+:12]([H:24])([H:25])[H:26])([H:13])[H:14])[O:9][H:21],[H:20][C:7](=[O:8])[C:6]1([C:1]([C:2]([C:3]([C:4]([C:5]1([H:18])[H:19])([H:17])[O:10][H:22])([H:16])[O:11][H:23])([H:15])[N+:12]([H:24])([H:25])[H:26])([H:13])[H:14])[O:9][H:21]
[H:13][C:1]1([C:2]([C:3]([C:4]1([H:18])[H:19])([H:17])[C:5]([H:20])([H:21])[C:6]([H:22])([C:7]([H:23])([C:8](=[O:9])[N:10]([H:24])[H:25])[O:11][H:26])[N:12]([H:27])[H:28])([H:15])[H:16])[H:14],[H:13][C:1]1([C:2]([C:3]([C:4]1([H:18])[H:19])([H:17])[C:5]([H:20])([H:21])[C:6]([H:22])([C:7]([H:23])([C:8](=[O:9])[N:10]([H:24])[H:25])[O:11][H:26])[N:12]([H:27])[H:28])([H:15])[H:16])[H:14]
[H:16][C:4]1=[C:3]([S:7][C:6](=[N:5]1)[C:8]([H:17])([H:18])[N:9]([H:19])[C:10]([H:20])([H:21])[H:22])[C:2]([H:14])([H:15])[C:1]([H:11])([H:12])[H:13],[H:16][C:4]1=[C:3]([S:7][C:6](=[N:5]1)[C:8]([H:17])([H:18])[N:9]([H:19])[C:10]([H:20])([H:21])[H:22])[C:2]([H:14])([H:15])[C:1]([H:11])([H:12])[H:13]
[H:13][C:1]1=[N:5][N:4]=[C:3]([N:2]1[H:14])[S:6][C:7]([H:15])([H:16])[C:8]([H:17])([H:18])[S:9](=[O:10])(=[O:11])[N:12]([H:19])[H:20],[H:13][C:1]1=[N:5][N:4]=[C:3]([N:2]1[H:14])[S:6][C:7]([H:15])([H:16])[C:8]([H:17])([H:18])[S:9](=[O:10])(=[O:11])[N:12]([H:19])[H:20]
[H:13][C:1](=[C:2]([H:15])[C:3]([H:16])([H:17])[N+:4]1([C:5]([C:6]([O:7][C:8]([C:9]1([H:24])[H:25])([H:22])[H:23])([H:20])[H:21])([H:18])[H:19])[C:10]([H:26])([H:27])[C:11](=[O:12])[H:28])[H:14],[H:13][C:1](=[C:2]([H:15])[C:3]([H:16])([H:17])[N+:4]1([C:5]([C:6]([O:7][C:8]([C:9]1([H:24])[H:25])([H:22])[H:23])([H:20])[H:21])([H:18])[H:19])[C:10]([H:26])([H:27])[C:11](=[O:12])[H:28])[H:14]
[H:13][C:1]1([C:2]([N:3]=[C:4]([O:5]1)[C:6]([H:16])([C:7]([H:17])([H:18])[O:8][H:19])[N:9]([H:20])[H:21])([H:15])[C:10](=[O:11])[O-:12])[H:14],[H:13][C:1]1([C:2]([N:3]=[C:4]([O:5]1)[C:6]([H:16])([C:7]([H:17])([H:18])[O:8][H:19])[N:9]([H:20])[H:21])([H:15])[C:10](=[O:11])[O-:12])[H:14]
[H:13][C:1]1([C:2]([C:3]([C:4]([C:5]1([H:18])[H:19])([F:6])[F:7])([H:17])[C:8]([H:20])([H:21])[C:9]([H:22])([H:23])[S:10](=[O:11])[O-:12])([H:15])[H:16])[H:14],[H:13][C:1]1([C:2]([C:3]([C:4]([C:5]1([H:18])[H:19])([F:6])[F:7])([H:17])[C:8]([H:20])([H:21])[C:9]([H:22])([H:23])[S:10](=[O:11])[O-:12])([H:15])[H:16])[H:14]
[H:29][c:11]1[c:12]([c:13]2[c:7]([c:8]([c:10]1[H:28])[C:9]([H:25])([H:26])[H:27])[O:6][C:5]([C@@:4]2([H:22])[C:3]([H:20])([H:21])[C@@:2]([H:19])([B:14]([O:15][H:31])[O:16][H:32])[N:1]([H:17])[H:18])([H:23])[H:24])[H:30],[H:29][c:11]1[c:12]([c:13]2[c:7]([c:8]([c:10]1[H:28])[C:9]([H:25])([H:26])[H:27])[O:6][C:5]([C@:4]2([H:22])[C:3]([H:20])([H:21])[C@:2]([H:19])([B:14]([O:15][H:31])[O:16][H:32])[N:1]([H:17])[H:18])([H:23])[H:24])[H:30]
[H:9][C:1](=[C:2]([C:3](=[O:4])[H:11])[C:5](=[O:6])[C:7](=[O:8])[H:12])[H:10],[H:9][C:1](=[C:2]([C:3](=[O:4])[H:11])[C:5](=[O:6])[C:7](=[O:8])[H:12])[H:10]
[H:16][C:3]1([C:2]([C:5]([N+:4]1([H:18])[C:8]([H:25])([H:26])[C:9]([H:27])([H:28])[C:10]([H:29])([H:30])[N+:11]([H:31])([H:32])[H:33])([C:6]([H:19])([H:20])[H:21])[C:7]([H:22])([H:23])[H:24])([C:1]([H:13])([H:14])[H:15])[C:12]([H:34])([H:35])[H:36])[H:17],[H:16][C:3]1([C:2]([C:5]([N+:4]1([H:18])[C:8]([H:25])([H:26])[C:9]([H:27])([H:28])[C:10]([H:29])([H:30])[N+:11]([H:31])([H:32])[H:33])([C:6]([H:19])([H:20])[H:21])[C:7]([H:22])([H:23])[H:24])([C:1]([H:13])([H:14])[H:15])[C:12]([H:34])([H:35])[H:36])[H:17]
[N:1]([C@:2]1([C:3]([N:4]([C:5](=[O:6])[I:7])[H:16])([H:14])[H:15])[C:8]([H:17])([H:18])[C:9]([H:19])([H:20])[N+:10]([H:21])([H:22])[C:11]1([H:23])[H:24])([H:12])[H:13],[N:1]([C@@:2]1([C:3]([N:4]([C:5](=[O:6])[I:7])[H:16])([H:14])[H:15])[C:8]([H:17])([H:18])[C:9]([H:19])([H:20])[N+:10]([H:21])([H:22])[C:11]1([H:23])[H:24])([H:12])[H:13]
[H:13][C:1]1([C:2]([C:3]([C:4]1([H:18])[H:19])([H:17])[C:5]([H:20])([H:21])[N:6]2[C:7]([C:8]3([C:9]2([H:24])[H:25])[C:10]([C:11]([N+:12]3([H:30])[H:31])([H:28])[H:29])([H:26])[H:27])([H:22])[H:23])([H:15])[H:16])[H:14],[H:13][C:1]1([C:2]([C:3]([C:4]1([H:18])[H:19])([H:17])[C:5]([H:20])([H:21])[N:6]2[C:7]([C:8]3([C:9]2([H:24])[H:25])[C:10]([C:11]([N+:12]3([H:30])[H:31])([H:28])[H:29])([H:26])[H:27])([H:22])[H:23])([H:15])[H:16])[H:14]
[H:18][c:6]1[c:5]([c:4]([c:3]([c:8]([c:7]1[H:19])[H:20])[Si:1]([H:15])([c:9]2[c:10]([c:11]([c:12]([c:13]([c:14]2[H:25])[H:24])[H:23])[H:22])[H:21])[Cl:2])[H:16])[H:17],[H:18][c:6]1[c:5]([c:4]([c:3]([c:8]([c:7]1[H:19])[H:20])[Si:1]([H:15])([c:9]2[c:10]([c:11]([c:12]([c:13]([c:14]2[H:25])[H:24])[H:23])[H:22])[H:21])[Cl:2])[H:16])[H:17]
[H:10][C:1]([H:11])([C:2]1=[N:6][N:5]=[C:4]([N:3]1[H:12])[C:7]([H:13])([H:14])[O:8][H:15])[N+:9]([H:16])([H:17])[H:18],[H:10][C:1]([H:11])([C:2]1=[N:6][N:5]=[C:4]([N:3]1[H:12])[C:7]([H:13])([H:14])[O:8][H:15])[N+:9]([H:16])([H:17])[H:18]
[O:1]=[C:2](/[C:3](=[N:4]/[O:5][H:14])[H:13])[C@@:6]1([H:15])[C:7]([H:16])([H:17])[C:8]([H:18])([H:19])[C:9]([H:20])([H:21])[C:10]([H:22])([H:23])[C@:11]1([I:12])[H:24],[O:1]=[C:2](/[C:3](=[N:4]/[O:5][H:14])[H:13])[C@@:6]1([H:15])[C:7]([H:16])([H:17])[C:8]([H:18])([H:19])[C:9]([H:20])([H:21])[C:10]([H:22])([H:23])[C@@:11]1([I:12])[H:24]
[H:20][C:4]1([N:9]([N:8]([C:7]([N+:6]([N+:5]1([H:21])[H:22])([H:23])[H:24])([H:25])[C:10]([H:28])([H:29])[C:11]([H:30])([H:31])[C:12]([H:32])([H:33])[H:34])[H:26])[H:27])[C:3]([H:18])([H:19])[C:2]([H:16])([H:17])[C:1]([H:13])([H:14])[H:15],[H:20][C:4]1([N:9]([N:8]([C:7]([N+:6]([N+:5]1([H:21])[H:22])([H:23])[H:24])([H:25])[C:10]([H:28])([H:29])[C:11]([H:30])([H:31])[C:12]([H:32])([H:33])[H:34])[H:26])[H:27])[C:3]([H:18])([H:19])[C:2]([H:16])([H:17])[C:1]([H:13])([H:14])[H:15]
[H:13][C:1]([H:14])([H:15])[C:2]([C:4]1=[N:8][O:7][C:6](=[N:5]1)[C:9]([H:19])([H:20])[S:10][C:11]([H:21])([H:22])[H:23])([C:3]([H:16])([H:17])[H:18])[N:12]([H:24])[H:25],[H:13][C:1]([H:14])([H:15])[C:2]([C:4]1=[N:8][O:7][C:6](=[N:5]1)[C:9]([H:19])([H:20])[S:10][C:11]([H:21])([H:22])[H:23])([C:3]([H:16])([H:17])[H:18])[N:12]([H:24])[H:25]
[H:8][C:1]([H:9])([H:10])[C:2]([H:11])([H:12])[C:3]([H:13])([C:4]([H:14])([H:15])[C:5]([H:16])([H:17])[N+:6]([H:18])([H:19])[H:20])[O:7][H:21],[H:8][C:1]([H:9])([H:10])[C:2]([H:11])([H:12])[C:3]([H:13])([C:4]([H:14])([H:15])[C:5]([H:16])([H:17])[N+:6]([H:18])([H:19])[H:20])[O:7][H:21]
[H:21][C:7](=[O:8])[C:6]([H:19])([H:20])[N:4]([C:5]([H:16])([H:17])[H:18])[C:3]([H:14])([H:15])[C:2]([H:12])([H:13])[C:1]([H:9])([H:10])[H:11],[H:21][C:7](=[O:8])[C:6]([H:19])([H:20])[N:4]([C:5]([H:16])([H:17])[H:18])[C:3]([H:14])([H:15])[C:2]([H:12])([H:13])[C:1]([H:9])([H:10])[H:11]
[H:21][C:10]1=[C:11]([S:12][C:8](=[N:9]1)[N:7]([H:20])[C:5](=[N:6][H:19])[N:4]([H:18])[C:3]([H:16])([H:17])[C:2](=[C:1]([H:13])[H:14])[H:15])[H:22],[H:21][C:10]1=[C:11]([S:12][C:8](=[N:9]1)[N:7]([H:20])[C:5](=[N:6][H:19])[N:4]([H:18])[C:3]([H:16])([H:17])[C:2](=[C:1]([H:13])[H:14])[H:15])[H:22]
[H:17][C:9](=[O:10])[C:3]1([C:1]([C:2]1([H:13])[H:14])([H:11])[H:12])[C:4]([H:15])([H:16])[O:5][N+:6](=[O:7])[O-:8],[H:17][C:9](=[O:10])[C:3]1([C:1]([C:2]1([H:13])[H:14])([H:11])[H:12])[C:4]([H:15])([H:16])[O:5][N+:6](=[O:7])[O-:8]
[H:27][C:10]1=[N:11][N:12]=[C:8]([N:9]1[H:26])[C:6]2([C:5]([C:4]([N+:3]([C:7]2([H:24])[H:25])([H:18])[C:2]([H:16])([H:17])[C:1]([H:13])([H:14])[H:15])([H:19])[H:20])([H:21])[H:22])[H:23],[H:27][C:10]1=[N:11][N:12]=[C:8]([N:9]1[H:26])[C:6]2([C:5]([C:4]([N+:3]([C:7]2([H:24])[H:25])([H:18])[C:2]([H:16])([H:17])[C:1]([H:13])([H:14])[H:15])([H:19])[H:20])([H:21])[H:22])[H:23]
[H:11][C:1]([H:12])([C:2]([H:13])([H:14])[S:3][C:4]1=[N:8][N:7]=[C:6]([N:5]1[H:15])[N:9]([H:16])[H:17])[O:10][H:18],[H:11][C:1]([H:12])([C:2]([H:13])([H:14])[S:3][C:4]1=[N:8][N:7]=[C:6]([N:5]1[H:15])[N:9]([H:16])[H:17])[O:10][H:18]
[H:15][C:3]1=[C:4]([C:5](=[N:6][N:2]1[C:1]([H:12])([H:13])[H:14])[H:16])[C:7]([H:17])([H:18])[C:8]([H:19])([C:9]([H:20])([H:21])[O:10][H:22])[N:11]([H:23])[H:24],[H:15][C:3]1=[C:4]([C:5](=[N:6][N:2]1[C:1]([H:12])([H:13])[H:14])[H:16])[C:7]([H:17])([H:18])[C:8]([H:19])([C:9]([H:20])([H:21])[O:10][H:22])[N:11]([H:23])[H:24]
[H:14][C:5](=[C:6]([C:7]([H:15])([H:16])[H:17])[O:8][H:18])[C:3](=[O:4])[C:2]([H:12])([H:13])[C:1]([H:9])([H:10])[H:11],[H:14][C:5](=[C:6]([C:7]([H:15])([H:16])[H:17])[O:8][H:18])[C:3](=[O:4])[C:2]([H:12])([H:13])[C:1]([H:9])([H:10])[H:11]
[H:17][C:3]1([C:2]([C:7]([C:6]([C:5]([C:4]1([C:11]([H:28])([H:29])[H:30])[C:12]([H:31])([H:32])[H:33])([H:19])[H:20])([C:8]([H:23])([H:24])[O:9][H:25])[N:10]([H:26])[H:27])([H:21])[H:22])([H:16])[C:1]([H:13])([H:14])[H:15])[H:18],[H:17][C:3]1([C:2]([C:7]([C:6]([C:5]([C:4]1([C:11]([H:28])([H:29])[H:30])[C:12]([H:31])([H:32])[H:33])([H:19])[H:20])([C:8]([H:23])([H:24])[O:9][H:25])[N:10]([H:26])[H:27])([H:21])[H:22])([H:16])[C:1]([H:13])([H:14])[H:15])[H:18]
[H:11][C:1]([H:12])([H:13])[C:2]([H:14])([H:15])[C:3]([H:16])([C:4]([H:17])([H:18])[O:5][H:19])[N+:6]([H:20])([H:21])[C:7]([H:22])([H:23])[C:8]([H:24])([C:9]([H:25])([H:26])[H:27])[O:10][H:28],[H:11][C:1]([H:12])([H:13])[C:2]([H:14])([H:15])[C:3]([H:16])([C:4]([H:17])([H:18])[O:5][H:19])[N+:6]([H:20])([H:21])[C:7]([H:22])([H:23])[C:8]([H:24])([C:9]([H:25])([H:26])[H:27])[O:10][H:28]
[H:13][c:1]1[c:6]([c:5]([c:4]([c:3]([c:2]1[H:14])[C:10]([H:22])([H:23])[C:11](=[O:12])[H:24])[H:15])[C:7]2([C:8]([C:9]2([H:20])[H:21])([H:18])[H:19])[H:17])[H:16],[H:13][c:1]1[c:6]([c:5]([c:4]([c:3]([c:2]1[H:14])[C:10]([H:22])([H:23])[C:11](=[O:12])[H:24])[H:15])[C:7]2([C:8]([C:9]2([H:20])[H:21])([H:18])[H:19])[H:17])[H:16]
[H:27][C:8]1([C:7]([O:11][C:10]([O:9]1)([H:29])[C:12]([H:30])([H:31])[H:32])([H:26])[C:6]([H:24])([H:25])[N+:3]([H:18])([C:2]([H:16])([H:17])[C:1]([H:13])([H:14])[H:15])[C:4]([H:19])([H:20])[C:5]([H:21])([H:22])[H:23])[H:28],[H:27][C:8]1([C:7]([O:11][C:10]([O:9]1)([H:29])[C:12]([H:30])([H:31])[H:32])([H:26])[C:6]([H:24])([H:25])[N+:3]([H:18])([C:2]([H:16])([H:17])[C:1]([H:13])([H:14])[H:15])[C:4]([H:19])([H:20])[C:5]([H:21])([H:22])[H:23])[H:28]
[O:1]([C:2]([C@@:3]1([H:12])[C:4]([H:13])([H:14])[C@@:5]([I:6])([H:15])[C:7]([H:16])([H:17])[O:8]1)([H:10])[H:11])[H:9],[O:1]([C:2]([C@:3]1([H:12])[C:4]([H:13])([H:14])[C@:5]([I:6])([H:15])[C:7]([H:16])([H:17])[O:8]1)([H:10])[H:11])[H:9]
[H:10][C:1]([H:11])([H:12])[C:2]([H:13])([C:3]([H:14])([C:4]([H:15])([H:16])[O:5][H:17])[O:6][H:18])[N:7]=[N+:8]=[N-:9],[H:10][C:1]([H:11])([H:12])[C:2]([H:13])([C:3]([H:14])([C:4]([H:15])([H:16])[O:5][H:17])[O:6][H:18])[N:7]=[N+:8]=[N-:9]
[H:11][C:1]([H:12])([H:13])[C:2]([H:14])([H:15])[C:3]([C:8](=[O:9])[O-:10])([C:4]([H:16])([H:17])[C:5]([H:18])([H:19])[H:20])[C:6]([H:21])([H:22])[N+:7]([H:23])([H:24])[H:25],[H:11][C:1]([H:12])([H:13])[C:2]([H:14])([H:15])[C:3]([C:8](=[O:9])[O-:10])([C:4]([H:16])([H:17])[C:5]([H:18])([H:19])[H:20])[C:6]([H:21])([H:22])[N+:7]([H:23])([H:24])[H:25]
[H:16][C:2](=[C:3]([H:17])[C:4]([H:18])([H:19])[C:5]([H:20])([H:21])[N+:6]([H:22])([H:23])[C:7]1([C:8]([C:9]([N:10]([C:11]([C:12]1([H:32])[H:33])([H:30])[H:31])[H:29])([H:27])[H:28])([H:25])[H:26])[H:24])[C:1]([H:13])([H:14])[H:15],[H:16][C:2](=[C:3]([H:17])[C:4]([H:18])([H:19])[C:5]([H:20])([H:21])[N+:6]([H:22])([H:23])[C:7]1([C:8]([C:9]([N:10]([C:11]([C:12]1([H:32])[H:33])([H:30])[H:31])[H:29])([H:27])[H:28])([H:25])[H:26])[H:24])[C:1]([H:13])([H:14])[H:15]
[H:17][C:5]1=[C:6]([S:7][C:3](=[C:4]1[C:11]([H:24])([H:25])[H:26])[C:2]([H:15])([H:16])[C:1]([H:12])([H:13])[H:14])[C:8]([H:18])([C:9]([H:19])([H:20])[H:21])[N:10]([H:22])[H:23],[H:17][C:5]1=[C:6]([S:7][C:3](=[C:4]1[C:11]([H:24])([H:25])[H:26])[C:2]([H:15])([H:16])[C:1]([H:12])([H:13])[H:14])[C:8]([H:18])([C:9]([H:19])([H:20])[H:21])[N:10]([H:22])[H:23]
[H:25][C:9]([H:26])([H:27])[C:8]([H:23])([H:24])[C:7]([H:21])([H:22])[C:6]([H:19])([H:20])[Si:3]([C:4]([H:13])([H:14])[H:15])([C:5]([H:16])([H:17])[H:18])[C:2]([H:11])([H:12])[O:1][H:10],[H:25][C:9]([H:26])([H:27])[C:8]([H:23])([H:24])[C:7]([H:21])([H:22])[C:6]([H:19])([H:20])[Si:3]([C:4]([H:13])([H:14])[H:15])([C:5]([H:16])([H:17])[H:18])[C:2]([H:11])([H:12])[O:1][H:10]
[H:15][C:6]([H:16])([H:17])[Si:5]([C:7]([H:18])([H:19])[H:20])([C:8]([H:21])([H:22])[H:23])[N:4]([C:2](=[S:3])[N:1]([H:13])[H:14])[Si:9]([C:10]([H:24])([H:25])[H:26])([C:11]([H:27])([H:28])[H:29])[C:12]([H:30])([H:31])[H:32],[H:15][C:6]([H:16])([H:17])[Si:5]([C:7]([H:18])([H:19])[H:20])([C:8]([H:21])([H:22])[H:23])[N:4]([C:2](=[S:3])[N:1]([H:13])[H:14])[Si:9]([C:10]([H:24])([H:25])[H:26])([C:11]([H:27])([H:28])[H:29])[C:12]([H:30])([H:31])[H:32]
[H:18][C:5]1([C:6]([C:4]1([H:17])[C:3]([H:15])([H:16])[N:2]([C:1]([H:12])([H:13])[H:14])[C:7]([H:22])([H:23])[C:8]([F:9])([F:10])[F:11])([H:20])[H:21])[H:19],[H:18][C:5]1([C:6]([C:4]1([H:17])[C:3]([H:15])([H:16])[N:2]([C:1]([H:12])([H:13])[H:14])[C:7]([H:22])([H:23])[C:8]([F:9])([F:10])[F:11])([H:20])[H:21])[H:19]
[H:7][C:1](=[C:2]([H:9])[C:3]([H:10])([H:11])[S:4][C:5](=[N:6][H:13])[H:12])[H:8],[H:7][C:1](=[C:2]([H:9])[C:3]([H:10])([H:11])[S:4][C:5](=[N:6][H:13])[H:12])[H:8]
[H:13][C:1]1=[C:2]([N:3]=[N:4][N:5]1[H:14])[C:6]2([C:7]([C:8]([C:9]([N:10]([C:11]2([H:22])[H:23])[H:21])([H:19])[H:20])([H:17])[H:18])([H:15])[H:16])[O:12][H:24],[H:13][C:1]1=[C:2]([N:3]=[N:4][N:5]1[H:14])[C:6]2([C:7]([C:8]([C:9]([N:10]([C:11]2([H:22])[H:23])[H:21])([H:19])[H:20])([H:17])[H:18])([H:15])[H:16])[O:12][H:24]
[N:1](/[N:2]=[C:3](\[C:4]([I:5])([H:9])[H:10])[H:8])([H:6])[H:7],[N:1](/[N:2]=[C:3](/[C:4]([I:5])([H:9])[H:10])[H:8])([H:6])[H:7]
[H:10][C:1]1([C:2]([O:3][C:4]([C:5]1([H:15])[O:6][H:16])([H:14])[C:7]([H:17])([H:18])[N:8]=[O:9])([H:12])[H:13])[H:11],[H:10][C:1]1([C:2]([O:3][C:4]([C:5]1([H:15])[O:6][H:16])([H:14])[C:7]([H:17])([H:18])[N:8]=[O:9])([H:12])[H:13])[H:11]
[H:21][C:10]1=[C:9]([N:8]([C:7](=[N:11]1)[S:6][C:2]([H:15])([C:3](=[O:4])[C:5]([H:16])([H:17])[H:18])[C:1]([H:12])([H:13])[H:14])[H:19])[H:20],[H:21][C:10]1=[C:9]([N:8]([C:7](=[N:11]1)[S:6][C:2]([H:15])([C:3](=[O:4])[C:5]([H:16])([H:17])[H:18])[C:1]([H:12])([H:13])[H:14])[H:19])[H:20]
[H:17][C:4]1=[N:5][N:6]=[C:7]([N:3]1[C:2]([H:15])([H:16])[C:1]([H:12])([H:13])[H:14])[C:8]([H:18])([H:19])[O:9][C:10]([H:20])([H:21])[C:11]([H:22])([H:23])[H:24],[H:17][C:4]1=[N:5][N:6]=[C:7]([N:3]1[C:2]([H:15])([H:16])[C:1]([H:12])([H:13])[H:14])[C:8]([H:18])([H:19])[O:9][C:10]([H:20])([H:21])[C:11]([H:22])([H:23])[H:24]
[H:11][C:1]1([C:2]([N:3]([C:4]([C:5]1([C:6]([H:18])([H:19])[N:7]([H:20])[H:21])[C:8]([H:22])([F:9])[F:10])([H:16])[H:17])[H:15])([H:13])[H:14])[H:12],[H:11][C:1]1([C:2]([N:3]([C:4]([C:5]1([C:6]([H:18])([H:19])[N:7]([H:20])[H:21])[C:8]([H:22])([F:9])[F:10])([H:16])[H:17])[H:15])([H:13])[H:14])[H:12]
[H:23][c:9]1[c:8]([c:7]([c:6]([c:11]([c:10]1[H:24])[H:25])[C:2]([C:1]([H:13])([H:14])[H:15])([C:3]([H:16])([H:17])[C:4]([H:18])([H:19])[O:5][H:20])[N:12]([H:26])[H:27])[H:21])[H:22],[H:23][c:9]1[c:8]([c:7]([c:6]([c:11]([c:10]1[H:24])[H:25])[C:2]([C:1]([H:13])([H:14])[H:15])([C:3]([H:16])([H:17])[C:4]([H:18])([H:19])[O:5][H:20])[N:12]([H:26])[H:27])[H:21])[H:22]
[H:21][C:6]1=[C:5]([C:9](=[N+:8]([N:7]1[C:11]([H:26])([H:27])[H:28])[H:22])[C:10]([H:23])([H:24])[H:25])[C:4]([H:19])([H:20])[N+:3]([H:17])([H:18])[C:2]([H:15])([H:16])[C:1]([H:12])([H:13])[H:14],[H:21][C:6]1=[C:5]([C:9](=[N+:8]([N:7]1[C:11]([H:26])([H:27])[H:28])[H:22])[C:10]([H:23])([H:24])[H:25])[C:4]([H:19])([H:20])[N+:3]([H:17])([H:18])[C:2]([H:15])([H:16])[C:1]([H:12])([H:13])[H:14]
[H:15][C:1](=[O:2])[C@@:3]([H:16])([C@@:5]([H:18])([C@@:7]1([C@@:12]([O:11][B:9]([O:8]1)[O:10][H:21])([H:22])[C:13]([H:23])([H:24])[O:14][H:25])[H:20])[O:6][H:19])[O:4][H:17],[H:15][C:1](=[O:2])[C@@:3]([H:16])([C@:5]([H:18])([C@:7]1([C@@:12]([O:11][B:9]([O:8]1)[O:10][H:21])([H:22])[C:13]([H:23])([H:24])[O:14][H:25])[H:20])[O:6][H:19])[O:4][H:17]
[H:13][C:1](=[C:2]([H:15])[C:3]([H:16])([H:17])[C:4]([H:18])([C:5]1=[N:6][N:7]=[C:8]([O:9]1)[C:10]([H:19])([H:20])[N+:11]([H:21])([H:22])[H:23])[N:12]([H:24])[H:25])[H:14],[H:13][C:1](=[C:2]([H:15])[C:3]([H:16])([H:17])[C:4]([H:18])([C:5]1=[N:6][N:7]=[C:8]([O:9]1)[C:10]([H:19])([H:20])[N+:11]([H:21])([H:22])[H:23])[N:12]([H:24])[H:25])[H:14]
[H:19][C:6]1([C:5]([C:4]([N:3]([C:7]1([H:21])[C:8]([H:22])([H:23])[O:9][H:24])[C:2]([H:14])([H:15])[C:1]([H:11])([H:12])[H:13])([H:16])[H:17])([H:18])[O:10][H:25])[H:20],[H:19][C:6]1([C:5]([C:4]([N:3]([C:7]1([H:21])[C:8]([H:22])([H:23])[O:9][H:24])[C:2]([H:14])([H:15])[C:1]([H:11])([H:12])[H:13])([H:16])[H:17])([H:18])[O:10][H:25])[H:20]
[H:13][C:1]1([C:2]([C:3]([C:4]([O:5]1)([C:6]([H:16])([H:17])[O:7][H:18])[C:8]([H:19])([H:20])[F:9])([H:15])[O:10][H:21])([F:11])[F:12])[H:14],[H:13][C:1]1([C:2]([C:3]([C:4]([O:5]1)([C:6]([H:16])([H:17])[O:7][H:18])[C:8]([H:19])([H:20])[F:9])([H:15])[O:10][H:21])([F:11])[F:12])[H:14]
[H:14][C:5](=[O:6])[C:3](=[N:4][H:13])[C:2]([H:12])([C:1]([H:9])([H:10])[H:11])[N:7]=[O:8],[H:14][C:5](=[O:6])[C:3](=[N:4][H:13])[C:2]([H:12])([C:1]([H:9])([H:10])[H:11])[N:7]=[O:8]
[H:18][C@:2]1([C:3]([N:4]2[C:14]([C@@:12]([O:11][Si:8]([O:10]1)([O:7][C:6]([C:5]2([H:21])[H:22])([H:23])[H:24])[C:9]([H:25])([H:26])[H:27])([H:28])[C:13]([H:29])([H:30])[H:31])([H:32])[H:33])([H:19])[H:20])[C:1]([H:15])([H:16])[H:17],[H:28][C@@:12]1([C:14]([N:4]2[C:3]([C@@:2]([O:10][Si:8]([O:11]1)([O:7][C:6]([C:5]2([H:21])[H:22])([H:23])[H:24])[C:9]([H:25])([H:26])[H:27])([H:18])[C:1]([H:15])([H:16])[H:17])([H:19])[H:20])([H:32])[H:33])[C:13]([H:29])([H:30])[H:31]
[H:11][C:1]1=[C:5]([S:4][C:3](=[C:2]1[H:12])[Cl:10])[C:6](=[O:7])[C:8]([H:13])([H:14])[O:9][H:15],[H:11][C:1]1=[C:5]([S:4][C:3](=[C:2]1[H:12])[Cl:10])[C:6](=[O:7])[C:8]([H:13])([H:14])[O:9][H:15]
[H:20][c:8]1[c:7]([c:6]([c:5]([c:4]([c:9]1[C:10]([H:21])([H:22])[N:11]([H:23])[H:24])[C:3]([H:16])([H:17])[S:2][C:1]([H:13])([H:14])[H:15])[H:18])[F:12])[H:19],[H:20][c:8]1[c:7]([c:6]([c:5]([c:4]([c:9]1[C:10]([H:21])([H:22])[N:11]([H:23])[H:24])[C:3]([H:16])([H:17])[S:2][C:1]([H:13])([H:14])[H:15])[H:18])[F:12])[H:19]
[H:15][C:3]1=[C:2]([S:6][C:5](=[N:4]1)[C:7]([H:16])([C:8]([H:17])([H:18])[H:19])[C:9]([H:20])([H:21])[O:10][C:11]([H:22])([H:23])[H:24])[C:1]([H:12])([H:13])[H:14],[H:15][C:3]1=[C:2]([S:6][C:5](=[N:4]1)[C:7]([H:16])([C:8]([H:17])([H:18])[H:19])[C:9]([H:20])([H:21])[O:10][C:11]([H:22])([H:23])[H:24])[C:1]([H:12])([H:13])[H:14]
[H:13][C:1]1([C:2]([N+:3]([C:4]([C:5]([C:6]12[C:7]([C:8]([N:9]([C:10]2([H:27])[H:28])[H:26])([H:25])[C:11]([H:29])([H:30])[O:12][H:31])([H:23])[H:24])([H:21])[H:22])([H:19])[H:20])([H:17])[H:18])([H:15])[H:16])[H:14],[H:13][C:1]1([C:2]([N+:3]([C:4]([C:5]([C:6]12[C:7]([C:8]([N:9]([C:10]2([H:27])[H:28])[H:26])([H:25])[C:11]([H:29])([H:30])[O:12][H:31])([H:23])[H:24])([H:21])[H:22])([H:19])[H:20])([H:17])[H:18])([H:15])[H:16])[H:14]
[H:24][C:10]1=[N:11][O:12][C:8](=[N:9]1)[C:7]([H:22])([H:23])[C:4]2([C:5]([C:6]2([H:20])[H:21])([H:18])[H:19])[C:3]([H:16])([H:17])[O:2][C:1]([H:13])([H:14])[H:15],[H:24][C:10]1=[N:11][O:12][C:8](=[N:9]1)[C:7]([H:22])([H:23])[C:4]2([C:5]([C:6]2([H:20])[H:21])([H:18])[H:19])[C:3]([H:16])([H:17])[O:2][C:1]([H:13])([H:14])[H:15]
[H:10][C:1]1([C:2]([O:3][C:4]([C:5]([C:6]([N:7]1[H:19])([H:17])[H:18])([H:16])[C:8]([H:20])([H:21])[O:9][H:22])([H:14])[H:15])([H:12])[H:13])[H:11],[H:10][C:1]1([C:2]([O:3][C:4]([C:5]([C:6]([N:7]1[H:19])([H:17])[H:18])([H:16])[C:8]([H:20])([H:21])[O:9][H:22])([H:14])[H:15])([H:12])[H:13])[H:11]
[H:20][C:6]1([C:7]([C:8]([N:9]([C:5]1([H:19])[C:4]([H:17])([H:18])[C:3]([H:16])([O:2][C:1]([H:13])([H:14])[H:15])[O:11][C:12]([H:27])([H:28])[H:29])[H:25])([H:23])[H:24])([H:22])[O:10][H:26])[H:21],[H:20][C:6]1([C:7]([C:8]([N:9]([C:5]1([H:19])[C:4]([H:17])([H:18])[C:3]([H:16])([O:2][C:1]([H:13])([H:14])[H:15])[O:11][C:12]([H:27])([H:28])[H:29])[H:25])([H:23])[H:24])([H:22])[O:10][H:26])[H:21]
[H:11][C:1]1=[C:5]([S:4][C:3](=[C:2]1[Cl:10])[H:12])[C:6]([H:13])([H:14])[C:7]([H:15])([H:16])[C:8](=[O:9])[H:17],[H:11][C:1]1=[C:5]([S:4][C:3](=[C:2]1[Cl:10])[H:12])[C:6]([H:13])([H:14])[C:7]([H:15])([H:16])[C:8](=[O:9])[H:17]
[H:22][c:5]1[c:4]([c:3]([c:8]2[c:7]([c:6]1[H:23])[C:19]([C@:12]([B:10]([O:9]2)[O:11][H:24])([H:25])[S:13][C:14]3=[N:15][N:16]=[C:17]([S:18]3)[H:26])([H:27])[H:28])[C:1](=[O:2])[H:20])[H:21],[H:22][c:5]1[c:4]([c:3]([c:8]2[c:7]([c:6]1[H:23])[C:19]([C@:12]([B:10]([O:9]2)[O:11][H:24])([H:25])[S:13][C:14]3=[N:15][N:16]=[C:17]([S:18]3)[H:26])([H:27])[H:28])[C:1](=[O:2])[H:20])[H:21]
[H:18][C:4](=[N:5][C:6]([H:19])([C:7]([H:20])([H:21])[C:8]([H:22])([H:23])[H:24])[C:9]([H:25])([H:26])[O:10][H:27])[C:3]([H:16])([H:17])[C:2]([H:14])([H:15])[C:1]([H:11])([H:12])[H:13],[H:18][C:4](=[N:5][C:6]([H:19])([C:7]([H:20])([H:21])[C:8]([H:22])([H:23])[H:24])[C:9]([H:25])([H:26])[O:10][H:27])[C:3]([H:16])([H:17])[C:2]([H:14])([H:15])[C:1]([H:11])([H:12])[H:13]
[H:12][C:1]1=[N:5][C:4](=[C:3]([N:2]1[H:13])[Br:11])[C:6]([H:14])([H:15])[C:7]([H:16])([C:8](=[O:9])[H:17])[N+:10]([H:18])([H:19])[H:20],[H:12][C:1]1=[N:5][C:4](=[C:3]([N:2]1[H:13])[Br:11])[C:6]([H:14])([H:15])[C:7]([H:16])([C:8](=[O:9])[H:17])[N+:10]([H:18])([H:19])[H:20]
[H:9][C:1]([H:10])([H:11])[C:2]([C:3]([H:12])([H:13])[H:14])([C:4]([H:15])([H:16])[N:5]=[O:6])[S:7][C:8]([H:17])([H:18])[H:19],[H:9][C:1]([H:10])([H:11])[C:2]([C:3]([H:12])([H:13])[H:14])([C:4]([H:15])([H:16])[N:5]=[O:6])[S:7][C:8]([H:17])([H:18])[H:19]
[H:20][C:7]1([C:8]([C:6]1([H:19])[N:2]([C:1]([H:9])([H:10])[H:11])[C:3]([H:12])([H:13])[C:4]([H:14])([H:15])[N+:5]([H:16])([H:17])[H:18])([H:22])[H:23])[H:21],[H:20][C:7]1([C:8]([C:6]1([H:19])[N:2]([C:1]([H:9])([H:10])[H:11])[C:3]([H:12])([H:13])[C:4]([H:14])([H:15])[N+:5]([H:16])([H:17])[H:18])([H:22])[H:23])[H:21]
[H:9][C:1]([H:10])([C:2]([H:11])([H:12])[C:3]([H:13])([H:14])[N+:4]([H:15])([H:16])[H:17])[C:5]([H:18])([H:19])[C:6]([H:20])([N:8]([H:24])[H:25])[N+:7]([H:21])([H:22])[H:23],[H:9][C:1]([H:10])([C:2]([H:11])([H:12])[C:3]([H:13])([H:14])[N+:4]([H:15])([H:16])[H:17])[C:5]([H:18])([H:19])[C:6]([H:20])([N:8]([H:24])[H:25])[N+:7]([H:21])([H:22])[H:23]
[H:26][C:9](=[O:10])[C:8]([H:24])([H:25])[C:7]1([C:1]([C:2]([N+:3]([C:4]([C:5]([C:6]1([F:11])[F:12])([H:21])[H:22])([H:19])[H:20])([H:17])[H:18])([H:15])[H:16])([H:13])[H:14])[H:23],[H:26][C:9](=[O:10])[C:8]([H:24])([H:25])[C:7]1([C:1]([C:2]([N+:3]([C:4]([C:5]([C:6]1([F:11])[F:12])([H:21])[H:22])([H:19])[H:20])([H:17])[H:18])([H:15])[H:16])([H:13])[H:14])[H:23]
[H:13][C:1]([H:14])([H:15])[C:2]1=[C:3]([N:4]([C:5](=[N:6]1)[N:7]=[N+:8]=[N-:9])[C:10]([H:16])([H:17])[H:18])[C:11]([H:19])([H:20])[O:12][H:21],[H:13][C:1]([H:14])([H:15])[C:2]1=[C:3]([N:4]([C:5](=[N:6]1)[N:7]=[N+:8]=[N-:9])[C:10]([H:16])([H:17])[H:18])[C:11]([H:19])([H:20])[O:12][H:21]
[H:24][C:11](=[O:12])[C:10]([H:22])([H:23])[C:9]([H:20])([H:21])[C:7]1=[N:6][N:5]=[C:4]([O:8]1)[C:2]([H:16])([C:1]([H:13])([H:14])[H:15])[C:3]([H:17])([H:18])[H:19],[H:24][C:11](=[O:12])[C:10]([H:22])([H:23])[C:9]([H:20])([H:21])[C:7]1=[N:6][N:5]=[C:4]([O:8]1)[C:2]([H:16])([C:1]([H:13])([H:14])[H:15])[C:3]([H:17])([H:18])[H:19]
[H:13][C:1]1=[C:2]([S:3][C:4](=[C:5]1[S:6][C:7]([H:15])([H:16])[C:8](=[O:9])[H:17])[N+:10](=[O:11])[O-:12])[H:14],[H:13][C:1]1=[C:2]([S:3][C:4](=[C:5]1[S:6][C:7]([H:15])([H:16])[C:8](=[O:9])[H:17])[N+:10](=[O:11])[O-:12])[H:14]
[C:1]([C@@:2]([O:3][H:16])([C:4]([N:5]([H:19])[H:20])([H:17])[H:18])[c:6]1[c:7]([H:21])[c:8]([H:22])[c:9]([H:23])[c:10]([H:24])[c:11]1[I:12])([H:13])([H:14])[H:15],[C:1]([C@:2]([O:3][H:16])([C:4]([N:5]([H:19])[H:20])([H:17])[H:18])[c:6]1[c:7]([H:21])[c:8]([H:22])[c:9]([H:23])[c:10]([H:24])[c:11]1[I:12])([H:13])([H:14])[H:15]
[H:15][C:8](=[O:9])[C:3]1=[C:2]([N:7]([C:5](=[O:6])[N:4]1[H:13])[H:14])[C:1]([H:11])([H:12])[S:10][H:16],[H:15][C:8](=[O:9])[C:3]1=[C:2]([N:7]([C:5](=[O:6])[N:4]1[H:13])[H:14])[C:1]([H:11])([H:12])[S:10][H:16]
[H:13][C:5](=[O:6])[S:4][N+:3]([H:11])([H:12])[N:2]([H:10])[C:1]([H:7])([H:8])[H:9],[H:13][C:5](=[O:6])[S:4][N+:3]([H:11])([H:12])[N:2]([H:10])[C:1]([H:7])([H:8])[H:9]
[H:18][C:5]1([C:4]([C:3]([C:2]([O:7][C:6]1([H:19])[N:8]([H:20])[H:21])([H:15])[C:1]([H:13])([H:14])[O:12][H:27])([H:16])[O:11][H:26])([H:17])[O:10][H:25])[N+:9]([H:22])([H:23])[H:24],[H:18][C:5]1([C:4]([C:3]([C:2]([O:7][C:6]1([H:19])[N:8]([H:20])[H:21])([H:15])[C:1]([H:13])([H:14])[O:12][H:27])([H:16])[O:11][H:26])([H:17])[O:10][H:25])[N+:9]([H:22])([H:23])[H:24]
[H:13][C:1]1=[N:2][N:3]=[C:4]([O:5]1)[S:6][C:7]([H:14])([H:15])[C:8]2([C:9]([C:10]2([H:18])[H:19])([H:16])[H:17])[C:11]#[N:12],[H:13][C:1]1=[N:2][N:3]=[C:4]([O:5]1)[S:6][C:7]([H:14])([H:15])[C:8]2([C:9]([C:10]2([H:18])[H:19])([H:16])[H:17])[C:11]#[N:12]
[H:12][C:1]1=[C:2]([C:3]([C:4]([C:5]1([H:15])[C:6]([H:16])([H:17])[O:7][H:18])([H:14])[O:8][H:19])([H:13])[O:9][H:20])[C:10]([H:21])([H:22])[O:11][H:23],[H:12][C:1]1=[C:2]([C:3]([C:4]([C:5]1([H:15])[C:6]([H:16])([H:17])[O:7][H:18])([H:14])[O:8][H:19])([H:13])[O:9][H:20])[C:10]([H:21])([H:22])[O:11][H:23]
[H:15][C:5]1=[C:4]([S:8][C:7](=[C:6]1[C:9]([H:17])([H:18])[C:10](=[O:11])[H:19])[H:16])[C:2](=[O:3])[C:1]([H:12])([H:13])[H:14],[H:15][C:5]1=[C:4]([S:8][C:7](=[C:6]1[C:9]([H:17])([H:18])[C:10](=[O:11])[H:19])[H:16])[C:2](=[O:3])[C:1]([H:12])([H:13])[H:14]
[H:11][C:1]([H:12])([H:13])[C:2]([H:14])([H:15])[C:3]([C:4]([H:16])([H:17])[C:5]([H:18])([H:19])[H:20])([C:6]([H:21])([H:22])[N:7]([H:23])[H:24])[N+:8]([H:25])([H:26])[C:9]([H:27])([H:28])[C:10]([H:29])([H:30])[H:31],[H:11][C:1]([H:12])([H:13])[C:2]([H:14])([H:15])[C:3]([C:4]([H:16])([H:17])[C:5]([H:18])([H:19])[H:20])([C:6]([H:21])([H:22])[N:7]([H:23])[H:24])[N+:8]([H:25])([H:26])[C:9]([H:27])([H:28])[C:10]([H:29])([H:30])[H:31]
[H:12][C:2](=[O:3])[C:1]([H:10])([H:11])[C:4]([H:13])([C:5](=[O:6])[C:7]([H:14])([H:15])[F:8])[N:9]([H:16])[H:17],[H:12][C:2](=[O:3])[C:1]([H:10])([H:11])[C:4]([H:13])([C:5](=[O:6])[C:7]([H:14])([H:15])[F:8])[N:9]([H:16])[H:17]
[H:21][C:7]1=[C:8]([N:9]([C:5](=[C:6]1[H:20])[C:4]([H:18])([H:19])[C:3]([H:16])([H:17])[C:2]([H:15])([C:1]([H:12])([H:13])[H:14])[N:11]([H:26])[H:27])[C:10]([H:23])([H:24])[H:25])[H:22],[H:21][C:7]1=[C:8]([N:9]([C:5](=[C:6]1[H:20])[C:4]([H:18])([H:19])[C:3]([H:16])([H:17])[C:2]([H:15])([C:1]([H:12])([H:13])[H:14])[N:11]([H:26])[H:27])[C:10]([H:23])([H:24])[H:25])[H:22]
[H:16][C:3]1([C:2]([C:6]([O:5][C:4]1([C:7]([H:20])([H:21])[O:8][H:22])[N:9]=[N+:10]=[N-:11])([H:18])[H:19])([H:15])[C:1]([H:12])([H:13])[H:14])[H:17],[H:16][C:3]1([C:2]([C:6]([O:5][C:4]1([C:7]([H:20])([H:21])[O:8][H:22])[N:9]=[N+:10]=[N-:11])([H:18])[H:19])([H:15])[C:1]([H:12])([H:13])[H:14])[H:17]
[H:15][c:2]1[c:1]([c:7]2[c:6]([c:4]([c:3]1[H:16])[Cl:5])[C@:11]([O:10][B:8]2[O:9][H:17])([H:18])[C:12]([H:19])([H:20])[N:13]([H:21])[H:22])[H:14],[H:15][c:2]1[c:1]([c:7]2[c:6]([c:4]([c:3]1[H:16])[Cl:5])[C@:11]([O:10][B:8]2[O:9][H:17])([H:18])[C:12]([H:19])([H:20])[N:13]([H:21])[H:22])[H:14]
[H:16][C:3]1([C:4]([N:5]=[N:6][C:2]1([C:1]([H:13])([H:14])[H:15])[C:12]([H:22])([H:23])[H:24])([H:18])[O:7][S:8](=[O:9])(=[O:10])[C:11]([H:19])([H:20])[H:21])[H:17],[H:16][C:3]1([C:4]([N:5]=[N:6][C:2]1([C:1]([H:13])([H:14])[H:15])[C:12]([H:22])([H:23])[H:24])([H:18])[O:7][S:8](=[O:9])(=[O:10])[C:11]([H:19])([H:20])[H:21])[H:17]
[H:17][C:10]1=[N:9][N:8]=[C:7]([N:11]1[C:12]([H:18])([H:19])[H:20])[S:6][C:4](=[N:5][H:16])[C:2](=[O:3])[C:1]([H:13])([H:14])[H:15],[H:17][C:10]1=[N:9][N:8]=[C:7]([N:11]1[C:12]([H:18])([H:19])[H:20])[S:6][C:4](=[N:5][H:16])[C:2](=[O:3])[C:1]([H:13])([H:14])[H:15]
[H:23][C:8](=[O:9])[C:7]1([C:6]([C:5]1([H:19])[C:4]([H:17])([H:18])[C:3]([H:15])([H:16])[C:2]([H:13])([H:14])[C:1]([H:10])([H:11])[H:12])([H:20])[H:21])[H:22],[H:23][C:8](=[O:9])[C:7]1([C:6]([C:5]1([H:19])[C:4]([H:17])([H:18])[C:3]([H:15])([H:16])[C:2]([H:13])([H:14])[C:1]([H:10])([H:11])[H:12])([H:20])[H:21])[H:22]
[H:10][C:1]1=[C:5]([O:4][N:3]=[C:2]1[H:11])[C:6]([H:12])([H:13])[C:7]([H:14])([H:15])[C:8]([H:16])([H:17])[N+:9]([H:18])([H:19])[H:20],[H:10][C:1]1=[C:5]([O:4][N:3]=[C:2]1[H:11])[C:6]([H:12])([H:13])[C:7]([H:14])([H:15])[C:8]([H:16])([H:17])[N+:9]([H:18])([H:19])[H:20]
[H:9][C:1]([H:10])([H:11])[C:2]([H:12])([H:13])[C:3]([C:4]([H:14])([H:15])[C:5]([H:16])([H:17])[H:18])([C:6]([H:19])([H:20])[O:7][H:21])[N:8]([H:22])[H:23],[H:9][C:1]([H:10])([H:11])[C:2]([H:12])([H:13])[C:3]([C:4]([H:14])([H:15])[C:5]([H:16])([H:17])[H:18])([C:6]([H:19])([H:20])[O:7][H:21])[N:8]([H:22])[H:23]
[H:30][C:11]([H:31])([H:32])[C:10]([H:29])([C:12]([H:33])([H:34])[H:35])[Si:7]([C:8]([H:23])([H:24])[H:25])([C:9]([H:26])([H:27])[H:28])[C:6]([H:21])([H:22])[C:5]([H:19])([H:20])[S:4][C:3]([H:17])([H:18])[C:2]([H:15])([H:16])[N:1]([H:13])[H:14],[H:30][C:11]([H:31])([H:32])[C:10]([H:29])([C:12]([H:33])([H:34])[H:35])[Si:7]([C:8]([H:23])([H:24])[H:25])([C:9]([H:26])([H:27])[H:28])[C:6]([H:21])([H:22])[C:5]([H:19])([H:20])[S:4][C:3]([H:17])([H:18])[C:2]([H:15])([H:16])[N:1]([H:13])[H:14]
[H:18][C:5]1([C:4]([C:3]([C:8]([C:7]([C:6]1([H:20])[N:9]([H:25])[H:26])([H:21])[H:22])([H:23])[H:24])([C:2]([H:14])([H:15])[C:1]([H:11])([H:12])[H:13])[O:10][H:27])([H:16])[H:17])[H:19],[H:18][C:5]1([C:4]([C:3]([C:8]([C:7]([C:6]1([H:20])[N:9]([H:25])[H:26])([H:21])[H:22])([H:23])[H:24])([C:2]([H:14])([H:15])[C:1]([H:11])([H:12])[H:13])[O:10][H:27])([H:16])[H:17])[H:19]
[C:1]([N+:2]([C:3](/[C:4](=[N:5]/[H:14])[I:6])([H:12])[H:13])([H:10])[H:11])([H:7])([H:8])[H:9],[C:1]([N+:2]([C:3](/[C:4](=[N:5]\[H:14])[I:6])([H:12])[H:13])([H:10])[H:11])([H:7])([H:8])[H:9]
[H:27][C:9]1([C:10](=[O:11])[N:4]([C:5]([C:6]([C:7]([N+:8]1([H:25])[H:26])([H:23])[H:24])([H:21])[H:22])([H:19])[H:20])[C:3]([H:17])([H:18])[C:2]([H:15])([H:16])[C:1]([H:12])([H:13])[H:14])[H:28],[H:27][C:9]1([C:10](=[O:11])[N:4]([C:5]([C:6]([C:7]([N+:8]1([H:25])[H:26])([H:23])[H:24])([H:21])[H:22])([H:19])[H:20])[C:3]([H:17])([H:18])[C:2]([H:15])([H:16])[C:1]([H:12])([H:13])[H:14])[H:28]
[H:17][C:1](=[O:2])[C@@:3]1([C@:15]([C@@:13]([C@@:11]([C@:5]([O:4]1)([H:19])[O:6][Si:7]([C:8]([H:20])([H:21])[H:22])([O:9][H:23])[O:10][H:24])([H:25])[O:12][H:26])([H:27])[O:14][H:28])([H:29])[O:16][H:30])[H:18],[H:17][C:1](=[O:2])[C@:3]1([C@@:15]([C@:13]([C@:11]([C@:5]([O:4]1)([H:19])[O:6][Si:7]([C:8]([H:20])([H:21])[H:22])([O:9][H:23])[O:10][H:24])([H:25])[O:12][H:26])([H:27])[O:14][H:28])([H:29])[O:16][H:30])[H:18]
[H:11][C:1]([H:12])([H:13])[C:2]([H:14])([H:15])[N+:3]([H:16])([H:17])[C:4]([H:18])([H:19])[C:5]([H:20])([H:21])[C:6]([H:22])([H:23])[C:7]([H:24])([H:25])[C:8]([H:26])([H:27])[C:9]#[N:10],[H:11][C:1]([H:12])([H:13])[C:2]([H:14])([H:15])[N+:3]([H:16])([H:17])[C:4]([H:18])([H:19])[C:5]([H:20])([H:21])[C:6]([H:22])([H:23])[C:7]([H:24])([H:25])[C:8]([H:26])([H:27])[C:9]#[N:10]
[H:22][C:11](=[O:12])[C:8]([C:9]([H:16])([H:17])[H:18])([C:10]([H:19])([H:20])[H:21])[S:7][C:5]1=[N:4][N:3]=[C:2]([S:6]1)[C:1]([H:13])([H:14])[H:15],[H:22][C:11](=[O:12])[C:8]([C:9]([H:16])([H:17])[H:18])([C:10]([H:19])([H:20])[H:21])[S:7][C:5]1=[N:4][N:3]=[C:2]([S:6]1)[C:1]([H:13])([H:14])[H:15]
[H:19][C:1](=[O:2])[C@@:3]1([C@@:12]([C@:11]2([C@@:6]([C:5]1([H:22])[H:23])([C@@:7]([N:9]([C:10]2([H:30])[H:31])[H:29])([H:25])[C:8]([H:26])([H:27])[H:28])[H:24])[H:32])([H:33])[C:13]([H:34])([H:35])[C:14]([H:36])([H:37])[C:15]([H:38])([H:39])[B:16]([O:17][H:40])[O:18][H:41])[N:4]([H:20])[H:21],[H:19][C:1](=[O:2])[C@:3]1([C@:12]([C@:11]2([C@@:6]([C:5]1([H:22])[H:23])([C@:7]([N:9]([C:10]2([H:30])[H:31])[H:29])([H:25])[C:8]([H:26])([H:27])[H:28])[H:24])[H:32])([H:33])[C:13]([H:34])([H:35])[C:14]([H:36])([H:37])[C:15]([H:38])([H:39])[B:16]([O:17][H:40])[O:18][H:41])[N:4]([H:20])[H:21]
[H:26][C:9](=[O:10])[C:5]1([C:6]([N:7]([C:8]([N+:3]([C:4]1([H:19])[H:20])([H:18])[C:2]([H:16])([H:17])[C:1]([H:13])([H:14])[H:15])([H:24])[H:25])[H:23])([H:21])[H:22])[C:11](=[O:12])[H:27],[H:26][C:9](=[O:10])[C:5]1([C:6]([N:7]([C:8]([N+:3]([C:4]1([H:19])[H:20])([H:18])[C:2]([H:16])([H:17])[C:1]([H:13])([H:14])[H:15])([H:24])[H:25])[H:23])([H:21])[H:22])[C:11](=[O:12])[H:27]
[H:28][C:9](=[O:10])[C:4]([H:18])([C:5]([H:19])([H:20])[C:6]([H:21])([H:22])[C:7]([H:23])([H:24])[N+:8]([H:25])([H:26])[H:27])[C:2]([H:14])([C:1]([H:11])([H:12])[H:13])[C:3]([H:15])([H:16])[H:17],[H:28][C:9](=[O:10])[C:4]([H:18])([C:5]([H:19])([H:20])[C:6]([H:21])([H:22])[C:7]([H:23])([H:24])[N+:8]([H:25])([H:26])[H:27])[C:2]([H:14])([C:1]([H:11])([H:12])[H:13])[C:3]([H:15])([H:16])[H:17]
[H:22][C:6]1([C:7]([N+:8]([C:3]([C:4]([N:5]1[H:21])([H:19])[H:20])([H:18])[C:2]([H:16])([H:17])[C:1]([H:13])([H:14])[H:15])([H:26])[C:9]([H:27])([H:28])[C:10]([H:29])([H:30])[O:11][C:12]([H:31])([H:32])[H:33])([H:24])[H:25])[H:23],[H:22][C:6]1([C:7]([N+:8]([C:3]([C:4]([N:5]1[H:21])([H:19])[H:20])([H:18])[C:2]([H:16])([H:17])[C:1]([H:13])([H:14])[H:15])([H:26])[C:9]([H:27])([H:28])[C:10]([H:29])([H:30])[O:11][C:12]([H:31])([H:32])[H:33])([H:24])[H:25])[H:23]
[H:16][C:3]1=[N:4][C:5](=[C:6]([N:2]1[C:1]([H:13])([H:14])[H:15])[N+:7](=[O:8])[O-:9])[C:10]([H:17])([H:18])[C:11]([H:19])([H:20])[O:12][H:21],[H:16][C:3]1=[N:4][C:5](=[C:6]([N:2]1[C:1]([H:13])([H:14])[H:15])[N+:7](=[O:8])[O-:9])[C:10]([H:17])([H:18])[C:11]([H:19])([H:20])[O:12][H:21]
[H:16][C:4]1=[C:5]([N+:6](=[C:2]([N:3]1[H:15])[C:1]([H:12])([H:13])[H:14])[H:17])[C:7](=[O:8])[C:9]([H:18])([C:10]([H:19])([H:20])[H:21])[C:11]([H:22])([H:23])[H:24],[H:16][C:4]1=[C:5]([N+:6](=[C:2]([N:3]1[H:15])[C:1]([H:12])([H:13])[H:14])[H:17])[C:7](=[O:8])[C:9]([H:18])([C:10]([H:19])([H:20])[H:21])[C:11]([H:22])([H:23])[H:24]
[H:12][C:1]1([C:2]([C:3]1([H:16])[C:4]([H:17])([H:18])[C:5]([C:6]([H:19])([H:20])[S:7](=[O:8])[O-:9])([F:10])[F:11])([H:14])[H:15])[H:13],[H:12][C:1]1([C:2]([C:3]1([H:16])[C:4]([H:17])([H:18])[C:5]([C:6]([H:19])([H:20])[S:7](=[O:8])[O-:9])([F:10])[F:11])([H:14])[H:15])[H:13]
[H:22][C:10](=[O:11])[C:6]([C:7]([H:17])([H:18])[H:19])([C:8]([H:20])([H:21])[Cl:9])[S:3](=[O:4])(=[O:5])[C:2]([H:15])([H:16])[C:1]([H:12])([H:13])[H:14],[H:22][C:10](=[O:11])[C:6]([C:7]([H:17])([H:18])[H:19])([C:8]([H:20])([H:21])[Cl:9])[S:3](=[O:4])(=[O:5])[C:2]([H:15])([H:16])[C:1]([H:12])([H:13])[H:14]
[N:1]([c:2]1[n:3][c:4]([H:14])[n:5][c:6]2[c:7]1[N:8]([H:15])[C@@:9]([I:10])([H:16])[N:11]2[H:17])([H:12])[H:13],[N:1]([c:2]1[n:3][c:4]([H:14])[n:5][c:6]2[c:7]1[N:8]([H:15])[C@:9]([I:10])([H:16])[N:11]2[H:17])([H:12])[H:13]
[H:18][C:8]1([C:9]([C:7]1([H:17])[N:6]([H:16])[C:3]([H:15])([C:4]#[N:5])[C:2]([H:13])([H:14])[C:1]([H:10])([H:11])[H:12])([H:20])[H:21])[H:19],[H:18][C:8]1([C:9]([C:7]1([H:17])[N:6]([H:16])[C:3]([H:15])([C:4]#[N:5])[C:2]([H:13])([H:14])[C:1]([H:10])([H:11])[H:12])([H:20])[H:21])[H:19]
[H:20][C@:3]1([C@@:12]([O:15][C:1]([C:2]1([H:18])[H:19])([H:16])[H:17])([H:36])[C:13]([H:37])([H:38])[O:14][H:39])[O:4][Si:5]([C:6]([H:21])([H:22])[H:23])([C:7]([H:24])([H:25])[H:26])[C:8]([C:9]([H:27])([H:28])[H:29])([C:10]([H:30])([H:31])[H:32])[C:11]([H:33])([H:34])[H:35],[H:20][C@@:3]1([C@@:12]([O:15][C:1]([C:2]1([H:18])[H:19])([H:16])[H:17])([H:36])[C:13]([H:37])([H:38])[O:14][H:39])[O:4][Si:5]([C:6]([H:21])([H:22])[H:23])([C:7]([H:24])([H:25])[H:26])[C:8]([C:9]([H:27])([H:28])[H:29])([C:10]([H:30])([H:31])[H:32])[C:11]([H:33])([H:34])[H:35]
[H:11][C:1]([C:2]([F:3])([F:4])[Cl:5])([C:6]([F:7])([F:8])[Cl:9])[O:10][H:12],[H:11][C:1]([C:2]([F:3])([F:4])[Cl:5])([C:6]([F:7])([F:8])[Cl:9])[O:10][H:12]
[H:16][c:6]1[n:7][c:2]([c:3]([c:4]([n:5]1)[S:8][C:9]([H:17])([H:18])[C:10](=[O:11])[H:19])[Cl:12])[C:1]([H:13])([H:14])[H:15],[H:16][c:6]1[n:7][c:2]([c:3]([c:4]([n:5]1)[S:8][C:9]([H:17])([H:18])[C:10](=[O:11])[H:19])[Cl:12])[C:1]([H:13])([H:14])[H:15]
[H:18][C:10](=[O:11])[C:9]([H:16])([H:17])[S:8][C:3]1=[N:4][C:5](=[N:6][N:2]1[C:1]([H:12])([H:13])[H:14])[O:7][H:15],[H:18][C:10](=[O:11])[C:9]([H:16])([H:17])[S:8][C:3]1=[N:4][C:5](=[N:6][N:2]1[C:1]([H:12])([H:13])[H:14])[O:7][H:15]
[H:17][C:3]1([C:4]([N:5]([C:6]([C:7]([C:8]([C:2]1([H:16])[C:1]([H:13])([H:14])[H:15])([H:25])[C:9]([H:26])([H:27])[C:10]([H:28])([H:29])[N+:11]([H:30])([H:31])[H:32])([H:24])[O:12][H:33])([H:22])[H:23])[H:21])([H:19])[H:20])[H:18],[H:17][C:3]1([C:4]([N:5]([C:6]([C:7]([C:8]([C:2]1([H:16])[C:1]([H:13])([H:14])[H:15])([H:25])[C:9]([H:26])([H:27])[C:10]([H:28])([H:29])[N+:11]([H:30])([H:31])[H:32])([H:24])[O:12][H:33])([H:22])[H:23])[H:21])([H:19])[H:20])[H:18]
[H:12][C:1]1([C:2]([C:3]([N+:4]([C:5]([C:6]1([H:21])[H:22])([H:20])[C:7]([H:23])([H:24])[C:8]([H:25])([H:26])[C:9](=[N+:10]([H:27])[H:28])[N:11]([H:29])[H:30])([H:18])[H:19])([H:16])[H:17])([H:14])[H:15])[H:13],[H:12][C:1]1([C:2]([C:3]([N+:4]([C:5]([C:6]1([H:21])[H:22])([H:20])[C:7]([H:23])([H:24])[C:8]([H:25])([H:26])[C:9](=[N+:10]([H:27])[H:28])[N:11]([H:29])[H:30])([H:18])[H:19])([H:16])[H:17])([H:14])[H:15])[H:13]
[H:11][C:1]([H:12])([H:13])[C:2]([H:14])([H:15])[O:3][C:4]([H:16])([H:17])[C:5]([H:18])([C:6]([H:19])([H:20])[H:21])[C:7]([H:22])([H:23])[S:8](=[O:9])[O-:10],[H:11][C:1]([H:12])([H:13])[C:2]([H:14])([H:15])[O:3][C:4]([H:16])([H:17])[C:5]([H:18])([C:6]([H:19])([H:20])[H:21])[C:7]([H:22])([H:23])[S:8](=[O:9])[O-:10]
[H:21][C:11](=[C:10]1[C:9]([C:8]([C:12]1([H:23])[H:24])([H:18])[C:5]2=[N:6][O:7][C:3](=[N:4]2)[C:2]([H:16])([H:17])[C:1]([H:13])([H:14])[H:15])([H:19])[H:20])[H:22],[H:21][C:11](=[C:10]1[C:9]([C:8]([C:12]1([H:23])[H:24])([H:18])[C:5]2=[N:6][O:7][C:3](=[N:4]2)[C:2]([H:16])([H:17])[C:1]([H:13])([H:14])[H:15])([H:19])[H:20])[H:22]
[H:10][C:1](=[O:2])[C@:3]([H:11])([C:4]([H:12])([H:13])[H:14])[O:5][Si:6]([C:7]([H:15])([H:16])[H:17])([C:8]([H:18])([H:19])[H:20])[C:9]([H:21])([H:22])[H:23],[H:10][C:1](=[O:2])[C@:3]([H:11])([C:4]([H:12])([H:13])[H:14])[O:5][Si:6]([C:7]([H:15])([H:16])[H:17])([C:8]([H:18])([H:19])[H:20])[C:9]([H:21])([H:22])[H:23]
[H:13][c:1]1[c:2]([c:3]([c:4]([c:5]([c:6]1[H:16])[F:7])[H:15])[C:8]([C:9]([H:17])([H:18])[N:10]([H:19])[H:20])([F:11])[F:12])[H:14],[H:13][c:1]1[c:2]([c:3]([c:4]([c:5]([c:6]1[H:16])[F:7])[H:15])[C:8]([C:9]([H:17])([H:18])[N:10]([H:19])[H:20])([F:11])[F:12])[H:14]
[H:20][C:4]1=[C:5]([C:9]([C@@:10]([C@:2]([C:3]1([H:18])[H:19])([H:17])[N:1]([H:15])[H:16])([H:25])[N:11]([H:26])/[C:12](=[N:13]\[H:27])/[N:14]([H:28])[H:29])([H:23])[H:24])[B:6]([O:7][H:21])[O:8][H:22],[H:20][C:4]1=[C:5]([C:9]([C@@:10]([C@@:2]([C:3]1([H:18])[H:19])([H:17])[N:1]([H:15])[H:16])([H:25])[N:11]([H:26])/[C:12](=[N:13]\[H:27])/[N:14]([H:28])[H:29])([H:23])[H:24])[B:6]([O:7][H:21])[O:8][H:22]
[H:19][c:6]1[c:5]([c:4]([c:9]([c:8]([c:7]1[C:11]([H:24])([H:25])[N:12]([H:26])[H:27])[H:20])[C:10]([H:21])([H:22])[H:23])[O:3][C:2]([H:16])([H:17])[C:1]([H:13])([H:14])[H:15])[H:18],[H:19][c:6]1[c:5]([c:4]([c:9]([c:8]([c:7]1[C:11]([H:24])([H:25])[N:12]([H:26])[H:27])[H:20])[C:10]([H:21])([H:22])[H:23])[O:3][C:2]([H:16])([H:17])[C:1]([H:13])([H:14])[H:15])[H:18]
[H:10][C:1]([H:11])([H:12])[C:2]([H:13])([H:14])[C:3]([H:15])([H:16])[C:4]([H:17])([C:5]([H:18])([H:19])[C:6]([H:20])([H:21])[H:22])[S:7](=[O:8])[O-:9],[H:10][C:1]([H:11])([H:12])[C:2]([H:13])([H:14])[C:3]([H:15])([H:16])[C:4]([H:17])([C:5]([H:18])([H:19])[C:6]([H:20])([H:21])[H:22])[S:7](=[O:8])[O-:9]
[H:24][c:11]1[c:12]([c:13]([c:14]2[c:15]([c:6]([c:7]([c:8]([c:9]2[c:10]1[H:23])[H:22])[H:21])[C@:2]([H:18])([B:3]([O:4][H:19])[O:5][H:20])[N:1]([H:16])[H:17])[H:27])[H:26])[H:25],[H:24][c:11]1[c:12]([c:13]([c:14]2[c:15]([c:6]([c:7]([c:8]([c:9]2[c:10]1[H:23])[H:22])[H:21])[C@:2]([H:18])([B:3]([O:4][H:19])[O:5][H:20])[N:1]([H:16])[H:17])[H:27])[H:26])[H:25]
[N+:1]([C@:2]([C:3](=[O:4])[H:15])([C@@:5]1([H:16])[C:6]([H:17])([H:18])[C:7]([I:8])=[N:9][O:10]1)[H:14])([H:11])([H:12])[H:13],[N+:1]([C@@:2]([C:3](=[O:4])[H:15])([C@@:5]1([H:16])[C:6]([H:17])([H:18])[C:7]([I:8])=[N:9][O:10]1)[H:14])([H:11])([H:12])[H:13]
[H:16][C:4]1([C:5]([C:6]([C:3]1([C:2]([H:14])([H:15])[C:1]([H:11])([H:12])[H:13])[C:9]([H:22])([H:23])[O:10][H:24])([H:19])[H:20])([H:18])[N:7]=[N:8][H:21])[H:17],[H:16][C:4]1([C:5]([C:6]([C:3]1([C:2]([H:14])([H:15])[C:1]([H:11])([H:12])[H:13])[C:9]([H:22])([H:23])[O:10][H:24])([H:19])[H:20])([H:18])[N:7]=[N:8][H:21])[H:17]
[H:11][C:1]([H:12])([H:13])[C:2]([C:3]([H:14])([H:15])[H:16])([C:4]([H:17])([H:18])[C:5]([H:19])([H:20])[C:6]([H:21])([H:22])[N:7]([C:8]([H:23])([H:24])[H:25])[C:9]([H:26])([H:27])[H:28])[N:10]([H:29])[H:30],[H:11][C:1]([H:12])([H:13])[C:2]([C:3]([H:14])([H:15])[H:16])([C:4]([H:17])([H:18])[C:5]([H:19])([H:20])[C:6]([H:21])([H:22])[N:7]([C:8]([H:23])([H:24])[H:25])[C:9]([H:26])([H:27])[H:28])[N:10]([H:29])[H:30]
[H:14][C:3](=[O:4])[C:2]([H:13])([C:1]([H:10])([H:11])[H:12])[C:5]([H:15])([C:6]([H:16])([H:17])[H:18])[S:7](=[O:8])[O-:9],[H:14][C:3](=[O:4])[C:2]([H:13])([C:1]([H:10])([H:11])[H:12])[C:5]([H:15])([C:6]([H:16])([H:17])[H:18])[S:7](=[O:8])[O-:9]
[H:12][C:1]1([C:2]([N+:3]([C:4]([C:5]([C:6]1([H:22])[C:7]([H:23])([H:24])[C:8]([H:25])([H:26])[C:9]([H:27])([H:28])[C:10]#[N:11])([H:20])[H:21])([H:18])[H:19])([H:16])[H:17])([H:14])[H:15])[H:13],[H:12][C:1]1([C:2]([N+:3]([C:4]([C:5]([C:6]1([H:22])[C:7]([H:23])([H:24])[C:8]([H:25])([H:26])[C:9]([H:27])([H:28])[C:10]#[N:11])([H:20])[H:21])([H:18])[H:19])([H:16])[H:17])([H:14])[H:15])[H:13]
[H:13][C:1]1([C:2]([C:3]([O:4][C:5]([C:6]1([H:20])[O:7][H:21])([H:18])[H:19])([H:17])[S:8][C:9]([H:22])([H:23])[C:10](=[O:11])[N:12]([H:24])[H:25])([H:15])[H:16])[H:14],[H:13][C:1]1([C:2]([C:3]([O:4][C:5]([C:6]1([H:20])[O:7][H:21])([H:18])[H:19])([H:17])[S:8][C:9]([H:22])([H:23])[C:10](=[O:11])[N:12]([H:24])[H:25])([H:15])[H:16])[H:14]
[H:8][C:1]([H:9])([H:10])[N+:2]([H:11])([H:12])[C:3]([H:13])([H:14])[C:4]([H:15])([H:16])[C:5](=[O:6])[N:7]([H:17])[H:18],[H:8][C:1]([H:9])([H:10])[N+:2]([H:11])([H:12])[C:3]([H:13])([H:14])[C:4]([H:15])([H:16])[C:5](=[O:6])[N:7]([H:17])[H:18]
[H:10][C:1]1=[C:5]([N:4]([N:3]=[C:2]1[H:11])[H:12])[C:6](=[O:7])[C:8]([H:13])([H:14])[O:9][H:15],[H:10][C:1]1=[C:5]([N:4]([N:3]=[C:2]1[H:11])[H:12])[C:6](=[O:7])[C:8]([H:13])([H:14])[O:9][H:15]
[H:16][C:6]1=[C:5]([C:4](=[C:3]([O:7]1)[N:2]([H:15])[C:1]([H:12])([H:13])[H:14])[C:10](=[O:11])[H:20])[N:8]([H:17])[N:9]([H:18])[H:19],[H:16][C:6]1=[C:5]([C:4](=[C:3]([O:7]1)[N:2]([H:15])[C:1]([H:12])([H:13])[H:14])[C:10](=[O:11])[H:20])[N:8]([H:17])[N:9]([H:18])[H:19]
[H:22][C:6](=[O:7])[C:5]([H:21])([C:4]([H:19])([H:20])[C:2]([H:15])([C:1]([H:12])([H:13])[H:14])[C:3]([H:16])([H:17])[H:18])[C:8]([H:23])([C:9]([H:24])([H:25])[S:10][H:26])[O:11][H:27],[H:22][C:6](=[O:7])[C:5]([H:21])([C:4]([H:19])([H:20])[C:2]([H:15])([C:1]([H:12])([H:13])[H:14])[C:3]([H:16])([H:17])[H:18])[C:8]([H:23])([C:9]([H:24])([H:25])[S:10][H:26])[O:11][H:27]
[H:16][C:5]1([C:4]([C:3]([C:8]([N:7]([C:6]1([H:18])[H:19])[H:20])([H:21])[H:22])([C:9]([H:23])([H:24])[O:10][H:25])[O:2][C:1]([H:11])([H:12])[H:13])([H:14])[H:15])[H:17],[H:16][C:5]1([C:4]([C:3]([C:8]([N:7]([C:6]1([H:18])[H:19])[H:20])([H:21])[H:22])([C:9]([H:23])([H:24])[O:10][H:25])[O:2][C:1]([H:11])([H:12])[H:13])([H:14])[H:15])[H:17]
[H:20][c:8]1[c:7]([c:6]([c:5]([c:10]([c:9]1[H:21])[B:11]([O:12][H:22])[O:13][H:23])[N:4]([H:17])/[C:2](=[N:1]\[H:14])/[N:3]([H:15])[H:16])[H:18])[H:19],[H:20][c:8]1[c:7]([c:6]([c:5]([c:10]([c:9]1[H:21])[B:11]([O:12][H:22])[O:13][H:23])[N:4]([H:17])/[C:2](=[N:1]\[H:14])/[N:3]([H:15])[H:16])[H:18])[H:19]
[H:13][C:1]1([C:2]([C:3]1([H:17])[C:4]2([C:5]([N:6]([C:7]([C:8]([O:9]2)([H:23])[H:24])([H:21])[H:22])[H:20])([H:18])[H:19])[C:10]3([C:11]([C:12]3([H:28])[H:29])([H:26])[H:27])[H:25])([H:15])[H:16])[H:14],[H:13][C:1]1([C:2]([C:3]1([H:17])[C:4]2([C:5]([N:6]([C:7]([C:8]([O:9]2)([H:23])[H:24])([H:21])[H:22])[H:20])([H:18])[H:19])[C:10]3([C:11]([C:12]3([H:28])[H:29])([H:26])[H:27])[H:25])([H:15])[H:16])[H:14]
[H:9][C:1]1([C:2]([C:3]([N+:4]1([H:13])[H:14])([H:12])[C:5]([H:15])([H:16])[O:6][H:17])([H:11])[C:7]([H:18])([H:19])[O:8][H:20])[H:10],[H:9][C:1]1([C:2]([C:3]([N+:4]1([H:13])[H:14])([H:12])[C:5]([H:15])([H:16])[O:6][H:17])([H:11])[C:7]([H:18])([H:19])[O:8][H:20])[H:10]
[H:13][C:1]([H:14])([H:15])[C:2]([H:16])([H:17])[C:3]1=[N:7][O:6][C:5](=[N:4]1)[C:8]([H:18])([H:19])[C:9]([H:20])([C:10]([H:21])([H:22])[H:23])[C:11]([H:24])([H:25])[C:12]([H:26])([H:27])[H:28],[H:13][C:1]([H:14])([H:15])[C:2]([H:16])([H:17])[C:3]1=[N:7][O:6][C:5](=[N:4]1)[C:8]([H:18])([H:19])[C:9]([H:20])([C:10]([H:21])([H:22])[H:23])[C:11]([H:24])([H:25])[C:12]([H:26])([H:27])[H:28]
[H:16][C:5]1=[C:4]([N:8]([C:7](=[N+:6]1[H:17])[N:9]([H:19])[H:20])[H:18])[C:3]([H:15])([O:2][C:1]([H:12])([H:13])[H:14])[O:10][C:11]([H:21])([H:22])[H:23],[H:16][C:5]1=[C:4]([N:8]([C:7](=[N+:6]1[H:17])[N:9]([H:19])[H:20])[H:18])[C:3]([H:15])([O:2][C:1]([H:12])([H:13])[H:14])[O:10][C:11]([H:21])([H:22])[H:23]
[H:24][C:9](=[O:10])[C:8]([H:22])([H:23])[C:7]([H:20])([H:21])[C:3]1([C:2]([C:1]([C:6]([O:5][C:4]1([H:16])[H:17])([H:18])[H:19])([H:11])[H:12])([H:13])[H:14])[H:15],[H:24][C:9](=[O:10])[C:8]([H:22])([H:23])[C:7]([H:20])([H:21])[C:3]1([C:2]([C:1]([C:6]([O:5][C:4]1([H:16])[H:17])([H:18])[H:19])([H:11])[H:12])([H:13])[H:14])[H:15]
[H:13][c:1]1[c:2]([c:3]([c:4]([c:5]([c:6]1[C:7]([H:17])([H:18])[S:8][C:9]([H:19])([H:20])[C:10](=[O:11])[H:21])[H:16])[H:15])[Br:12])[H:14],[H:13][c:1]1[c:2]([c:3]([c:4]([c:5]([c:6]1[C:7]([H:17])([H:18])[S:8][C:9]([H:19])([H:20])[C:10](=[O:11])[H:21])[H:16])[H:15])[Br:12])[H:14]
[H:18][c:7]1[c:8]([c:9]([c:4]([c:5]([c:6]1[O:11][H:21])[H:17])[S:3][C:2]([H:15])([H:16])[C:1]([H:12])([H:13])[H:14])[O:10][H:20])[H:19],[H:18][c:7]1[c:8]([c:9]([c:4]([c:5]([c:6]1[O:11][H:21])[H:17])[S:3][C:2]([H:15])([H:16])[C:1]([H:12])([H:13])[H:14])[O:10][H:20])[H:19]
[H:25][C:10](=[O:11])[C:5](=[C:6]([C:7]([H:21])([H:22])[O:8][H:23])[O:9][H:24])[C:4]([H:19])([H:20])[C:2]([H:15])([C:1]([H:12])([H:13])[H:14])[C:3]([H:16])([H:17])[H:18],[H:25][C:10](=[O:11])[C:5](=[C:6]([C:7]([H:21])([H:22])[O:8][H:23])[O:9][H:24])[C:4]([H:19])([H:20])[C:2]([H:15])([C:1]([H:12])([H:13])[H:14])[C:3]([H:16])([H:17])[H:18]
[H:13][C:1]1=[C:2]([S:3][C:4](=[C:5]1[C:6]2([C:7]([C:8]2([H:18])[C:9]([H:19])([H:20])[N+:10]([H:21])([H:22])[H:23])([H:16])[H:17])[C:11](=[O:12])[H:24])[H:15])[H:14],[H:13][C:1]1=[C:2]([S:3][C:4](=[C:5]1[C:6]2([C:7]([C:8]2([H:18])[C:9]([H:19])([H:20])[N+:10]([H:21])([H:22])[H:23])([H:16])[H:17])[C:11](=[O:12])[H:24])[H:15])[H:14]
[H:13][C:1]([H:14])([H:15])[C:2]([H:16])([H:17])[C:3]([H:18])([H:19])[C:4]([H:20])([H:21])[C:5]#[C:6][C:7]([H:22])([C:8]([H:23])([C:9]([H:24])([H:25])[O:10][H:26])[N:11]([H:27])[H:28])[O:12][H:29],[H:13][C:1]([H:14])([H:15])[C:2]([H:16])([H:17])[C:3]([H:18])([H:19])[C:4]([H:20])([H:21])[C:5]#[C:6][C:7]([H:22])([C:8]([H:23])([C:9]([H:24])([H:25])[O:10][H:26])[N:11]([H:27])[H:28])[O:12][H:29]
[H:15][C:3]1=[C:4]([O:5][N:6]=[C:2]1[C:1]([H:12])([H:13])[H:14])[C:7]([H:16])([H:17])[C:8](=[O:9])[C:10]([H:18])([H:19])[N+:11]([H:20])([H:21])[H:22],[H:15][C:3]1=[C:4]([O:5][N:6]=[C:2]1[C:1]([H:12])([H:13])[H:14])[C:7]([H:16])([H:17])[C:8](=[O:9])[C:10]([H:18])([H:19])[N+:11]([H:20])([H:21])[H:22]
[H:15][C:3]1([C:4]([N+:5]([C:6]([C:7]([N:2]1[C:1]([H:12])([H:13])[H:14])([H:23])[C:8]([H:24])([C:9]([H:25])([H:26])[N+:10]([H:27])([H:28])[H:29])[O:11][H:30])([H:21])[H:22])([H:19])[H:20])([H:17])[H:18])[H:16],[H:15][C:3]1([C:4]([N+:5]([C:6]([C:7]([N:2]1[C:1]([H:12])([H:13])[H:14])([H:23])[C:8]([H:24])([C:9]([H:25])([H:26])[N+:10]([H:27])([H:28])[H:29])[O:11][H:30])([H:21])[H:22])([H:19])[H:20])([H:17])[H:18])[H:16]
[H:15][C:1](=[O:2])[C@@:3]([H:16])([C@:5]([H:18])([C@@:7]1([C@@:12]([O:11][B:9]([O:8]1)[O:10][H:21])([H:22])[C:13]([H:23])([H:24])[O:14][H:25])[H:20])[O:6][H:19])[O:4][H:17],[H:15][C:1](=[O:2])[C@@:3]([H:16])([C@:5]([H:18])([C@:7]1([C@@:12]([O:11][B:9]([O:8]1)[O:10][H:21])([H:22])[C:13]([H:23])([H:24])[O:14][H:25])[H:20])[O:6][H:19])[O:4][H:17]
[H:11][C:1]1([C:2]([C:3]([C:4]([N:5]1[H:17])([H:15])[H:16])([H:14])[N:6]=[N+:7]=[N-:8])([H:13])[C:9]([H:18])([H:19])[O:10][H:20])[H:12],[H:11][C:1]1([C:2]([C:3]([C:4]([N:5]1[H:17])([H:15])[H:16])([H:14])[N:6]=[N+:7]=[N-:8])([H:13])[C:9]([H:18])([H:19])[O:10][H:20])[H:12]
[H:24][C:8]1([C:9]([C:10]([C:6]([C:7]1([H:22])[H:23])([C:2]([C:1]([H:12])([H:13])[H:14])([C:3]([H:15])([H:16])[H:17])[C:4]([H:18])([H:19])[N:5]([H:20])[H:21])[O:11][H:30])([H:28])[H:29])([H:26])[H:27])[H:25],[H:24][C:8]1([C:9]([C:10]([C:6]([C:7]1([H:22])[H:23])([C:2]([C:1]([H:12])([H:13])[H:14])([C:3]([H:15])([H:16])[H:17])[C:4]([H:18])([H:19])[N:5]([H:20])[H:21])[O:11][H:30])([H:28])[H:29])([H:26])[H:27])[H:25]
[H:26][C:8](=[O:9])[C:7]([H:24])([H:25])[C:5]([C:10](=[O:11])[H:27])([C:6]([H:21])([H:22])[H:23])[C:4]([H:19])([H:20])[C:2]([H:15])([C:1]([H:12])([H:13])[H:14])[C:3]([H:16])([H:17])[H:18],[H:26][C:8](=[O:9])[C:7]([H:24])([H:25])[C:5]([C:10](=[O:11])[H:27])([C:6]([H:21])([H:22])[H:23])[C:4]([H:19])([H:20])[C:2]([H:15])([C:1]([H:12])([H:13])[H:14])[C:3]([H:16])([H:17])[H:18]
[H:21][c:5]1[c:6]([c:7]([c:12]([c:15]([c:4]1[C@:2]([H:19])([C:1]([H:16])([H:17])[H:18])[O:3][H:20])[H:28])[C:13]([H:25])([H:26])[O:14][H:27])[O:8][B:9]([O:10][H:23])[O:11][H:24])[H:22],[H:21][c:5]1[c:6]([c:7]([c:12]([c:15]([c:4]1[C@@:2]([H:19])([C:1]([H:16])([H:17])[H:18])[O:3][H:20])[H:28])[C:13]([H:25])([H:26])[O:14][H:27])[O:8][B:9]([O:10][H:23])[O:11][H:24])[H:22]
[H:31][C:12]1=[N+:11]([C:10]([C:9]([N:8]1[C:5]([H:22])([C:4]([H:20])([H:21])[C:2]([H:16])([C:1]([H:13])([H:14])[H:15])[C:3]([H:17])([H:18])[H:19])[C:6]([H:23])([H:24])[O:7][H:25])([H:26])[H:27])([H:28])[H:29])[H:30],[H:31][C:12]1=[N+:11]([C:10]([C:9]([N:8]1[C:5]([H:22])([C:4]([H:20])([H:21])[C:2]([H:16])([C:1]([H:13])([H:14])[H:15])[C:3]([H:17])([H:18])[H:19])[C:6]([H:23])([H:24])[O:7][H:25])([H:26])[H:27])([H:28])[H:29])[H:30]
[H:22][C:7](=[O:8])[C:6]([H:20])([H:21])[C@:5]1([C:4]([C:3]([C@:2]([B:10]([O:9]1)[O:11][H:23])([H:14])[N:1]([H:12])[H:13])([H:15])[H:16])([H:17])[H:18])[H:19],[H:22][C:7](=[O:8])[C:6]([H:20])([H:21])[C@@:5]1([C:4]([C:3]([C@@:2]([B:10]([O:9]1)[O:11][H:23])([H:14])[N:1]([H:12])[H:13])([H:15])[H:16])([H:17])[H:18])[H:19]
[H:10][C:1]([H:11])([H:12])[C:2]([H:13])([C:3]([H:14])([H:15])[H:16])[C:4]([H:17])([C:5]([H:18])([H:19])[N:6]=[N+:7]=[N-:8])[N+:9]([H:20])([H:21])[H:22],[H:10][C:1]([H:11])([H:12])[C:2]([H:13])([C:3]([H:14])([H:15])[H:16])[C:4]([H:17])([C:5]([H:18])([H:19])[N:6]=[N+:7]=[N-:8])[N+:9]([H:20])([H:21])[H:22]
[H:21][C:7](=[C:6]([C:8](=[O:9])[H:23])[C:5]([H:19])([H:20])[C:4]([H:17])([H:18])[C:3]([H:15])([H:16])[C:2]([H:13])([H:14])[C:1]([H:10])([H:11])[H:12])[H:22],[H:21][C:7](=[C:6]([C:8](=[O:9])[H:23])[C:5]([H:19])([H:20])[C:4]([H:17])([H:18])[C:3]([H:15])([H:16])[C:2]([H:13])([H:14])[C:1]([H:10])([H:11])[H:12])[H:22]
[H:10][C:1]([H:11])([H:12])[O:2][C:3]([H:13])([H:14])[C:4]([H:15])([H:16])[C:5]([H:17])([O:6][C:7]([H:18])([H:19])[H:20])[O:8][C:9]([H:21])([H:22])[H:23],[H:10][C:1]([H:11])([H:12])[O:2][C:3]([H:13])([H:14])[C:4]([H:15])([H:16])[C:5]([H:17])([O:6][C:7]([H:18])([H:19])[H:20])[O:8][C:9]([H:21])([H:22])[H:23]
[H:17][C:1](=[O:2])[C@:3]1([C@:15]([C@:13]([C@@:11]([C@:5]([O:4]1)([H:19])[O:6][Si:7]([C:8]([H:20])([H:21])[H:22])([O:9][H:23])[O:10][H:24])([H:25])[O:12][H:26])([H:27])[O:14][H:28])([H:29])[O:16][H:30])[H:18],[H:17][C:1](=[O:2])[C@:3]1([C@@:15]([C@:13]([C@:11]([C@:5]([O:4]1)([H:19])[O:6][Si:7]([C:8]([H:20])([H:21])[H:22])([O:9][H:23])[O:10][H:24])([H:25])[O:12][H:26])([H:27])[O:14][H:28])([H:29])[O:16][H:30])[H:18]
[H:12][C:1]([H:13])([H:14])[C:2]([H:15])([H:16])[C:3]([C:4]([H:17])([H:18])[H:19])([C:5]([H:20])([H:21])[H:22])[C:6]([H:23])([H:24])[C:7]([H:25])([H:26])[S:8](=[O:9])(=[O:10])[N:11]([H:27])[H:28],[H:12][C:1]([H:13])([H:14])[C:2]([H:15])([H:16])[C:3]([C:4]([H:17])([H:18])[H:19])([C:5]([H:20])([H:21])[H:22])[C:6]([H:23])([H:24])[C:7]([H:25])([H:26])[S:8](=[O:9])(=[O:10])[N:11]([H:27])[H:28]
[H:17][C:5]1([C:6]([C:7]([O:8][C:4]1([H:16])[C:3]([H:15])([O:2][C:1]([H:12])([H:13])[H:14])[O:10][C:11]([H:23])([H:24])[H:25])([H:20])[H:21])([H:19])[O:9][H:22])[H:18],[H:17][C:5]1([C:6]([C:7]([O:8][C:4]1([H:16])[C:3]([H:15])([O:2][C:1]([H:12])([H:13])[H:14])[O:10][C:11]([H:23])([H:24])[H:25])([H:20])[H:21])([H:19])[O:9][H:22])[H:18]
[H:15][C:7](=[S:8])[S:6][C:5]([H:13])([H:14])[C:1]([H:9])([H:10])[C:2]([H:11])([H:12])[C:3]#[N:4],[H:15][C:7](=[S:8])[S:6][C:5]([H:13])([H:14])[C:1]([H:9])([H:10])[C:2]([H:11])([H:12])[C:3]#[N:4]
[H:24][C:9](=[O:10])[C:6]1([C:5]([C:4]([C:8]([N+:7]1([H:20])[H:21])([H:22])[H:23])([H:16])[S:3][C:2]([H:14])([H:15])[C:1]([H:11])([H:12])[H:13])([H:17])[H:18])[H:19],[H:24][C:9](=[O:10])[C:6]1([C:5]([C:4]([C:8]([N+:7]1([H:20])[H:21])([H:22])[H:23])([H:16])[S:3][C:2]([H:14])([H:15])[C:1]([H:11])([H:12])[H:13])([H:17])[H:18])[H:19]
[H:12][C:1]1([C:2]([N:3]([C:4]([C:5]1([C:6]([H:19])([H:20])[N:7]=[C:8]([O:9][H:21])[Cl:10])[N+:11]([H:22])([H:23])[H:24])([H:17])[H:18])[H:16])([H:14])[H:15])[H:13],[H:12][C:1]1([C:2]([N:3]([C:4]([C:5]1([C:6]([H:19])([H:20])[N:7]=[C:8]([O:9][H:21])[Cl:10])[N+:11]([H:22])([H:23])[H:24])([H:17])[H:18])[H:16])([H:14])[H:15])[H:13]
[H:12][c:1]1[c:2]([c:3]([c:4]([c:5]([c:6]1[H:16])[H:15])[C:7]([H:17])([H:18])[N+:8]([H:19])([H:20])[C:9]([H:21])([H:22])[N:10]=[N:11][H:23])[H:14])[H:13],[H:12][c:1]1[c:2]([c:3]([c:4]([c:5]([c:6]1[H:16])[H:15])[C:7]([H:17])([H:18])[N+:8]([H:19])([H:20])[C:9]([H:21])([H:22])[N:10]=[N:11][H:23])[H:14])[H:13]
[H:12][C:1]1([C:2]([C:3]([N+:4]([C:5]([C:6]1([H:21])[H:22])([H:19])[H:20])([H:18])[C:7]([H:23])([H:24])[C:8](=[O:9])[C:10]([H:25])([H:26])[O:11][H:27])([H:16])[H:17])([H:14])[H:15])[H:13],[H:12][C:1]1([C:2]([C:3]([N+:4]([C:5]([C:6]1([H:21])[H:22])([H:19])[H:20])([H:18])[C:7]([H:23])([H:24])[C:8](=[O:9])[C:10]([H:25])([H:26])[O:11][H:27])([H:16])[H:17])([H:14])[H:15])[H:13]
[H:16][C:4]1([C:5]([C:6]([C:7]([C:8]([C:3]1([H:15])[O:2][C:1]([H:12])([H:13])[H:14])([H:23])[H:24])([H:21])[H:22])([H:20])[S:9](=[O:10])[O-:11])([H:18])[H:19])[H:17],[H:16][C:4]1([C:5]([C:6]([C:7]([C:8]([C:3]1([H:15])[O:2][C:1]([H:12])([H:13])[H:14])([H:23])[H:24])([H:21])[H:22])([H:20])[S:9](=[O:10])[O-:11])([H:18])[H:19])[H:17]
[H:31][c:10]1[c:11]([c:12]([c:14]([c:15]([c:9]1[C@:2]([C:1]([H:16])([H:17])[H:18])([C:4]([H:20])([H:21])[Si:5]([C:6]([H:22])([H:23])[H:24])([C:7]([H:25])([H:26])[H:27])[C:8]([H:28])([H:29])[H:30])[O:3][H:19])[H:34])[H:33])[F:13])[H:32],[H:31][c:10]1[c:11]([c:12]([c:14]([c:15]([c:9]1[C@@:2]([C:1]([H:16])([H:17])[H:18])([C:4]([H:20])([H:21])[Si:5]([C:6]([H:22])([H:23])[H:24])([C:7]([H:25])([H:26])[H:27])[C:8]([H:28])([H:29])[H:30])[O:3][H:19])[H:34])[H:33])[F:13])[H:32]
[H:13][C:1]1=[C:2]([S:3][C:4](=[C:5]1[C:6]2([C:7]([N:8]([C:9]([C:10]2([H:22])[C:11]([H:23])([H:24])[O:12][H:25])([H:20])[H:21])[H:19])([H:17])[H:18])[H:16])[H:15])[H:14],[H:13][C:1]1=[C:2]([S:3][C:4](=[C:5]1[C:6]2([C:7]([N:8]([C:9]([C:10]2([H:22])[C:11]([H:23])([H:24])[O:12][H:25])([H:20])[H:21])[H:19])([H:17])[H:18])[H:16])[H:15])[H:14]
[H:17][C:7]1([C:3]2([C:4]([C:2]2([C:1]([H:13])([H:14])[H:15])[C:12]([H:24])([H:25])[H:26])([C:5]([O:6]1)([H:16])[C:8]([H:19])([H:20])[O:9][H:21])[O:10][H:22])[O:11][H:23])[H:18],[H:17][C:7]1([C:3]2([C:4]([C:2]2([C:1]([H:13])([H:14])[H:15])[C:12]([H:24])([H:25])[H:26])([C:5]([O:6]1)([H:16])[C:8]([H:19])([H:20])[O:9][H:21])[O:10][H:22])[O:11][H:23])[H:18]
[H:11][C:1]([H:12])([H:13])[C:2]([H:14])([H:15])[C:3]([H:16])([H:17])[Si:4]([C:5]([H:18])([H:19])[C:6]([H:20])([H:21])[H:22])([C:7]([H:23])([H:24])[C:8]([H:25])([H:26])[H:27])[C:9]([H:28])([H:29])[C:10]([H:30])([H:31])[H:32],[H:11][C:1]([H:12])([H:13])[C:2]([H:14])([H:15])[C:3]([H:16])([H:17])[Si:4]([C:5]([H:18])([H:19])[C:6]([H:20])([H:21])[H:22])([C:7]([H:23])([H:24])[C:8]([H:25])([H:26])[H:27])[C:9]([H:28])([H:29])[C:10]([H:30])([H:31])[H:32]
[H:11][C:1]([H:12])([H:13])[C:2]([H:14])([H:15])[C:3]([H:16])([C:4]([H:17])([H:18])[H:19])[S:5][P:6](=[O:7])([H:20])[O:8][C:9]([H:21])([H:22])[C:10]([H:23])([H:24])[H:25],[H:11][C:1]([H:12])([H:13])[C:2]([H:14])([H:15])[C:3]([H:16])([C:4]([H:17])([H:18])[H:19])[S:5][P:6](=[O:7])([H:20])[O:8][C:9]([H:21])([H:22])[C:10]([H:23])([H:24])[H:25]
[H:12][C:1]([H:13])([H:14])[C:2]([H:15])([H:16])[C:3]([H:17])([C:4]([H:18])([H:19])[C:5]([H:20])([H:21])[H:22])[C:6]([H:23])([C:7]([H:24])([H:25])[N:8]([H:26])[H:27])[N+:9]([H:28])([C:10]([H:29])([H:30])[H:31])[C:11]([H:32])([H:33])[H:34],[H:12][C:1]([H:13])([H:14])[C:2]([H:15])([H:16])[C:3]([H:17])([C:4]([H:18])([H:19])[C:5]([H:20])([H:21])[H:22])[C:6]([H:23])([C:7]([H:24])([H:25])[N:8]([H:26])[H:27])[N+:9]([H:28])([C:10]([H:29])([H:30])[H:31])[C:11]([H:32])([H:33])[H:34]
[H:13][c:1]1[c:2]([c:3]([c:4]([c:5]([c:6]1[H:16])[C:7]([H:17])([H:18])[C:8]([H:19])([C:9]([H:20])([H:21])[N+:10]([H:22])([H:23])[H:24])[O:11][H:25])[F:12])[H:15])[H:14],[H:13][c:1]1[c:2]([c:3]([c:4]([c:5]([c:6]1[H:16])[C:7]([H:17])([H:18])[C:8]([H:19])([C:9]([H:20])([H:21])[N+:10]([H:22])([H:23])[H:24])[O:11][H:25])[F:12])[H:15])[H:14]
[H:14][C:4]1=[N:5][C:6]([C:2](=[C:3]1[C:7]([H:17])([H:18])[C:8]([H:19])([H:20])[C:9](=[O:10])[H:21])[C:1]([H:11])([H:12])[H:13])([H:15])[H:16],[H:14][C:4]1=[N:5][C:6]([C:2](=[C:3]1[C:7]([H:17])([H:18])[C:8]([H:19])([H:20])[C:9](=[O:10])[H:21])[C:1]([H:11])([H:12])[H:13])([H:15])[H:16]
[H:22][C:10]1=[C:11]([O:12][C:8](=[C:9]1[H:21])[C:7]([H:19])([H:20])[N:6]([H:18])[C:4](=[S:5])[O:3][C:2]([H:16])([H:17])[C:1]([H:13])([H:14])[H:15])[H:23],[H:22][C:10]1=[C:11]([O:12][C:8](=[C:9]1[H:21])[C:7]([H:19])([H:20])[N:6]([H:18])[C:4](=[S:5])[O:3][C:2]([H:16])([H:17])[C:1]([H:13])([H:14])[H:15])[H:23]
[H:19][C:9]1([C:7](=[O:8])[O:6][C:5]2([C:4]1([C:3]([C:2]([C:1]2([H:13])[H:14])([H:15])[O:12][H:24])([H:16])[C:10]([H:21])([H:22])[O:11][H:23])[H:17])[H:18])[H:20],[H:19][C:9]1([C:7](=[O:8])[O:6][C:5]2([C:4]1([C:3]([C:2]([C:1]2([H:13])[H:14])([H:15])[O:12][H:24])([H:16])[C:10]([H:21])([H:22])[O:11][H:23])[H:17])[H:18])[H:20]
[N+:1]([C@@:2]1([H:15])[N+:3]([H:16])=[C:4]([H:17])[N:5]([H:18])[C:6]2=[C:11]1[N:10]=[C:8]([I:9])[N:7]2[H:19])([H:12])([H:13])[H:14],[N+:1]([C@:2]1([H:15])[N+:3]([H:16])=[C:4]([H:17])[N:5]([H:18])[C:6]2=[C:11]1[N:10]=[C:8]([I:9])[N:7]2[H:19])([H:12])([H:13])[H:14]
[H:8][C:1]([H:9])([H:10])[C:2]([H:11])([H:12])[C:3]([H:13])([H:14])[C:4]([H:15])([N:5]=[O:6])[Cl:7],[H:8][C:1]([H:9])([H:10])[C:2]([H:11])([H:12])[C:3]([H:13])([H:14])[C:4]([H:15])([N:5]=[O:6])[Cl:7]
[H:20][C:8]1=[C:7]([N:11]=[C:10]([O:9]1)[H:21])[C:6]([H:18])([H:19])[N+:2]([H:15])([C:1]([H:12])([H:13])[H:14])[C:3]([H:16])([H:17])[C:4]#[N:5],[H:20][C:8]1=[C:7]([N:11]=[C:10]([O:9]1)[H:21])[C:6]([H:18])([H:19])[N+:2]([H:15])([C:1]([H:12])([H:13])[H:14])[C:3]([H:16])([H:17])[C:4]#[N:5]
[H:13][C:1]1([C:2]([C:3]([N:4]([C:5]1([H:19])[H:20])[C:6]([H:21])([H:22])[C:7]([H:23])([C:8]([F:9])([F:10])[F:11])[O:12][H:24])([H:17])[H:18])([H:15])[H:16])[H:14],[H:13][C:1]1([C:2]([C:3]([N:4]([C:5]1([H:19])[H:20])[C:6]([H:21])([H:22])[C:7]([H:23])([C:8]([F:9])([F:10])[F:11])[O:12][H:24])([H:17])[H:18])([H:15])[H:16])[H:14]
[H:20][C@@:6]1([C:4](=[O:5])[N:3]([C@@:2]1([H:18])[O:1][H:17])[H:19])[C@:7]([H:21])([C:8]([H:22])([H:23])[H:24])[O:9][Si:10]([C:11]([H:25])([H:26])[H:27])([C:12]([H:28])([H:29])[H:30])[C:13]([C:14]([H:31])([H:32])[H:33])([C:15]([H:34])([H:35])[H:36])[C:16]([H:37])([H:38])[H:39],[H:20][C@:6]1([C:4](=[O:5])[N:3]([C@:2]1([H:18])[O:1][H:17])[H:19])[C@@:7]([H:21])([C:8]([H:22])([H:23])[H:24])[O:9][Si:10]([C:11]([H:25])([H:26])[H:27])([C:12]([H:28])([H:29])[H:30])[C:13]([C:14]([H:31])([H:32])[H:33])([C:15]([H:34])([H:35])[H:36])[C:16]([H:37])([H:38])[H:39]
[H:18][C:7](=[O:8])[C:6]([H:16])([H:17])[S:5][C:2]([H:12])([C:1]([H:9])([H:10])[H:11])[C:3]([H:13])([H:14])[O:4][H:15],[H:18][C:7](=[O:8])[C:6]([H:16])([H:17])[S:5][C:2]([H:12])([C:1]([H:9])([H:10])[H:11])[C:3]([H:13])([H:14])[O:4][H:15]
[H:13][c:1]1[c:2]([c:3]([c:4]([c:5]([c:6]1[C:7]([H:17])([H:18])[N+:8]([H:19])([H:20])[C:9]([H:21])([H:22])[C:10]([H:23])([H:24])[F:11])[H:16])[H:15])[F:12])[H:14],[H:13][c:1]1[c:2]([c:3]([c:4]([c:5]([c:6]1[C:7]([H:17])([H:18])[N+:8]([H:19])([H:20])[C:9]([H:21])([H:22])[C:10]([H:23])([H:24])[F:11])[H:16])[H:15])[F:12])[H:14]
[H:23][C:8]1([C:9]([O:10][C:11]([C:12]([N+:7]1([H:22])[C:6]([H:20])([H:21])[C:5]([H:18])([H:19])[C:3](=[O:4])[C:2]([H:16])([H:17])[C:1]([H:13])([H:14])[H:15])([H:29])[H:30])([H:27])[H:28])([H:25])[H:26])[H:24],[H:23][C:8]1([C:9]([O:10][C:11]([C:12]([N+:7]1([H:22])[C:6]([H:20])([H:21])[C:5]([H:18])([H:19])[C:3](=[O:4])[C:2]([H:16])([H:17])[C:1]([H:13])([H:14])[H:15])([H:29])[H:30])([H:27])[H:28])([H:25])[H:26])[H:24]
[H:11][C:1]1=[C:5]([O:4][C:3](=[C:2]1[H:12])[S:8](=[O:9])[O-:10])[C:6]([H:13])([H:14])[O:7][H:15],[H:11][C:1]1=[C:5]([O:4][C:3](=[C:2]1[H:12])[S:8](=[O:9])[O-:10])[C:6]([H:13])([H:14])[O:7][H:15]
[H:20][C:6](=[O:7])[C:5]([H:19])([C:4]([H:17])([H:18])[C:3]([H:15])([H:16])[C:2]([H:13])([H:14])[C:1]([H:10])([H:11])[H:12])[O:8][C:9]([H:21])([H:22])[H:23],[H:20][C:6](=[O:7])[C:5]([H:19])([C:4]([H:17])([H:18])[C:3]([H:15])([H:16])[C:2]([H:13])([H:14])[C:1]([H:10])([H:11])[H:12])[O:8][C:9]([H:21])([H:22])[H:23]
[H:17][C:4](=[O:5])[C:3]([H:16])([C:2]([H:14])([H:15])[C:1]([H:11])([H:12])[H:13])[N+:6]([H:18])([C:7]([H:19])([H:20])[H:21])[C:8]([H:22])([H:23])[C:9]([H:24])([H:25])[O:10][H:26],[H:17][C:4](=[O:5])[C:3]([H:16])([C:2]([H:14])([H:15])[C:1]([H:11])([H:12])[H:13])[N+:6]([H:18])([C:7]([H:19])([H:20])[H:21])[C:8]([H:22])([H:23])[C:9]([H:24])([H:25])[O:10][H:26]
[H:28][C:12]1([C:8](=[N:9][O:10][C:11]1([H:26])[H:27])[C:7]([H:24])([H:25])[C:6]([H:22])([H:23])[N+:4]2([C:5]([C:1]([C:2]([C:3]2([H:17])[H:18])([H:15])[H:16])([H:13])[H:14])([H:20])[H:21])[H:19])[H:29],[H:28][C:12]1([C:8](=[N:9][O:10][C:11]1([H:26])[H:27])[C:7]([H:24])([H:25])[C:6]([H:22])([H:23])[N+:4]2([C:5]([C:1]([C:2]([C:3]2([H:17])[H:18])([H:15])[H:16])([H:13])[H:14])([H:20])[H:21])[H:19])[H:29]
[H:17][C:7](=[O:8])[C:5]1([C:4]([O:3][C:2]([O:6]1)([C:1]([H:12])([H:13])[H:14])[C:11]([H:21])([H:22])[H:23])([H:15])[C:9]([H:18])([H:19])[O:10][H:20])[H:16],[H:17][C:7](=[O:8])[C:5]1([C:4]([O:3][C:2]([O:6]1)([C:1]([H:12])([H:13])[H:14])[C:11]([H:21])([H:22])[H:23])([H:15])[C:9]([H:18])([H:19])[O:10][H:20])[H:16]
[H:29][C:10](=[O:11])[C:9]([H:27])([H:28])[N+:7]([H:23])([C:8]([H:24])([H:25])[H:26])[C:2]([H:15])([C:3]1([C:4]([C:5]1([H:18])[H:19])([H:16])[H:17])[C:6]([H:20])([H:21])[H:22])[C:1]([H:12])([H:13])[H:14],[H:29][C:10](=[O:11])[C:9]([H:27])([H:28])[N+:7]([H:23])([C:8]([H:24])([H:25])[H:26])[C:2]([H:15])([C:3]1([C:4]([C:5]1([H:18])[H:19])([H:16])[H:17])[C:6]([H:20])([H:21])[H:22])[C:1]([H:12])([H:13])[H:14]
[H:16][C:8]1=[C:7]([N:6]([C:5](=[N:9]1)[S:2](=[O:3])(=[O:4])[C:1]([H:12])([H:13])[H:14])[H:15])[C:10]([H:17])([H:18])[O:11][H:19],[H:16][C:8]1=[C:7]([N:6]([C:5](=[N:9]1)[S:2](=[O:3])(=[O:4])[C:1]([H:12])([H:13])[H:14])[H:15])[C:10]([H:17])([H:18])[O:11][H:19]
[H:8][C:1]([H:9])([C:4](=[N+:5]([H:13])[H:14])[N:6]=[O:7])[C:2]([H:10])([H:11])[O:3][H:12],[H:8][C:1]([H:9])([C:4](=[N+:5]([H:13])[H:14])[N:6]=[O:7])[C:2]([H:10])([H:11])[O:3][H:12]
[H:15][C:1](=[O:2])[C@:3]([H:16])([C@@:5]([H:18])([C@@:7]1([C@:12]([O:11][B:9]([O:8]1)[O:10][H:21])([H:22])[C:13]([H:23])([H:24])[O:14][H:25])[H:20])[O:6][H:19])[O:4][H:17],[H:15][C:1](=[O:2])[C@@:3]([H:16])([C@:5]([H:18])([C@:7]1([C@@:12]([O:11][B:9]([O:8]1)[O:10][H:21])([H:22])[C:13]([H:23])([H:24])[O:14][H:25])[H:20])[O:6][H:19])[O:4][H:17]
[H:21][C:9](=[N:8][C:3]([H:15])([N+:4]([H:16])([H:17])[C:5]([H:18])([H:19])[C:6](=[O:7])[H:20])[S:2][C:1]([H:12])([H:13])[H:14])[C:10](=[O:11])[H:22],[H:21][C:9](=[N:8][C:3]([H:15])([N+:4]([H:16])([H:17])[C:5]([H:18])([H:19])[C:6](=[O:7])[H:20])[S:2][C:1]([H:12])([H:13])[H:14])[C:10](=[O:11])[H:22]
[H:6][C:1]([H:7])([C:2]([H:8])([H:9])[N:3]([H:10])[H:11])[C:4]([H:12])([H:13])[S:5][H:14],[H:6][C:1]([H:7])([C:2]([H:8])([H:9])[N:3]([H:10])[H:11])[C:4]([H:12])([H:13])[S:5][H:14]
[H:26][C:8](=[O:9])[C:7]([H:24])([H:25])[C:6]([H:23])([C:10](=[O:11])[H:27])[C:5]([H:21])([H:22])[C:2]([C:1]([H:12])([H:13])[H:14])([C:3]([H:15])([H:16])[H:17])[C:4]([H:18])([H:19])[H:20],[H:26][C:8](=[O:9])[C:7]([H:24])([H:25])[C:6]([H:23])([C:10](=[O:11])[H:27])[C:5]([H:21])([H:22])[C:2]([C:1]([H:12])([H:13])[H:14])([C:3]([H:15])([H:16])[H:17])[C:4]([H:18])([H:19])[H:20]
[H:21][C:5](=[O:6])[C:4]([H:20])([C:2]([H:16])([C:1]([H:13])([H:14])[H:15])[C:3]([H:17])([H:18])[H:19])[N+:7]([H:22])([H:23])[C:8]([H:24])([H:25])[C:9]([F:10])([F:11])[F:12],[H:21][C:5](=[O:6])[C:4]([H:20])([C:2]([H:16])([C:1]([H:13])([H:14])[H:15])[C:3]([H:17])([H:18])[H:19])[N+:7]([H:22])([H:23])[C:8]([H:24])([H:25])[C:9]([F:10])([F:11])[F:12]
[H:19][C:4]1([C:3]([C:2]([C:7]2([C:6]([C:5]1([H:21])[H:22])([N+:8]2([H:25])[C:9]([H:26])([H:27])[C:10]([H:28])([C:11]([H:29])([H:30])[H:31])[O:12][H:32])[H:23])[H:24])([H:16])[C:1]([H:13])([H:14])[H:15])([H:17])[H:18])[H:20],[H:19][C:4]1([C:3]([C:2]([C:7]2([C:6]([C:5]1([H:21])[H:22])([N+:8]2([H:25])[C:9]([H:26])([H:27])[C:10]([H:28])([C:11]([H:29])([H:30])[H:31])[O:12][H:32])[H:23])[H:24])([H:16])[C:1]([H:13])([H:14])[H:15])([H:17])[H:18])[H:20]
[H:8][C:1]([H:9])([H:10])[O:2][C:3]([H:11])([H:12])[C:4]([H:13])([H:14])[S:5](=[O:6])[O-:7],[H:8][C:1]([H:9])([H:10])[O:2][C:3]([H:11])([H:12])[C:4]([H:13])([H:14])[S:5](=[O:6])[O-:7]
[H:22][C:11]([H:23])([H:24])[C:7]1=[C:8]([S:9][C:5](=[N:6]1)[S:4][C:3]([H:17])([H:18])[C:2]([H:15])([H:16])[C:1]([H:12])([H:13])[H:14])[C:10]([H:19])([H:20])[H:21],[H:22][C:11]([H:23])([H:24])[C:7]1=[C:8]([S:9][C:5](=[N:6]1)[S:4][C:3]([H:17])([H:18])[C:2]([H:15])([H:16])[C:1]([H:12])([H:13])[H:14])[C:10]([H:19])([H:20])[H:21]
[H:16][C:9](=[O:10])[C:7](=[O:8])[C:4]([H:14])([C:5](=[O:6])[H:15])[C:2](=[O:3])[C:1]([H:11])([H:12])[H:13],[H:16][C:9](=[O:10])[C:7](=[O:8])[C:4]([H:14])([C:5](=[O:6])[H:15])[C:2](=[O:3])[C:1]([H:11])([H:12])[H:13]
[H:10][C:1]([H:11])([H:12])[C:2]([H:13])([H:14])[C:3]([C:4]([H:15])([H:16])[H:17])([C:5]([H:18])([H:19])[N:6]([H:20])[H:21])[C:7]([H:22])([C:8]([H:23])([H:24])[H:25])[O:9][H:26],[H:10][C:1]([H:11])([H:12])[C:2]([H:13])([H:14])[C:3]([C:4]([H:15])([H:16])[H:17])([C:5]([H:18])([H:19])[N:6]([H:20])[H:21])[C:7]([H:22])([C:8]([H:23])([H:24])[H:25])[O:9][H:26]
[H:18][C:5]1([C:4]([C:3]([C:8]([C:7]([C:6]1([H:20])[C:9]([H:25])([H:26])[O:10][H:27])([H:21])[H:22])([H:23])[H:24])([H:15])[N:2]([H:14])[C:1]([H:11])([H:12])[H:13])([H:16])[H:17])[H:19],[H:18][C:5]1([C:4]([C:3]([C:8]([C:7]([C:6]1([H:20])[C:9]([H:25])([H:26])[O:10][H:27])([H:21])[H:22])([H:23])[H:24])([H:15])[N:2]([H:14])[C:1]([H:11])([H:12])[H:13])([H:16])[H:17])[H:19]
[H:21][C:11]1=[N:10][N:9]([C:8](=[N:12]1)[S:5](=[O:6])(=[O:7])[C:4]([H:18])([H:19])[C:3]([H:16])([H:17])[O:2][C:1]([H:13])([H:14])[H:15])[H:20],[H:21][C:11]1=[N:10][N:9]([C:8](=[N:12]1)[S:5](=[O:6])(=[O:7])[C:4]([H:18])([H:19])[C:3]([H:16])([H:17])[O:2][C:1]([H:13])([H:14])[H:15])[H:20]
[H:10][C:1]([H:11])([H:12])[C:2]([H:13])([H:14])[O:3][C:4]([H:15])([H:16])[P:5](=[O:6])([O-:7])[O:8][C:9]([H:17])([H:18])[H:19],[H:10][C:1]([H:11])([H:12])[C:2]([H:13])([H:14])[O:3][C:4]([H:15])([H:16])[P:5](=[O:6])([O-:7])[O:8][C:9]([H:17])([H:18])[H:19]
[H:20][C:19]1=[C:17]([S:16][C:14](=[C:13]1[C:10]([H:11])([H:12])[C:7]([H:8])([H:9])[C:4]([H:5])([H:6])[C:2](=[O:3])[H:1])[Br:15])[Br:18],[H:20][C:19]1=[C:17]([S:16][C:14](=[C:13]1[C:10]([H:11])([H:12])[C:7]([H:8])([H:9])[C:4]([H:5])([H:6])[C:2](=[O:3])[H:1])[Br:15])[Br:18]
[H:25][C:10](=[O:11])[C:9]([H:23])([H:24])[C:8]([H:21])([H:22])[C:7]([H:19])([H:20])[C:6]([H:17])([H:18])[C:5]1([C:1]([C:2]([S:3][S:4]1)([H:14])[H:15])([H:12])[H:13])[H:16],[H:25][C:10](=[O:11])[C:9]([H:23])([H:24])[C:8]([H:21])([H:22])[C:7]([H:19])([H:20])[C:6]([H:17])([H:18])[C:5]1([C:1]([C:2]([S:3][S:4]1)([H:14])[H:15])([H:12])[H:13])[H:16]
[H:13][C:1]([H:14])([H:15])[C:2]1=[N:6][N:5]([C:4](=[N:3]1)[S:7][C:8]([H:17])([H:18])[C:9]([C:10]([H:19])([H:20])[H:21])([C:11]([H:22])([H:23])[H:24])[O:12][H:25])[H:16],[H:13][C:1]([H:14])([H:15])[C:2]1=[N:6][N:5]([C:4](=[N:3]1)[S:7][C:8]([H:17])([H:18])[C:9]([C:10]([H:19])([H:20])[H:21])([C:11]([H:22])([H:23])[H:24])[O:12][H:25])[H:16]
[H:11][C:1]1([C:5]2([C:4]([O:6]2)([C:3]([C:2]1([H:13])[O:10][H:20])([H:14])[O:9][H:19])[C:7]([H:16])([H:17])[O:8][H:18])[H:15])[H:12],[H:11][C:1]1([C:5]2([C:4]([O:6]2)([C:3]([C:2]1([H:13])[O:10][H:20])([H:14])[O:9][H:19])[C:7]([H:16])([H:17])[O:8][H:18])[H:15])[H:12]
[N:1]([C:2]1=[N:3][C:4]([I:5])=[N:6][C@:7]2([H:14])[N:8]([H:15])[C:9]([H:16])=[N:10][C@:11]12[H:17])([H:12])[H:13],[N:1]([C:2]1=[N:3][C:4]([I:5])=[N:6][C@:7]2([H:14])[N:8]([H:15])[C:9]([H:16])=[N:10][C@@:11]12[H:17])([H:12])[H:13]
[H:4][c:3]1[c:2]([c:23]([c:21]([c:19]([c:5]1[C:6]([H:7])([H:8])[C:9]([H:10])([H:11])[N+:12]([H:13])([H:14])[C:15]([H:16])([H:17])[H:18])[H:20])[Br:22])[Br:24])[H:1],[H:4][c:3]1[c:2]([c:23]([c:21]([c:19]([c:5]1[C:6]([H:7])([H:8])[C:9]([H:10])([H:11])[N+:12]([H:13])([H:14])[C:15]([H:16])([H:17])[H:18])[H:20])[Br:22])[Br:24])[H:1]
[H:18][C:6]1=[C:7]([S:8][C:4](=[C:5]1[H:17])[C:3]([H:16])([C:9](=[O:10])[O-:11])[N:2]([H:15])[C:1]([H:12])([H:13])[H:14])[H:19],[H:18][C:6]1=[C:7]([S:8][C:4](=[C:5]1[H:17])[C:3]([H:16])([C:9](=[O:10])[O-:11])[N:2]([H:15])[C:1]([H:12])([H:13])[H:14])[H:19]
[H:17][C:8](=[O:9])[C:2]1([C:1]([S:5][C:4](=[N:3]1)[C:6]([H:13])([H:14])[N:7]([H:15])[H:16])([H:10])[H:11])[H:12],[H:17][C:8](=[O:9])[C:2]1([C:1]([S:5][C:4](=[N:3]1)[C:6]([H:13])([H:14])[N:7]([H:15])[H:16])([H:10])[H:11])[H:12]
[O:1]=[N:2][C@:3]([I:4])([C:5]([I:6])([H:8])[H:9])[H:7],[O:1]=[N:2][C@@:3]([I:4])([C:5]([I:6])([H:8])[H:9])[H:7]
[H:22][c:10]1[c:9]([c:8]([c:7]([c:12]([c:11]1[H:23])[H:24])[C:6]([H:18])([H:19])[S:5][C:2]([H:16])([C:3](=[O:4])[H:17])[C:1]([H:13])([H:14])[H:15])[H:20])[H:21],[H:22][c:10]1[c:9]([c:8]([c:7]([c:12]([c:11]1[H:23])[H:24])[C:6]([H:18])([H:19])[S:5][C:2]([H:16])([C:3](=[O:4])[H:17])[C:1]([H:13])([H:14])[H:15])[H:20])[H:21]
[H:17][C:5]1=[N:6][O:7][C:8](=[C:4]1[C:3]([H:16])([O:2][C:1]([H:13])([H:14])[H:15])[O:11][C:12]([H:19])([H:20])[H:21])[C:9](=[O:10])[H:18],[H:17][C:5]1=[N:6][O:7][C:8](=[C:4]1[C:3]([H:16])([O:2][C:1]([H:13])([H:14])[H:15])[O:11][C:12]([H:19])([H:20])[H:21])[C:9](=[O:10])[H:18]
[H:19][C:1](=[O:2])[C@:3]1([C@:12]([C@:11]2([C@:6]([C:5]1([H:22])[H:23])([C@@:7]([N:9]([C:10]2([H:30])[H:31])[H:29])([H:25])[C:8]([H:26])([H:27])[H:28])[H:24])[H:32])([H:33])[C:13]([H:34])([H:35])[C:14]([H:36])([H:37])[C:15]([H:38])([H:39])[B:16]([O:17][H:40])[O:18][H:41])[N:4]([H:20])[H:21],[H:19][C:1](=[O:2])[C@:3]1([C@:12]([C@:11]2([C@@:6]([C:5]1([H:22])[H:23])([C@:7]([N:9]([C:10]2([H:30])[H:31])[H:29])([H:25])[C:8]([H:26])([H:27])[H:28])[H:24])[H:32])([H:33])[C:13]([H:34])([H:35])[C:14]([H:36])([H:37])[C:15]([H:38])([H:39])[B:16]([O:17][H:40])[O:18][H:41])[N:4]([H:20])[H:21]
[H:21][C:6]1=[C:7]([N:8]([C:9](=[C:5]1[C:4]([H:19])([H:20])[C:2]([C:11](=[O:12])[H:27])([C:1]([H:13])([H:14])[H:15])[C:3]([H:16])([H:17])[H:18])[H:23])[C:10]([H:24])([H:25])[H:26])[H:22],[H:21][C:6]1=[C:7]([N:8]([C:9](=[C:5]1[C:4]([H:19])([H:20])[C:2]([C:11](=[O:12])[H:27])([C:1]([H:13])([H:14])[H:15])[C:3]([H:16])([H:17])[H:18])[H:23])[C:10]([H:24])([H:25])[H:26])[H:22]
[H:14][C:1]([H:15])([H:16])[C:2]([H:17])([H:18])[C:3]([H:19])([H:20])[Si:4]([C:5]([H:21])([H:22])[H:23])([O:6][C:7]([H:24])([H:25])[C:8]([H:26])([H:27])[N:9]([H:28])[H:29])[O:10][C:11]([H:30])([H:31])[C:12]([H:32])([H:33])[N:13]([H:34])[H:35],[H:14][C:1]([H:15])([H:16])[C:2]([H:17])([H:18])[C:3]([H:19])([H:20])[Si:4]([C:5]([H:21])([H:22])[H:23])([O:6][C:7]([H:24])([H:25])[C:8]([H:26])([H:27])[N:9]([H:28])[H:29])[O:10][C:11]([H:30])([H:31])[C:12]([H:32])([H:33])[N:13]([H:34])[H:35]
[H:18][c:7]1[c:8]([c:9]([n:10][c:5]([c:6]1[H:17])[C:2]([C:3](=[O:4])[H:16])([C:1]([H:13])([H:14])[H:15])[N:11]([H:21])[C:12]([H:22])([H:23])[H:24])[H:20])[H:19],[H:18][c:7]1[c:8]([c:9]([n:10][c:5]([c:6]1[H:17])[C:2]([C:3](=[O:4])[H:16])([C:1]([H:13])([H:14])[H:15])[N:11]([H:21])[C:12]([H:22])([H:23])[H:24])[H:20])[H:19]
[H:28][C:9]1=[C:8]([O:12][N:11]=[C:10]1[H:29])[C:5]([H:22])([C:6]([H:23])([H:24])[C:7]([H:25])([H:26])[H:27])[C:4]([H:20])([H:21])[C:3]([H:18])([H:19])[C:2]([H:16])([H:17])[C:1]([H:13])([H:14])[H:15],[H:28][C:9]1=[C:8]([O:12][N:11]=[C:10]1[H:29])[C:5]([H:22])([C:6]([H:23])([H:24])[C:7]([H:25])([H:26])[H:27])[C:4]([H:20])([H:21])[C:3]([H:18])([H:19])[C:2]([H:16])([H:17])[C:1]([H:13])([H:14])[H:15]
[C:1]([C@:2]([C:3]([N+:4]([H:17])([H:18])[H:19])([H:15])[H:16])([C:5]1=[C:6]([H:20])[C:7]([H:21])=[C:8]([I:9])[S:10]1)[H:14])([H:11])([H:12])[H:13],[C:1]([C@@:2]([C:3]([N+:4]([H:17])([H:18])[H:19])([H:15])[H:16])([C:5]1=[C:6]([H:20])[C:7]([H:21])=[C:8]([I:9])[S:10]1)[H:14])([H:11])([H:12])[H:13]
[H:17][C:5]1=[C:6]([S:7][C:8](=[C:4]1[C:3]([H:15])([H:16])[C@:2]([H:14])([B:9]([O:10][H:20])[O:11][H:21])[N:1]([H:12])[H:13])[H:19])[H:18],[H:17][C:5]1=[C:6]([S:7][C:8](=[C:4]1[C:3]([H:15])([H:16])[C@@:2]([H:14])([B:9]([O:10][H:20])[O:11][H:21])[N:1]([H:12])[H:13])[H:19])[H:18]
[H:12][C:1]([H:13])([H:14])[C:2]([H:15])([C:3]1=[C:4]([C:5](=[C:6]([O:7]1)[O:8][H:16])[O:9][H:17])[O:10][H:18])[O:11][H:19],[H:12][C:1]([H:13])([H:14])[C:2]([H:15])([C:3]1=[C:4]([C:5](=[C:6]([O:7]1)[O:8][H:16])[O:9][H:17])[O:10][H:18])[O:11][H:19]
[H:19][c:6]1[c:5]([c:4]([c:9]([c:8]([c:7]1[H:20])[S:10][C:11]([H:22])([H:23])[H:24])[H:21])[C:3]([H:16])([H:17])[N:2]([H:15])[C:1]([H:12])([H:13])[H:14])[H:18],[H:19][c:6]1[c:5]([c:4]([c:9]([c:8]([c:7]1[H:20])[S:10][C:11]([H:22])([H:23])[H:24])[H:21])[C:3]([H:16])([H:17])[N:2]([H:15])[C:1]([H:12])([H:13])[H:14])[H:18]
[H:8][C:1]([H:9])([C:2]([H:10])([C:3](=[O:4])[N:5]([H:11])[H:12])[O:6][H:13])[N+:7]([H:14])([H:15])[H:16],[H:8][C:1]([H:9])([C:2]([H:10])([C:3](=[O:4])[N:5]([H:11])[H:12])[O:6][H:13])[N+:7]([H:14])([H:15])[H:16]
[H:10][C:1]1([C:2]([C:3]([C:4]([O:5]1)([H:14])[C:6]([H:15])([H:16])[S:7][H:17])([H:13])[O:8][H:18])([H:12])[F:9])[H:11],[H:10][C:1]1([C:2]([C:3]([C:4]([O:5]1)([H:14])[C:6]([H:15])([H:16])[S:7][H:17])([H:13])[O:8][H:18])([H:12])[F:9])[H:11]
[H:13][C:1]1=[C:2]([N:3]([C:4](=[C:5]1[C:6]([H:17])([H:18])[N+:7]2([C:8]([C:9]([N:10]([C:11]([C:12]2([H:27])[H:28])([H:25])[H:26])[H:24])([H:22])[H:23])([H:20])[H:21])[H:19])[H:16])[H:15])[H:14],[H:13][C:1]1=[C:2]([N:3]([C:4](=[C:5]1[C:6]([H:17])([H:18])[N+:7]2([C:8]([C:9]([N:10]([C:11]([C:12]2([H:27])[H:28])([H:25])[H:26])[H:24])([H:22])[H:23])([H:20])[H:21])[H:19])[H:16])[H:15])[H:14]
[H:13][C:1]1([C:2]([N+:3](=[C:4]([C:5](=[O:6])[O:7]1)[N:8]([H:16])[H:17])[H:15])([C:9]([H:18])([H:19])[O:10][H:20])[C:11]([H:21])([H:22])[O:12][H:23])[H:14],[H:13][C:1]1([C:2]([N+:3](=[C:4]([C:5](=[O:6])[O:7]1)[N:8]([H:16])[H:17])[H:15])([C:9]([H:18])([H:19])[O:10][H:20])[C:11]([H:21])([H:22])[O:12][H:23])[H:14]
[H:11][C:1]([H:12])([H:13])[C:2]([H:14])([H:15])[C:3]([C:4]([H:16])([H:17])[C:5]([H:18])([H:19])[H:20])([C:6]([H:21])([H:22])[C:7]([H:23])([H:24])[O:8][H:25])[C:9]([H:26])([H:27])[N+:10]([H:28])([H:29])[H:30],[H:11][C:1]([H:12])([H:13])[C:2]([H:14])([H:15])[C:3]([C:4]([H:16])([H:17])[C:5]([H:18])([H:19])[H:20])([C:6]([H:21])([H:22])[C:7]([H:23])([H:24])[O:8][H:25])[C:9]([H:26])([H:27])[N+:10]([H:28])([H:29])[H:30]
[H:28][C:10](=[O:11])[C:9]([H:26])([H:27])[S:8][C:7]([H:24])([H:25])[C:6]([H:22])([H:23])[N:3]([C:2]([H:15])([H:16])[C:1]([H:12])([H:13])[H:14])[C:4]([H:17])([H:18])[C:5]([H:19])([H:20])[H:21],[H:28][C:10](=[O:11])[C:9]([H:26])([H:27])[S:8][C:7]([H:24])([H:25])[C:6]([H:22])([H:23])[N:3]([C:2]([H:15])([H:16])[C:1]([H:12])([H:13])[H:14])[C:4]([H:17])([H:18])[C:5]([H:19])([H:20])[H:21]
[N+:1]([C@@:2]1([H:16])[C:3](=[O:4])[C@:5]([O:6][H:18])([H:17])[C:7]2=[C:8]([H:19])[S:9][C:10]([I:11])=[C:12]12)([H:13])([H:14])[H:15],[N+:1]([C@:2]1([H:16])[C:3](=[O:4])[C@:5]([O:6][H:18])([H:17])[C:7]2=[C:8]([H:19])[S:9][C:10]([I:11])=[C:12]12)([H:13])([H:14])[H:15]
[H:17][C:1](=[O:2])[C@:3]1([C@:15]([C@@:13]([C@:11]([C@@:5]([O:4]1)([H:19])[O:6][Si:7]([C:8]([H:20])([H:21])[H:22])([O:9][H:23])[O:10][H:24])([H:25])[O:12][H:26])([H:27])[O:14][H:28])([H:29])[O:16][H:30])[H:18],[H:17][C:1](=[O:2])[C@:3]1([C@@:15]([C@:13]([C@:11]([C@:5]([O:4]1)([H:19])[O:6][Si:7]([C:8]([H:20])([H:21])[H:22])([O:9][H:23])[O:10][H:24])([H:25])[O:12][H:26])([H:27])[O:14][H:28])([H:29])[O:16][H:30])[H:18]
[H:23][C:11](=[O:12])[C:10]([H:21])([H:22])[S:9][C:5](=[N:4][C:2]([H:16])([C:1]([H:13])([H:14])[H:15])[C:3]([H:17])([H:18])[H:19])[N:6]([H:20])[C:7]#[N:8],[H:23][C:11](=[O:12])[C:10]([H:21])([H:22])[S:9][C:5](=[N:4][C:2]([H:16])([C:1]([H:13])([H:14])[H:15])[C:3]([H:17])([H:18])[H:19])[N:6]([H:20])[C:7]#[N:8]
[H:13][c:1]1[c:2]([c:3]([c:4]([c:5]([c:6]1[H:16])[N:7]([H:17])[C:8](=[O:9])[N:10]([H:18])[H:19])[H:15])[C:11]([H:20])([H:21])[N:12]([H:22])[H:23])[H:14],[H:13][c:1]1[c:2]([c:3]([c:4]([c:5]([c:6]1[H:16])[N:7]([H:17])[C:8](=[O:9])[N:10]([H:18])[H:19])[H:15])[C:11]([H:20])([H:21])[N:12]([H:22])[H:23])[H:14]
[H:16][c:5]1[c:6]([c:7]([c:8]([c:9]([c:4]1[C:3]([H:15])([C:2](=[C:1]([H:12])[H:13])[H:14])[O:11][H:21])[H:19])[H:18])[O:10][H:20])[H:17],[H:16][c:5]1[c:6]([c:7]([c:8]([c:9]([c:4]1[C:3]([H:15])([C:2](=[C:1]([H:12])[H:13])[H:14])[O:11][H:21])[H:19])[H:18])[O:10][H:20])[H:17]
[H:22][c:5]1[c:6]([c:7]([c:13]([c:14]([c:4]1[C:3]([H:20])([H:21])[C@:2]([H:19])([C:15](=[O:16])[H:31])[N:1]([H:17])[H:18])[H:30])[H:29])[O:8][Si:9]([C:10]([H:24])([H:25])[H:26])([O:11][H:27])[O:12][H:28])[H:23],[H:22][c:5]1[c:6]([c:7]([c:13]([c:14]([c:4]1[C:3]([H:20])([H:21])[C@:2]([H:19])([C:15](=[O:16])[H:31])[N:1]([H:17])[H:18])[H:30])[H:29])[O:8][Si:9]([C:10]([H:24])([H:25])[H:26])([O:11][H:27])[O:12][H:28])[H:23]
[H:23][C:6]1([C:7]([C:8]([C:9]([C:10]([C:5]1([H:22])[C:4]([H:20])([H:21])[C:3]([H:18])([H:19])[C:2]([H:16])([H:17])[C:1]([H:13])([H:14])[H:15])([H:30])[H:31])([H:28])[H:29])([H:27])[C:11]([H:32])([H:33])[N+:12]([H:34])([H:35])[H:36])([H:25])[H:26])[H:24],[H:23][C:6]1([C:7]([C:8]([C:9]([C:10]([C:5]1([H:22])[C:4]([H:20])([H:21])[C:3]([H:18])([H:19])[C:2]([H:16])([H:17])[C:1]([H:13])([H:14])[H:15])([H:30])[H:31])([H:28])[H:29])([H:27])[C:11]([H:32])([H:33])[N+:12]([H:34])([H:35])[H:36])([H:25])[H:26])[H:24]
[H:21][C:11](=[O:12])[C:8]1=[N:9][O:10][C:6](=[N:7]1)[C:3]2([C:2]([C:1]([C:5]([N:4]2[H:18])([H:19])[H:20])([H:13])[H:14])([H:15])[H:16])[H:17],[H:21][C:11](=[O:12])[C:8]1=[N:9][O:10][C:6](=[N:7]1)[C:3]2([C:2]([C:1]([C:5]([N:4]2[H:18])([H:19])[H:20])([H:13])[H:14])([H:15])[H:16])[H:17]
[H:20][C:6]1=[C:5]([N:4]([N:8]=[C:7]1[C:9]([H:21])([C:10]([H:22])([H:23])[H:24])[O:11][H:25])[C:3]([H:17])([H:18])[C:2]([H:15])([H:16])[C:1]([H:12])([H:13])[H:14])[H:19],[H:20][C:6]1=[C:5]([N:4]([N:8]=[C:7]1[C:9]([H:21])([C:10]([H:22])([H:23])[H:24])[O:11][H:25])[C:3]([H:17])([H:18])[C:2]([H:15])([H:16])[C:1]([H:12])([H:13])[H:14])[H:19]
[H:10][C:1]1=[C:2]([N:3]([N:4]=[C:5]1[C:6]([H:13])([C:7](=[O:8])[H:14])[O:9][H:15])[H:12])[H:11],[H:10][C:1]1=[C:2]([N:3]([N:4]=[C:5]1[C:6]([H:13])([C:7](=[O:8])[H:14])[O:9][H:15])[H:12])[H:11]
[H:20][C@:6]1([C:4](=[O:5])[N:3]([C@:2]1([H:18])[O:1][H:17])[H:19])[C@:7]([H:21])([C:8]([H:22])([H:23])[H:24])[O:9][Si:10]([C:11]([H:25])([H:26])[H:27])([C:12]([H:28])([H:29])[H:30])[C:13]([C:14]([H:31])([H:32])[H:33])([C:15]([H:34])([H:35])[H:36])[C:16]([H:37])([H:38])[H:39],[H:20][C@:6]1([C:4](=[O:5])[N:3]([C@:2]1([H:18])[O:1][H:17])[H:19])[C@@:7]([H:21])([C:8]([H:22])([H:23])[H:24])[O:9][Si:10]([C:11]([H:25])([H:26])[H:27])([C:12]([H:28])([H:29])[H:30])[C:13]([C:14]([H:31])([H:32])[H:33])([C:15]([H:34])([H:35])[H:36])[C:16]([H:37])([H:38])[H:39]
[H:18][C:11]1=[N:10][N:9]=[C:8]([S:12]1)[S:5](=[O:6])(=[O:7])[C:2]([H:16])([C:3](=[O:4])[H:17])[C:1]([H:13])([H:14])[H:15],[H:18][C:11]1=[N:10][N:9]=[C:8]([S:12]1)[S:5](=[O:6])(=[O:7])[C:2]([H:16])([C:3](=[O:4])[H:17])[C:1]([H:13])([H:14])[H:15]
[N+:1](=[C:2]1[N+:3]([H:14])=[C:4]([I:5])[N:6]([H:15])[C@@:7]2([H:16])[N:8]([H:17])[C:9]([H:18])=[N:10][C@@:11]12[H:19])([H:12])[H:13],[N+:1](=[C:2]1[N+:3]([H:14])=[C:4]([I:5])[N:6]([H:15])[C@:7]2([H:16])[N:8]([H:17])[C:9]([H:18])=[N:10][C@@:11]12[H:19])([H:12])[H:13]
[H:10][C:1]1=[C:5]([N:4]([C:3](=[C:2]1[N:8]([H:16])[O-:9])[H:11])[H:12])[C:6]([H:13])([H:14])[O:7][H:15],[H:10][C:1]1=[C:5]([N:4]([C:3](=[C:2]1[N:8]([H:16])[O-:9])[H:11])[H:12])[C:6]([H:13])([H:14])[O:7][H:15]
[H:13][c:1]1[c:2]([n:3][c:4]([c:5]([c:6]1[C:7]([H:17])([H:18])[C:8]([H:19])([C:9]([H:20])([H:21])[N:10]([H:22])[H:23])[C:11]([H:24])([H:25])[O:12][H:26])[H:16])[H:15])[H:14],[H:13][c:1]1[c:2]([n:3][c:4]([c:5]([c:6]1[C:7]([H:17])([H:18])[C:8]([H:19])([C:9]([H:20])([H:21])[N:10]([H:22])[H:23])[C:11]([H:24])([H:25])[O:12][H:26])[H:16])[H:15])[H:14]
[H:18][C:6](=[O:7])[C:5]([H:16])([H:17])[N:4]([C:3]1([C:1]([C:2]1([H:13])[H:14])([H:11])[H:12])[H:15])[C:8]([H:19])([H:20])[C:9]#[N:10],[H:18][C:6](=[O:7])[C:5]([H:16])([H:17])[N:4]([C:3]1([C:1]([C:2]1([H:13])[H:14])([H:11])[H:12])[H:15])[C:8]([H:19])([H:20])[C:9]#[N:10]
[H:10][C:1]1=[N:5][S:4][C:3](=[C:2]1[C:8]([H:14])([H:15])[O:9][H:16])[C:6]([H:11])([H:12])[O:7][H:13],[H:10][C:1]1=[N:5][S:4][C:3](=[C:2]1[C:8]([H:14])([H:15])[O:9][H:16])[C:6]([H:11])([H:12])[O:7][H:13]
[H:17][C:7]1=[C:6]([N:10]=[N:9][N:8]1[H:18])[C:4](=[O:5])[C:3]([H:16])([O:2][C:1]([H:13])([H:14])[H:15])[O:11][C:12]([H:19])([H:20])[H:21],[H:17][C:7]1=[C:6]([N:10]=[N:9][N:8]1[H:18])[C:4](=[O:5])[C:3]([H:16])([O:2][C:1]([H:13])([H:14])[H:15])[O:11][C:12]([H:19])([H:20])[H:21]
[H:18][C:5]1=[C:4]([N:3]([N:7]=[C:6]1[N:8]([H:19])[C:9](=[N:10][H:20])[N:11]([H:21])[H:22])[C:2]([H:15])([H:16])[C:1]([H:12])([H:13])[H:14])[H:17],[H:18][C:5]1=[C:4]([N:3]([N:7]=[C:6]1[N:8]([H:19])[C:9](=[N:10][H:20])[N:11]([H:21])[H:22])[C:2]([H:15])([H:16])[C:1]([H:12])([H:13])[H:14])[H:17]
[H:25][C:9](=[O:10])[C:8]([H:23])([H:24])[N:7]1[C:2]([C:3]([N+:4]([C:5]([C:6]1([H:22])[C:11]([H:26])([H:27])[H:28])([H:20])[H:21])([H:18])[H:19])([H:16])[H:17])([H:15])[C:1]([H:12])([H:13])[H:14],[H:25][C:9](=[O:10])[C:8]([H:23])([H:24])[N:7]1[C:2]([C:3]([N+:4]([C:5]([C:6]1([H:22])[C:11]([H:26])([H:27])[H:28])([H:20])[H:21])([H:18])[H:19])([H:16])[H:17])([H:15])[C:1]([H:12])([H:13])[H:14]
[H:14][C:3]1=[N:4][N:5]=[C:6]([N:2]1[C:1]([H:11])([H:12])[H:13])[C:7]([H:15])([H:16])[C:8]([H:17])([H:18])[C:9]([H:19])([H:20])[N+:10]([H:21])([H:22])[H:23],[H:14][C:3]1=[N:4][N:5]=[C:6]([N:2]1[C:1]([H:11])([H:12])[H:13])[C:7]([H:15])([H:16])[C:8]([H:17])([H:18])[C:9]([H:19])([H:20])[N+:10]([H:21])([H:22])[H:23]
[C:1](/[C:2](=[C:3](\[I:4])[H:9])[H:8])([H:5])([H:6])[H:7],[C:1](/[C:2](=[C:3](/[I:4])[H:9])[H:8])([H:5])([H:6])[H:7]
[H:13][C:1]1([C:2]([N+:3]([C:4]([C:5]1([H:20])[C:6]([H:21])([H:22])[N:7]([H:23])[H:24])([H:18])[H:19])([H:17])[C:8]([H:25])([C:9]([H:26])([H:27])[O:10][H:28])[C:11]([H:29])([H:30])[O:12][H:31])([H:15])[H:16])[H:14],[H:13][C:1]1([C:2]([N+:3]([C:4]([C:5]1([H:20])[C:6]([H:21])([H:22])[N:7]([H:23])[H:24])([H:18])[H:19])([H:17])[C:8]([H:25])([C:9]([H:26])([H:27])[O:10][H:28])[C:11]([H:29])([H:30])[O:12][H:31])([H:15])[H:16])[H:14]
[H:25][C:9]1([C:10]([N:11]([C:7](=[N+:6]([H:23])[C:5]([H:21])([H:22])[C:4]([H:19])([H:20])[C:3]([H:17])([H:18])[C:2]([H:15])([H:16])[C:1]([H:12])([H:13])[H:14])[N:8]1[H:24])[H:29])([H:27])[H:28])[H:26],[H:25][C:9]1([C:10]([N:11]([C:7](=[N+:6]([H:23])[C:5]([H:21])([H:22])[C:4]([H:19])([H:20])[C:3]([H:17])([H:18])[C:2]([H:15])([H:16])[C:1]([H:12])([H:13])[H:14])[N:8]1[H:24])[H:29])([H:27])[H:28])[H:26]
[H:24][C:8]1([C:7]([C:6]([C:5]([C:10]([C:9]1([H:26])[H:27])([H:28])[H:29])([H:19])[C:4]([H:17])([H:18])[C:3]([H:15])([H:16])[N:2]([H:14])[C:1]([H:11])([H:12])[H:13])([H:20])[H:21])([H:22])[H:23])[H:25],[H:24][C:8]1([C:7]([C:6]([C:5]([C:10]([C:9]1([H:26])[H:27])([H:28])[H:29])([H:19])[C:4]([H:17])([H:18])[C:3]([H:15])([H:16])[N:2]([H:14])[C:1]([H:11])([H:12])[H:13])([H:20])[H:21])([H:22])[H:23])[H:25]
[H:13][C:1]1=[C:5]([S:4][C:3](=[C:2]1[H:14])[C:6]2([N:7]=[C:8]([C:9]([O:10]2)([H:17])[H:18])[C:11]([H:19])([H:20])[N:12]([H:21])[H:22])[H:16])[H:15],[H:13][C:1]1=[C:5]([S:4][C:3](=[C:2]1[H:14])[C:6]2([N:7]=[C:8]([C:9]([O:10]2)([H:17])[H:18])[C:11]([H:19])([H:20])[N:12]([H:21])[H:22])[H:16])[H:15]
[H:18][C@@:2]1([C:3]([N:4]2[C:14]([C@:12]([O:11][Si:8]([O:10]1)([O:7][C:6]([C:5]2([H:21])[H:22])([H:23])[H:24])[C:9]([H:25])([H:26])[H:27])([H:28])[C:13]([H:29])([H:30])[H:31])([H:32])[H:33])([H:19])[H:20])[C:1]([H:15])([H:16])[H:17],[H:28][C@@:12]1([C:14]([N:4]2[C:3]([C@@:2]([O:10][Si:8]([O:11]1)([O:7][C:6]([C:5]2([H:21])[H:22])([H:23])[H:24])[C:9]([H:25])([H:26])[H:27])([H:18])[C:1]([H:15])([H:16])[H:17])([H:19])[H:20])([H:32])[H:33])[C:13]([H:29])([H:30])[H:31]
[H:17][C:1](=[O:2])[C@:3]1([C@:15]([C@@:13]([C@@:11]([C@:5]([O:4]1)([H:19])[O:6][Si:7]([C:8]([H:20])([H:21])[H:22])([O:9][H:23])[O:10][H:24])([H:25])[O:12][H:26])([H:27])[O:14][H:28])([H:29])[O:16][H:30])[H:18],[H:17][C:1](=[O:2])[C@:3]1([C@@:15]([C@:13]([C@:11]([C@:5]([O:4]1)([H:19])[O:6][Si:7]([C:8]([H:20])([H:21])[H:22])([O:9][H:23])[O:10][H:24])([H:25])[O:12][H:26])([H:27])[O:14][H:28])([H:29])[O:16][H:30])[H:18]
[N:1](=[C:2]1\[C:3](=[O:4])[O:5][C:6]([H:10])([H:11])[C@@:7]1([I:8])[H:12])\[H:9],[N:1](=[C:2]1/[C:3](=[O:4])[O:5][C:6]([H:10])([H:11])[C@@:7]1([I:8])[H:12])\[H:9]
[C:1]([C:2]([C:3]([H:12])([H:13])[H:14])([C@:4]([I:5])([N:6]=[O:7])[H:15])[H:11])([H:8])([H:9])[H:10],[C:1]([C:2]([C:3]([H:12])([H:13])[H:14])([C@@:4]([I:5])([N:6]=[O:7])[H:15])[H:11])([H:8])([H:9])[H:10]
[H:13][C:1]1([C:2]([O:3][C:4]([C:5]1([H:18])[S:6][S:7][C:8]([H:19])([H:20])[C:9]([H:21])([H:22])[N+:10]([H:23])([H:24])[H:25])([H:17])[C:11]([H:26])([H:27])[O:12][H:28])([H:15])[H:16])[H:14],[H:13][C:1]1([C:2]([O:3][C:4]([C:5]1([H:18])[S:6][S:7][C:8]([H:19])([H:20])[C:9]([H:21])([H:22])[N+:10]([H:23])([H:24])[H:25])([H:17])[C:11]([H:26])([H:27])[O:12][H:28])([H:15])[H:16])[H:14]
[H:19][C:1](=[O:2])[C@@:3]1([C@:12]([C@:11]2([C@:6]([C:5]1([H:22])[H:23])([C@:7]([N:9]([C:10]2([H:30])[H:31])[H:29])([H:25])[C:8]([H:26])([H:27])[H:28])[H:24])[H:32])([H:33])[C:13]([H:34])([H:35])[C:14]([H:36])([H:37])[C:15]([H:38])([H:39])[B:16]([O:17][H:40])[O:18][H:41])[N:4]([H:20])[H:21],[H:19][C:1](=[O:2])[C@:3]1([C@:12]([C@:11]2([C@@:6]([C:5]1([H:22])[H:23])([C@:7]([N:9]([C:10]2([H:30])[H:31])[H:29])([H:25])[C:8]([H:26])([H:27])[H:28])[H:24])[H:32])([H:33])[C:13]([H:34])([H:35])[C:14]([H:36])([H:37])[C:15]([H:38])([H:39])[B:16]([O:17][H:40])[O:18][H:41])[N:4]([H:20])[H:21]
[O:1]=[C:2]([O-:3])[C@:4]1([H:12])[N:5]([H:13])[C:6]([H:14])([H:15])[C@@:7]2([H:16])[C@:8]1([H:17])[C:9]2([I:10])[I:11],[O:1]=[C:2]([O-:3])[C@:4]1([H:12])[N:5]([H:13])[C:6]([H:14])([H:15])[C@:7]2([H:16])[C@@:8]1([H:17])[C:9]2([I:10])[I:11]
[H:31][c:10]1[c:11]([c:12]([c:14]([c:15]([c:9]1[C@@:2]([C:1]([H:16])([H:17])[H:18])([C:4]([H:20])([H:21])[Si:5]([C:6]([H:22])([H:23])[H:24])([C:7]([H:25])([H:26])[H:27])[C:8]([H:28])([H:29])[H:30])[O:3][H:19])[H:34])[H:33])[F:13])[H:32],[H:31][c:10]1[c:11]([c:12]([c:14]([c:15]([c:9]1[C@@:2]([C:1]([H:16])([H:17])[H:18])([C:4]([H:20])([H:21])[Si:5]([C:6]([H:22])([H:23])[H:24])([C:7]([H:25])([H:26])[H:27])[C:8]([H:28])([H:29])[H:30])[O:3][H:19])[H:34])[H:33])[F:13])[H:32]
[H:12][C:1]([H:13])([H:14])[C:2]([H:15])([H:16])[C:3]([C:5]1=[N:9][N:8]=[N:7][N-:6]1)([C:4]([H:17])([H:18])[H:19])[N+:10]([H:20])([H:21])[C:11]([H:22])([H:23])[H:24],[H:12][C:1]([H:13])([H:14])[C:2]([H:15])([H:16])[C:3]([C:5]1=[N:9][N:8]=[N:7][N-:6]1)([C:4]([H:17])([H:18])[H:19])[N+:10]([H:20])([H:21])[C:11]([H:22])([H:23])[H:24]
[H:15][C:6]([H:16])([H:17])[C:4](=[O:5])[C:3]([H:13])([H:14])[C:2]([H:12])([C:1]([H:9])([H:10])[H:11])[N:7]=[N:8][H:18],[H:15][C:6]([H:16])([H:17])[C:4](=[O:5])[C:3]([H:13])([H:14])[C:2]([H:12])([C:1]([H:9])([H:10])[H:11])[N:7]=[N:8][H:18]
[H:25][C:7]1([C:8]([C:9]([C:10]([C:5]([C:6]1([H:23])[H:24])([H:22])[C:4]([H:20])([H:21])[N+:2]([H:16])([C:1]([H:13])([H:14])[H:15])[C:3]([H:17])([H:18])[H:19])([H:31])[N:11]=[O:12])([H:29])[H:30])([H:27])[H:28])[H:26],[H:25][C:7]1([C:8]([C:9]([C:10]([C:5]([C:6]1([H:23])[H:24])([H:22])[C:4]([H:20])([H:21])[N+:2]([H:16])([C:1]([H:13])([H:14])[H:15])[C:3]([H:17])([H:18])[H:19])([H:31])[N:11]=[O:12])([H:29])[H:30])([H:27])[H:28])[H:26]
[H:15][C:4]1=[C:5]([N+:6](=[C:2]([N:3]1[H:14])[C:1]([H:11])([H:12])[H:13])[H:16])[C:7]([H:17])([H:18])[C:8]([H:19])([H:20])[N+:9]([H:21])([H:22])[C:10]([H:23])([H:24])[H:25],[H:15][C:4]1=[C:5]([N+:6](=[C:2]([N:3]1[H:14])[C:1]([H:11])([H:12])[H:13])[H:16])[C:7]([H:17])([H:18])[C:8]([H:19])([H:20])[N+:9]([H:21])([H:22])[C:10]([H:23])([H:24])[H:25]
[H:10][C:1]([H:11])([H:12])[C:2]([H:13])([H:14])[C:3]([C:4]([H:15])([H:16])[H:17])([C:5]([H:18])([H:19])[C:6]([H:20])([H:21])[C:7]([H:22])([H:23])[O:8][H:24])[O:9][H:25],[H:10][C:1]([H:11])([H:12])[C:2]([H:13])([H:14])[C:3]([C:4]([H:15])([H:16])[H:17])([C:5]([H:18])([H:19])[C:6]([H:20])([H:21])[C:7]([H:22])([H:23])[O:8][H:24])[O:9][H:25]
[H:13][c:1]1[c:2]([c:3]([c:4]([n:5][c:6]1[H:16])[H:15])[S:7][C:8]2=[C:9]([C:10](=[C:11]([S:12]2)[H:19])[H:18])[H:17])[H:14],[H:13][c:1]1[c:2]([c:3]([c:4]([n:5][c:6]1[H:16])[H:15])[S:7][C:8]2=[C:9]([C:10](=[C:11]([S:12]2)[H:19])[H:18])[H:17])[H:14]
[H:23][C:7]1([C:6]([N+:5]([C:10]([C:9]([N:8]1[C:11]([H:29])([H:30])[H:31])([H:25])[H:26])([H:27])[H:28])([H:20])[C:4]([H:18])([H:19])[C:3]([H:16])([H:17])[N:2]([H:15])[C:1]([H:12])([H:13])[H:14])([H:21])[H:22])[H:24],[H:23][C:7]1([C:6]([N+:5]([C:10]([C:9]([N:8]1[C:11]([H:29])([H:30])[H:31])([H:25])[H:26])([H:27])[H:28])([H:20])[C:4]([H:18])([H:19])[C:3]([H:16])([H:17])[N:2]([H:15])[C:1]([H:12])([H:13])[H:14])([H:21])[H:22])[H:24]
[H:15][C:5]1([C:6]([O:7][C:3]([C:4]1([H:14])[F:8])([C:9]([H:19])([H:20])[O:10][H:21])[O:2][C:1]([H:11])([H:12])[H:13])([H:17])[H:18])[H:16],[H:15][C:5]1([C:6]([O:7][C:3]([C:4]1([H:14])[F:8])([C:9]([H:19])([H:20])[O:10][H:21])[O:2][C:1]([H:11])([H:12])[H:13])([H:17])[H:18])[H:16]
[H:20][C:8](=[S:9])[N:7]([H:19])[C:6]([H:17])([H:18])[C:3]1([C:2]([C:1]([C:5]([O:4]1)([H:15])[H:16])([H:10])[H:11])([H:12])[H:13])[H:14],[H:20][C:8](=[S:9])[N:7]([H:19])[C:6]([H:17])([H:18])[C:3]1([C:2]([C:1]([C:5]([O:4]1)([H:15])[H:16])([H:10])[H:11])([H:12])[H:13])[H:14]
[H:10][C:1](=[C:2]1[C:3]([O:4][C:5]([C:6]1([H:15])[O:7][H:16])([H:14])[C:8]([H:17])([H:18])[O:9][H:19])([H:12])[H:13])[H:11],[H:10][C:1](=[C:2]1[C:3]([O:4][C:5]([C:6]1([H:15])[O:7][H:16])([H:14])[C:8]([H:17])([H:18])[O:9][H:19])([H:12])[H:13])[H:11]
[N:1](=[C:2]1/[C:3](=[O:4])[O:5][C:6]([H:10])([H:11])[C@:7]1([I:8])[H:12])\[H:9],[N:1](=[C:2]1/[C:3](=[O:4])[O:5][C:6]([H:10])([H:11])[C@@:7]1([I:8])[H:12])\[H:9]
[H:22][C:9]1=[C:8]([C:7]([C:6]([C:5](=[C:4]1[O:3][C:2]([H:16])([H:17])[C:1]([H:13])([H:14])[H:15])[H:18])([H:19])[H:20])([N+:10]([H:23])([H:24])[H:25])[N+:11]([H:26])([H:27])[C:12]([H:28])([H:29])[H:30])[H:21],[H:22][C:9]1=[C:8]([C:7]([C:6]([C:5](=[C:4]1[O:3][C:2]([H:16])([H:17])[C:1]([H:13])([H:14])[H:15])[H:18])([H:19])[H:20])([N+:10]([H:23])([H:24])[H:25])[N+:11]([H:26])([H:27])[C:12]([H:28])([H:29])[H:30])[H:21]
[H:15][C:3]1([C:4]([C:5]([O:6][C:7]([O:8][C:2]1([H:14])[C:1]([H:11])([H:12])[H:13])([H:20])[H:21])([H:19])[C:9]([H:22])([H:23])[O:10][H:24])([H:17])[H:18])[H:16],[H:15][C:3]1([C:4]([C:5]([O:6][C:7]([O:8][C:2]1([H:14])[C:1]([H:11])([H:12])[H:13])([H:20])[H:21])([H:19])[C:9]([H:22])([H:23])[O:10][H:24])([H:17])[H:18])[H:16]
[H:21][C:6](=[O:7])[C:5]([H:20])([C:8]1([C:9]([C:10]1([H:25])[H:26])([H:23])[H:24])[H:22])[N+:3]([H:16])([C:4]([H:17])([H:18])[H:19])[C:2]([H:14])([H:15])[C:1]([H:11])([H:12])[H:13],[H:21][C:6](=[O:7])[C:5]([H:20])([C:8]1([C:9]([C:10]1([H:25])[H:26])([H:23])[H:24])[H:22])[N+:3]([H:16])([C:4]([H:17])([H:18])[H:19])[C:2]([H:14])([H:15])[C:1]([H:11])([H:12])[H:13]
[H:25][C:11](=[O:12])[C:7]1=[N:8][N:9]([N:10]=[C:6]1[C:5]([H:22])([H:23])[N+:4]([H:20])([H:21])[C:2]([H:16])([C:1]([H:13])([H:14])[H:15])[C:3]([H:17])([H:18])[H:19])[H:24],[H:25][C:11](=[O:12])[C:7]1=[N:8][N:9]([N:10]=[C:6]1[C:5]([H:22])([H:23])[N+:4]([H:20])([H:21])[C:2]([H:16])([C:1]([H:13])([H:14])[H:15])[C:3]([H:17])([H:18])[H:19])[H:24]
[H:11][C:1](=[C:2]([H:13])[C:3]1([C:4]([C:5]([C:6]([O:7]1)([H:17])[H:18])([H:15])[H:16])([H:14])[O:8][H:19])[C:9]([H:20])([H:21])[O:10][H:22])[H:12],[H:11][C:1](=[C:2]([H:13])[C:3]1([C:4]([C:5]([C:6]([O:7]1)([H:17])[H:18])([H:15])[H:16])([H:14])[O:8][H:19])[C:9]([H:20])([H:21])[O:10][H:22])[H:12]
[H:10][C:1]1([C:2]([C:3]([N+:4]1([H:15])[H:16])([H:13])[H:14])([H:12])[C:5]([H:17])([C:6]([H:18])([H:19])[C:7]([H:20])([H:21])[O:8][H:22])[N+:9]([H:23])([H:24])[H:25])[H:11],[H:10][C:1]1([C:2]([C:3]([N+:4]1([H:15])[H:16])([H:13])[H:14])([H:12])[C:5]([H:17])([C:6]([H:18])([H:19])[C:7]([H:20])([H:21])[O:8][H:22])[N+:9]([H:23])([H:24])[H:25])[H:11]
[H:18][C:5]#[C:4][C:2]([C:1]([H:12])([H:13])[H:14])([C:3]([H:15])([H:16])[H:17])[N+:6]([H:19])([H:20])[C:7]([H:21])([H:22])[C:8]([H:23])([C:9]([H:24])([H:25])[O:10][H:26])[O:11][H:27],[H:18][C:5]#[C:4][C:2]([C:1]([H:12])([H:13])[H:14])([C:3]([H:15])([H:16])[H:17])[N+:6]([H:19])([H:20])[C:7]([H:21])([H:22])[C:8]([H:23])([C:9]([H:24])([H:25])[O:10][H:26])[O:11][H:27]
[H:13][C:1]1=[N:5][N:4]([C:3](=[N:2]1)[C:6]2([C:7]([C:8]([C:9]([O:10]2)([H:20])[C:11]([H:21])([H:22])[N+:12]([H:23])([H:24])[H:25])([H:18])[H:19])([H:16])[H:17])[H:15])[H:14],[H:13][C:1]1=[N:5][N:4]([C:3](=[N:2]1)[C:6]2([C:7]([C:8]([C:9]([O:10]2)([H:20])[C:11]([H:21])([H:22])[N+:12]([H:23])([H:24])[H:25])([H:18])[H:19])([H:16])[H:17])[H:15])[H:14]
[H:9][C:1]([H:10])([H:11])[C:2]([C:3]([H:12])([H:13])[C:4]([H:14])([H:15])[F:5])([C:6]([H:16])([H:17])[O:7][H:18])[N:8]([H:19])[H:20],[H:9][C:1]([H:10])([H:11])[C:2]([C:3]([H:12])([H:13])[C:4]([H:14])([H:15])[F:5])([C:6]([H:16])([H:17])[O:7][H:18])[N:8]([H:19])[H:20]
[H:11][C:1]([H:12])([H:13])[C:2]([H:14])([H:15])[N:3]=[P:4]([O:5][C:6]([H:16])([H:17])[H:18])([O:7][C:8]([H:19])([H:20])[C:9]([H:21])([H:22])[H:23])[S:10][H:24],[H:11][C:1]([H:12])([H:13])[C:2]([H:14])([H:15])[N:3]=[P:4]([O:5][C:6]([H:16])([H:17])[H:18])([O:7][C:8]([H:19])([H:20])[C:9]([H:21])([H:22])[H:23])[S:10][H:24]
[N:1]([C:2]([C@:3]([O:4][H:14])([C:5]([I:6])([I:7])[I:8])[H:13])([H:11])[H:12])([H:9])[H:10],[N:1]([C:2]([C@@:3]([O:4][H:14])([C:5]([I:6])([I:7])[I:8])[H:13])([H:11])[H:12])([H:9])[H:10]
[H:12][C:1]1([C:2]([C:3]([N+:4]([C:5]([C:6]1([H:21])[H:22])([H:20])[C:7](=[O:8])[C:9]([H:23])([H:24])[C:10]#[N:11])([H:18])[H:19])([H:16])[H:17])([H:14])[H:15])[H:13],[H:12][C:1]1([C:2]([C:3]([N+:4]([C:5]([C:6]1([H:21])[H:22])([H:20])[C:7](=[O:8])[C:9]([H:23])([H:24])[C:10]#[N:11])([H:18])[H:19])([H:16])[H:17])([H:14])[H:15])[H:13]
[H:21][C:7]1([C:8]([C:6]1([H:20])[C:4]([C:5]([H:17])([H:18])[H:19])([C:3]([H:15])([H:16])[C:2]([H:14])([C:1]([H:11])([H:12])[H:13])[O:10][H:26])[O:9][H:25])([H:23])[H:24])[H:22],[H:21][C:7]1([C:8]([C:6]1([H:20])[C:4]([C:5]([H:17])([H:18])[H:19])([C:3]([H:15])([H:16])[C:2]([H:14])([C:1]([H:11])([H:12])[H:13])[O:10][H:26])[O:9][H:25])([H:23])[H:24])[H:22]
[H:16][C:5]1=[N:6][N:2]([C:3](=[C:4]1[C:7]([H:17])([C:8]([H:18])([H:19])[C:9](=[C:10]([H:21])[H:22])[H:20])[O:11][H:23])[Cl:12])[C:1]([H:13])([H:14])[H:15],[H:16][C:5]1=[N:6][N:2]([C:3](=[C:4]1[C:7]([H:17])([C:8]([H:18])([H:19])[C:9](=[C:10]([H:21])[H:22])[H:20])[O:11][H:23])[Cl:12])[C:1]([H:13])([H:14])[H:15]
[H:13][C:3](=[O:4])[C:2]([H:12])([C:1]([H:9])([H:10])[H:11])[S:5][C:6](=[O:7])[C:8]([H:14])([H:15])[H:16],[H:13][C:3](=[O:4])[C:2]([H:12])([C:1]([H:9])([H:10])[H:11])[S:5][C:6](=[O:7])[C:8]([H:14])([H:15])[H:16]
[H:9][C:1]([H:10])([H:11])[C:2]([C:3]([H:12])([H:13])[H:14])([C:4]([H:15])([H:16])[N:5]=[N:6][H:17])[C:7]([H:18])([H:19])[O:8][H:20],[H:9][C:1]([H:10])([H:11])[C:2]([C:3]([H:12])([H:13])[H:14])([C:4]([H:15])([H:16])[N:5]=[N:6][H:17])[C:7]([H:18])([H:19])[O:8][H:20]
[H:10][C:1]([H:11])([H:12])[C:2]([C:3]([H:13])([H:14])[C:4]([H:15])([H:16])[O:5][H:17])([C:6]([H:18])([H:19])[O:7][C:8]([H:20])([H:21])[H:22])[N+:9]([H:23])([H:24])[H:25],[H:10][C:1]([H:11])([H:12])[C:2]([C:3]([H:13])([H:14])[C:4]([H:15])([H:16])[O:5][H:17])([C:6]([H:18])([H:19])[O:7][C:8]([H:20])([H:21])[H:22])[N+:9]([H:23])([H:24])[H:25]
[H:20][C:6](=[N+:7]([H:21])[N:8]([H:22])[H:23])[C:5]([H:19])([C:4]([H:17])([H:18])[C:3]([H:15])([H:16])[C:2]([H:13])([H:14])[C:1]([H:10])([H:11])[H:12])[N:9]([H:24])[H:25],[H:20][C:6](=[N+:7]([H:21])[N:8]([H:22])[H:23])[C:5]([H:19])([C:4]([H:17])([H:18])[C:3]([H:15])([H:16])[C:2]([H:13])([H:14])[C:1]([H:10])([H:11])[H:12])[N:9]([H:24])[H:25]
[H:9][C:1]([H:10])([H:11])[C:2]([H:12])([H:13])[C:3]([H:14])([H:15])[S:4][C:5]([H:16])([H:17])[C:6]([H:18])([C:7]([H:19])([H:20])[H:21])[C:8]([H:22])([H:23])[H:24],[H:9][C:1]([H:10])([H:11])[C:2]([H:12])([H:13])[C:3]([H:14])([H:15])[S:4][C:5]([H:16])([H:17])[C:6]([H:18])([C:7]([H:19])([H:20])[H:21])[C:8]([H:22])([H:23])[H:24]
[H:15][C:1](=[O:2])[C@:3]([H:16])([C@:5]([H:18])([C@:7]1([C@:12]([O:11][B:9]([O:8]1)[O:10][H:21])([H:22])[C:13]([H:23])([H:24])[O:14][H:25])[H:20])[O:6][H:19])[O:4][H:17],[H:15][C:1](=[O:2])[C@@:3]([H:16])([C@:5]([H:18])([C@:7]1([C@@:12]([O:11][B:9]([O:8]1)[O:10][H:21])([H:22])[C:13]([H:23])([H:24])[O:14][H:25])[H:20])[O:6][H:19])[O:4][H:17]
[H:9][C:1]([H:10])([H:11])[C:2]([H:12])([H:13])[C:3]([H:14])([H:15])[C:4]([H:16])([H:17])[C:5](=[N:6][H:18])[C:7]([H:19])([H:20])[N+:8]([H:21])([H:22])[H:23],[H:9][C:1]([H:10])([H:11])[C:2]([H:12])([H:13])[C:3]([H:14])([H:15])[C:4]([H:16])([H:17])[C:5](=[N:6][H:18])[C:7]([H:19])([H:20])[N+:8]([H:21])([H:22])[H:23]
[N:1](=[N:2]\[C:3]([C:4]([I:5])([H:10])[H:11])([C:6]([I:7])([H:12])[H:13])[H:9])\[H:8],[N:1](=[N:2]/[C:3]([C:4]([I:5])([H:10])[H:11])([C:6]([I:7])([H:12])[H:13])[H:9])\[H:8]
[H:21][C:7]1=[C:8]([N+:9](=[C:5]([N:6]1[H:20])[C:4]([H:18])([H:19])[C:3]([H:17])([C:10](=[O:11])[H:24])[N+:2]([H:15])([H:16])[C:1]([H:12])([H:13])[H:14])[H:23])[H:22],[H:21][C:7]1=[C:8]([N+:9](=[C:5]([N:6]1[H:20])[C:4]([H:18])([H:19])[C:3]([H:17])([C:10](=[O:11])[H:24])[N+:2]([H:15])([H:16])[C:1]([H:12])([H:13])[H:14])[H:23])[H:22]
[H:37][c:14]1[c:15]([c:16]([c:17]([c:12]([c:13]1[H:36])[C@@:3]([H:20])([C:1](=[O:2])[H:19])[O:4][Si:5]([C:6]([H:21])([H:22])[C:7]([H:23])([H:24])[H:25])([C:8]([H:26])([H:27])[C:9]([H:28])([H:29])[H:30])[C:10]([H:31])([H:32])[C:11]([H:33])([H:34])[H:35])[C:18]([H:40])([H:41])[H:42])[H:39])[H:38],[H:37][c:14]1[c:15]([c:16]([c:17]([c:12]([c:13]1[H:36])[C@:3]([H:20])([C:1](=[O:2])[H:19])[O:4][Si:5]([C:6]([H:21])([H:22])[C:7]([H:23])([H:24])[H:25])([C:8]([H:26])([H:27])[C:9]([H:28])([H:29])[H:30])[C:10]([H:31])([H:32])[C:11]([H:33])([H:34])[H:35])[C:18]([H:40])([H:41])[H:42])[H:39])[H:38]
[H:14][C:1](=[O:2])[C@:3]([H:15])([C:4]([H:16])([H:17])[H:18])[C:5]([H:19])([H:20])[Si:6]([C:7]([H:21])([H:22])[H:23])([O:8][C:9]([H:24])([H:25])[C:10]([H:26])([H:27])[H:28])[O:11][C:12]([H:29])([H:30])[C:13]([H:31])([H:32])[H:33],[H:14][C:1](=[O:2])[C@:3]([H:15])([C:4]([H:16])([H:17])[H:18])[C:5]([H:19])([H:20])[Si:6]([C:7]([H:21])([H:22])[H:23])([O:8][C:9]([H:24])([H:25])[C:10]([H:26])([H:27])[H:28])[O:11][C:12]([H:29])([H:30])[C:13]([H:31])([H:32])[H:33]
[H:12][C:1](=[C:2]([H:14])[C:3]([H:15])([H:16])[C:4]1([C:5]([C:6]([N:7]([C:8]1([H:22])[H:23])[H:21])([H:20])[C:9](=[O:10])[O-:11])([H:18])[H:19])[H:17])[H:13],[H:12][C:1](=[C:2]([H:14])[C:3]([H:15])([H:16])[C:4]1([C:5]([C:6]([N:7]([C:8]1([H:22])[H:23])[H:21])([H:20])[C:9](=[O:10])[O-:11])([H:18])[H:19])[H:17])[H:13]
[H:16][C:3]1([C:4]([N:5]([C:6]([C:7]([C:8]([C:2]1([H:15])[C:1]([H:12])([H:13])[H:14])([H:23])[H:24])([C:9]([H:25])([H:26])[N+:10]([H:27])([H:28])[H:29])[O:11][H:30])([H:21])[H:22])[H:20])([H:18])[H:19])[H:17],[H:16][C:3]1([C:4]([N:5]([C:6]([C:7]([C:8]([C:2]1([H:15])[C:1]([H:12])([H:13])[H:14])([H:23])[H:24])([C:9]([H:25])([H:26])[N+:10]([H:27])([H:28])[H:29])[O:11][H:30])([H:21])[H:22])[H:20])([H:18])[H:19])[H:17]
[H:21][C:12]([H:22])([H:23])[C:3]1=[C:2]([N:6]([C:5](=[N:4]1)[S:7][C:8]([H:17])([H:18])[C:9](=[O:10])[N:11]([H:19])[H:20])[H:16])[C:1]([H:13])([H:14])[H:15],[H:21][C:12]([H:22])([H:23])[C:3]1=[C:2]([N:6]([C:5](=[N:4]1)[S:7][C:8]([H:17])([H:18])[C:9](=[O:10])[N:11]([H:19])[H:20])[H:16])[C:1]([H:13])([H:14])[H:15]
[H:22][C:8]1=[C:7]([N+:6](=[C:5]([N:9]1[C:10]([H:23])([H:24])[H:25])[C:4]([H:19])([C:3]([H:17])([H:18])[C:2]([H:15])([H:16])[C:1]([H:12])([H:13])[H:14])[N:11]([H:26])[H:27])[H:20])[H:21],[H:22][C:8]1=[C:7]([N+:6](=[C:5]([N:9]1[C:10]([H:23])([H:24])[H:25])[C:4]([H:19])([C:3]([H:17])([H:18])[C:2]([H:15])([H:16])[C:1]([H:12])([H:13])[H:14])[N:11]([H:26])[H:27])[H:20])[H:21]
[H:13][c:1]1[c:2]([c:3]([c:4]([c:5]([c:6]1[H:16])[C:7]([H:17])([C:8](=[O:9])[N:10]([H:18])[H:19])[N+:11]([H:20])([H:21])[H:22])[F:12])[H:15])[H:14],[H:13][c:1]1[c:2]([c:3]([c:4]([c:5]([c:6]1[H:16])[C:7]([H:17])([C:8](=[O:9])[N:10]([H:18])[H:19])[N+:11]([H:20])([H:21])[H:22])[F:12])[H:15])[H:14]
[N:1](=[C:2]1\[C:3](=[O:4])[N:5]([H:14])[c:6]2[c:7]([H:15])[c:8]([H:16])[c:9]([I:10])[c:11]([H:17])[c:12]21)\[H:13],[N:1](=[C:2]1/[C:3](=[O:4])[N:5]([H:14])[c:6]2[c:7]([H:15])[c:8]([H:16])[c:9]([I:10])[c:11]([H:17])[c:12]21)\[H:13]
[H:26][C:11]1=[N:10][N:9]=[C:8]([O:12]1)[C:5]2([C:4]([N+:3]([C:6]2([H:21])[H:22])([H:18])[C:2]([H:16])([H:17])[C:1]([H:13])([H:14])[H:15])([H:19])[H:20])[C:7]([H:23])([H:24])[H:25],[H:26][C:11]1=[N:10][N:9]=[C:8]([O:12]1)[C:5]2([C:4]([N+:3]([C:6]2([H:21])[H:22])([H:18])[C:2]([H:16])([H:17])[C:1]([H:13])([H:14])[H:15])([H:19])[H:20])[C:7]([H:23])([H:24])[H:25]
[H:14][C:2]1=[C:3]([O:4][C:5](=[C:1]1[H:13])[C:6]([H:15])([H:16])[N:7]([H:17])[H:18])[C:8]2([C:9]([C:10]([C:11]([N:12]2[H:26])([H:24])[H:25])([H:22])[H:23])([H:20])[H:21])[H:19],[H:14][C:2]1=[C:3]([O:4][C:5](=[C:1]1[H:13])[C:6]([H:15])([H:16])[N:7]([H:17])[H:18])[C:8]2([C:9]([C:10]([C:11]([N:12]2[H:26])([H:24])[H:25])([H:22])[H:23])([H:20])[H:21])[H:19]
[H:13][c:1]1[c:2]([c:3]([c:4]([c:5]([c:6]1[H:16])[O:7][H:17])[H:15])[C:8]([H:18])([H:19])[O:9][N+:10](=[O:11])[O-:12])[H:14],[H:13][c:1]1[c:2]([c:3]([c:4]([c:5]([c:6]1[H:16])[O:7][H:17])[H:15])[C:8]([H:18])([H:19])[O:9][N+:10](=[O:11])[O-:12])[H:14]
[H:12][C:1]([H:13])([H:14])[C:2]([H:15])([H:16])[S:3](=[O:4])(=[O:5])[C:6]([H:17])([H:18])[S:7](=[O:8])(=[O:9])[C:10]([H:19])([H:20])[C:11]([H:21])([H:22])[H:23],[H:12][C:1]([H:13])([H:14])[C:2]([H:15])([H:16])[S:3](=[O:4])(=[O:5])[C:6]([H:17])([H:18])[S:7](=[O:8])(=[O:9])[C:10]([H:19])([H:20])[C:11]([H:21])([H:22])[H:23]
[H:22][C:9]1=[N:8][C:6](=[O:7])[C:5](=[C:11]([O:10]1)[O:12][H:23])[C:4]([H:20])([H:21])[C:3]([H:18])([H:19])[C:2]([H:16])([H:17])[C:1]([H:13])([H:14])[H:15],[H:22][C:9]1=[N:8][C:6](=[O:7])[C:5](=[C:11]([O:10]1)[O:12][H:23])[C:4]([H:20])([H:21])[C:3]([H:18])([H:19])[C:2]([H:16])([H:17])[C:1]([H:13])([H:14])[H:15]
[H:21][C:11]([H:22])([H:23])[C:10]([H:20])([C:8]1=[N:7][N:6]=[C:5]([O:9]1)[S:4][C:2]([H:16])([C:1]([H:13])([H:14])[H:15])[C:3]([H:17])([H:18])[H:19])[N:12]([H:24])[H:25],[H:21][C:11]([H:22])([H:23])[C:10]([H:20])([C:8]1=[N:7][N:6]=[C:5]([O:9]1)[S:4][C:2]([H:16])([C:1]([H:13])([H:14])[H:15])[C:3]([H:17])([H:18])[H:19])[N:12]([H:24])[H:25]
[H:12][C:1]([H:13])([H:14])[C:2]([H:15])([H:16])[C:3]([H:17])([H:18])[Si:4]([C:5]([H:19])([H:20])[H:21])([C:6]([H:22])([H:23])[H:24])[N:7]([C:8]([H:25])([H:26])[C:9]([H:27])([H:28])[H:29])[C:10]([H:30])([H:31])[C:11]([H:32])([H:33])[H:34],[H:12][C:1]([H:13])([H:14])[C:2]([H:15])([H:16])[C:3]([H:17])([H:18])[Si:4]([C:5]([H:19])([H:20])[H:21])([C:6]([H:22])([H:23])[H:24])[N:7]([C:8]([H:25])([H:26])[C:9]([H:27])([H:28])[H:29])[C:10]([H:30])([H:31])[C:11]([H:32])([H:33])[H:34]
[H:28][c:13]1[c:12]([c:10]([c:8]([c:7]2[c:14]1[C:4](=[C:5]([O:6]2)[H:23])[C:3]([H:21])([H:22])[C@:2]([H:20])([B:15]([O:16][H:29])[O:17][H:30])[N:1]([H:18])[H:19])[C:9]([H:24])([H:25])[H:26])[Cl:11])[H:27],[H:28][c:13]1[c:12]([c:10]([c:8]([c:7]2[c:14]1[C:4](=[C:5]([O:6]2)[H:23])[C:3]([H:21])([H:22])[C@:2]([H:20])([B:15]([O:16][H:29])[O:17][H:30])[N:1]([H:18])[H:19])[C:9]([H:24])([H:25])[H:26])[Cl:11])[H:27]
[H:10][C:1]([H:11])([H:12])[O:2][C:3]([H:13])([H:14])[C:4]([H:15])([H:16])[O:5][S:6](=[O:7])(=[O:8])[N:9]([H:17])[H:18],[H:10][C:1]([H:11])([H:12])[O:2][C:3]([H:13])([H:14])[C:4]([H:15])([H:16])[O:5][S:6](=[O:7])(=[O:8])[N:9]([H:17])[H:18]
[H:11][C:1]1([C:2]([C:3]2([C:4]([O:5]1)([C:6]([O:7]2)([H:15])[H:16])[C:8]([H:17])([H:18])[O:9][H:19])[H:14])([H:13])[O:10][H:20])[H:12],[H:11][C:1]1([C:2]([C:3]2([C:4]([O:5]1)([C:6]([O:7]2)([H:15])[H:16])[C:8]([H:17])([H:18])[O:9][H:19])[H:14])([H:13])[O:10][H:20])[H:12]
[O:1]=[P:2]([O-:3])([O-:4])[O:5][C@@:6]1([H:13])[C:7]([H:14])([H:15])[O:8][C@@:9]([C:10]([I:11])([H:17])[H:18])([H:16])[C:12]1([H:19])[H:20],[O:1]=[P:2]([O-:3])([O-:4])[O:5][C@:6]1([H:13])[C:7]([H:14])([H:15])[O:8][C@@:9]([C:10]([I:11])([H:17])[H:18])([H:16])[C:12]1([H:19])[H:20]
[H:13][C:1]([H:14])([H:15])[C:2]1=[N:3][N:4]=[C:5]([N:6]1[C:7]([H:16])([H:17])[H:18])[S:8][C:9]([H:19])([H:20])[C:10]([H:21])([H:22])[C:11]([H:23])([H:24])[N+:12]([H:25])([H:26])[H:27],[H:13][C:1]([H:14])([H:15])[C:2]1=[N:3][N:4]=[C:5]([N:6]1[C:7]([H:16])([H:17])[H:18])[S:8][C:9]([H:19])([H:20])[C:10]([H:21])([H:22])[C:11]([H:23])([H:24])[N+:12]([H:25])([H:26])[H:27]
[H:20][C:8](=[O:9])[C:7]([H:18])([H:19])[N+:2]([H:13])([C:1]([H:10])([H:11])[H:12])[C:3]([H:14])([H:15])[C:4]([H:16])([H:17])[C:5]#[N:6],[H:20][C:8](=[O:9])[C:7]([H:18])([H:19])[N+:2]([H:13])([C:1]([H:10])([H:11])[H:12])[C:3]([H:14])([H:15])[C:4]([H:16])([H:17])[C:5]#[N:6]
[H:28][C:11]1=[N:10][N:9]=[C:8]([O:12]1)[C:7]([H:26])([H:27])[N+:5]([H:22])([C:6]([H:23])([H:24])[H:25])[C:4]([H:20])([H:21])[C:2]([H:16])([C:1]([H:13])([H:14])[H:15])[C:3]([H:17])([H:18])[H:19],[H:28][C:11]1=[N:10][N:9]=[C:8]([O:12]1)[C:7]([H:26])([H:27])[N+:5]([H:22])([C:6]([H:23])([H:24])[H:25])[C:4]([H:20])([H:21])[C:2]([H:16])([C:1]([H:13])([H:14])[H:15])[C:3]([H:17])([H:18])[H:19]
[H:23][C:9](=[C:10]([H:24])[O:11][H:25])[C:7](=[O:8])[C:6]([H:21])([H:22])[C:4]1([C:5]([C:1]([C:2]([C:3]1([H:16])[H:17])([H:14])[H:15])([H:12])[H:13])([H:19])[H:20])[H:18],[H:23][C:9](=[C:10]([H:24])[O:11][H:25])[C:7](=[O:8])[C:6]([H:21])([H:22])[C:4]1([C:5]([C:1]([C:2]([C:3]1([H:16])[H:17])([H:14])[H:15])([H:12])[H:13])([H:19])[H:20])[H:18]
[H:18][C:6](=[O:7])[C:5](=[N+:4]([H:17])[O:3][C:2]([H:15])([H:16])[C:1]([H:12])([H:13])[H:14])[C:8](=[N:9][O:10][H:19])[N:11]([H:20])[H:21],[H:18][C:6](=[O:7])[C:5](=[N+:4]([H:17])[O:3][C:2]([H:15])([H:16])[C:1]([H:12])([H:13])[H:14])[C:8](=[N:9][O:10][H:19])[N:11]([H:20])[H:21]
[H:23][C:7](=[C:6]([H:22])[C:3]([C:2]([H:15])([H:16])[C:1]([H:12])([H:13])[H:14])([C:4]([H:17])([H:18])[C:5]([H:19])([H:20])[H:21])[C:8]([H:25])([C:9](=[O:10])[H:26])[N+:11]([H:27])([H:28])[H:29])[H:24],[H:23][C:7](=[C:6]([H:22])[C:3]([C:2]([H:15])([H:16])[C:1]([H:12])([H:13])[H:14])([C:4]([H:17])([H:18])[C:5]([H:19])([H:20])[H:21])[C:8]([H:25])([C:9](=[O:10])[H:26])[N+:11]([H:27])([H:28])[H:29])[H:24]
[H:15][C@:2]([B:10]([O:11][H:26])[O:12][H:27])([C:3]([H:16])([H:17])[C:4]([H:18])([H:19])[C:5]([H:20])([H:21])[N:6]=[C:7]([N:8]([H:22])[H:23])[N:9]([H:24])[H:25])[N:1]([H:13])[H:14],[H:15][C@:2]([B:10]([O:11][H:26])[O:12][H:27])([C:3]([H:16])([H:17])[C:4]([H:18])([H:19])[C:5]([H:20])([H:21])[N:6]=[C:7]([N:8]([H:22])[H:23])[N:9]([H:24])[H:25])[N:1]([H:13])[H:14]
[H:13][C:1]1([C:2]([C:3]([C:4]([O:5]1)([H:17])[C:6]([H:18])([H:19])[O:7][H:20])([H:16])[N:8]([H:21])[C:9](=[N+:10]([H:22])[H:23])[N:11]([H:24])[H:25])([H:15])[O:12][H:26])[H:14],[H:13][C:1]1([C:2]([C:3]([C:4]([O:5]1)([H:17])[C:6]([H:18])([H:19])[O:7][H:20])([H:16])[N:8]([H:21])[C:9](=[N+:10]([H:22])[H:23])[N:11]([H:24])[H:25])([H:15])[O:12][H:26])[H:14]
[H:18][C:5](=[N:4][O:3][C:2]([H:16])([H:17])[C:1]([H:13])([H:14])[H:15])[C:6]1([C:7]([C:8]([C:9]([O:10]1)([H:22])[H:23])([H:21])[O:11][H:24])([H:20])[O:12][H:25])[H:19],[H:18][C:5](=[N:4][O:3][C:2]([H:16])([H:17])[C:1]([H:13])([H:14])[H:15])[C:6]1([C:7]([C:8]([C:9]([O:10]1)([H:22])[H:23])([H:21])[O:11][H:24])([H:20])[O:12][H:25])[H:19]
[H:12][C:1](=[C:2]([H:14])[C:3]([H:15])([H:16])[C:4]1([C:5]([C:6]([C:7]([N+:8]([C:9]1([H:25])[H:26])([H:23])[H:24])([H:21])[H:22])([H:19])[H:20])([H:17])[H:18])[C:10](=[O:11])[H:27])[H:13],[H:12][C:1](=[C:2]([H:14])[C:3]([H:15])([H:16])[C:4]1([C:5]([C:6]([C:7]([N+:8]([C:9]1([H:25])[H:26])([H:23])[H:24])([H:21])[H:22])([H:19])[H:20])([H:17])[H:18])[C:10](=[O:11])[H:27])[H:13]
[H:12][C:1](=[C:2]([H:14])[C:3]([H:15])([H:16])[C:4]1([C:5]([C:6]([C:7]([S:8]1)([H:20])[H:21])([H:18])[H:19])([H:17])[O:9][H:22])[C:10]([H:23])([H:24])[O:11][H:25])[H:13],[H:12][C:1](=[C:2]([H:14])[C:3]([H:15])([H:16])[C:4]1([C:5]([C:6]([C:7]([S:8]1)([H:20])[H:21])([H:18])[H:19])([H:17])[O:9][H:22])[C:10]([H:23])([H:24])[O:11][H:25])[H:13]
[H:15][C@:6]1([C:5]([C:3](=[O:4])[C:2]([N:1]1[H:10])([H:11])[H:12])([H:13])[H:14])[B:7]([O:8][H:16])[O:9][H:17],[H:15][C@@:6]1([C:5]([C:3](=[O:4])[C:2]([N:1]1[H:10])([H:11])[H:12])([H:13])[H:14])[B:7]([O:8][H:16])[O:9][H:17]
[H:19][C:5](=[O:6])[C:4]([C:2]([H:15])([C:1]([H:12])([H:13])[H:14])[C:3]([H:16])([H:17])[H:18])([C:7]([H:20])([C:8]([H:21])([H:22])[H:23])[O:9][C:10]([H:24])([H:25])[H:26])[O:11][H:27],[H:19][C:5](=[O:6])[C:4]([C:2]([H:15])([C:1]([H:12])([H:13])[H:14])[C:3]([H:16])([H:17])[H:18])([C:7]([H:20])([C:8]([H:21])([H:22])[H:23])[O:9][C:10]([H:24])([H:25])[H:26])[O:11][H:27]
[H:21][C:5]1([C:4]([N:8]([C:7]([S:6]1)([H:23])[C:9]([H:25])([H:26])[C:10](=[O:11])[C:12]([H:27])([H:28])[H:29])[H:24])([H:20])[C:2]([H:16])([C:1]([H:13])([H:14])[H:15])[C:3]([H:17])([H:18])[H:19])[H:22],[H:21][C:5]1([C:4]([N:8]([C:7]([S:6]1)([H:23])[C:9]([H:25])([H:26])[C:10](=[O:11])[C:12]([H:27])([H:28])[H:29])[H:24])([H:20])[C:2]([H:16])([C:1]([H:13])([H:14])[H:15])[C:3]([H:17])([H:18])[H:19])[H:22]
[H:24][c:10]1[c:9]([c:8]([c:7]([c:12]([c:11]1[H:25])[H:26])[C:6]([H:20])([H:21])[C:3](=[N:4][N:5]([H:18])[H:19])[C:2]([H:16])([H:17])[C:1]([H:13])([H:14])[H:15])[H:22])[H:23],[H:24][c:10]1[c:9]([c:8]([c:7]([c:12]([c:11]1[H:25])[H:26])[C:6]([H:20])([H:21])[C:3](=[N:4][N:5]([H:18])[H:19])[C:2]([H:16])([H:17])[C:1]([H:13])([H:14])[H:15])[H:22])[H:23]
[H:8][C:1]([H:9])([H:10])[N:2]([H:11])[C:3]([H:12])([H:13])[C:4]([H:14])([H:15])[C:5]([H:16])([H:17])[C:6]([H:18])([H:19])[Cl:7],[H:8][C:1]([H:9])([H:10])[N:2]([H:11])[C:3]([H:12])([H:13])[C:4]([H:14])([H:15])[C:5]([H:16])([H:17])[C:6]([H:18])([H:19])[Cl:7]
[H:18][c:6]1[n:5][c:4]([n:9][c:8]([n:7]1)[S:10][C:11]([H:19])([H:20])[H:21])[N:3]([H:17])[C:2]([H:15])([H:16])[C:1]([H:12])([H:13])[H:14],[H:18][c:6]1[n:5][c:4]([n:9][c:8]([n:7]1)[S:10][C:11]([H:19])([H:20])[H:21])[N:3]([H:17])[C:2]([H:15])([H:16])[C:1]([H:12])([H:13])[H:14]
[H:20][C@:6]1([C:4](=[O:5])[N:3]([C@@:2]1([H:18])[O:1][H:17])[H:19])[C@@:7]([H:21])([C:8]([H:22])([H:23])[H:24])[O:9][Si:10]([C:11]([H:25])([H:26])[H:27])([C:12]([H:28])([H:29])[H:30])[C:13]([C:14]([H:31])([H:32])[H:33])([C:15]([H:34])([H:35])[H:36])[C:16]([H:37])([H:38])[H:39],[H:20][C@:6]1([C:4](=[O:5])[N:3]([C@:2]1([H:18])[O:1][H:17])[H:19])[C@@:7]([H:21])([C:8]([H:22])([H:23])[H:24])[O:9][Si:10]([C:11]([H:25])([H:26])[H:27])([C:12]([H:28])([H:29])[H:30])[C:13]([C:14]([H:31])([H:32])[H:33])([C:15]([H:34])([H:35])[H:36])[C:16]([H:37])([H:38])[H:39]
[H:10][C:1]([H:11])([H:12])[C:2]([C:3]([H:13])([H:14])[H:15])([C:4]([H:16])([H:17])[C:5]([H:18])([H:19])[C:6]#[N:7])[C:8]([H:20])([H:21])[N+:9]([H:22])([H:23])[H:24],[H:10][C:1]([H:11])([H:12])[C:2]([C:3]([H:13])([H:14])[H:15])([C:4]([H:16])([H:17])[C:5]([H:18])([H:19])[C:6]#[N:7])[C:8]([H:20])([H:21])[N+:9]([H:22])([H:23])[H:24]
[N:1]([C@@:2]1([H:15])[C:3](=[O:4])[N:5]([H:16])[c:6]2[c:7]([I:8])[c:9]([H:17])[c:10]([H:18])[c:11]([H:19])[c:12]21)([H:13])[H:14],[N:1]([C@:2]1([H:15])[C:3](=[O:4])[N:5]([H:16])[c:6]2[c:7]([I:8])[c:9]([H:17])[c:10]([H:18])[c:11]([H:19])[c:12]21)([H:13])[H:14]
[H:22][C:7](=[O:8])[C:6]([H:20])([H:21])[C@@:5]1([C:4]([C:3]([C@@:2]([B:10]([O:9]1)[O:11][H:23])([H:14])[N:1]([H:12])[H:13])([H:15])[H:16])([H:17])[H:18])[H:19],[H:22][C:7](=[O:8])[C:6]([H:20])([H:21])[C@@:5]1([C:4]([C:3]([C@@:2]([B:10]([O:9]1)[O:11][H:23])([H:14])[N:1]([H:12])[H:13])([H:15])[H:16])([H:17])[H:18])[H:19]
[H:15][C:3]1=[C:2]([O:6][C:5](=[C:4]1[H:16])[C:7]([C:8]([H:17])([H:18])[H:19])([C:9]([H:20])([H:21])[N+:10]([H:22])([H:23])[H:24])[O:11][H:25])[C:1]([H:12])([H:13])[H:14],[H:15][C:3]1=[C:2]([O:6][C:5](=[C:4]1[H:16])[C:7]([C:8]([H:17])([H:18])[H:19])([C:9]([H:20])([H:21])[N+:10]([H:22])([H:23])[H:24])[O:11][H:25])[C:1]([H:12])([H:13])[H:14]
[H:13][C:1]([H:14])([C:2]([C:3]([C:4]([F:5])([F:6])[F:7])([F:8])[F:9])([F:10])[F:11])[N:12]([H:15])[H:16],[H:13][C:1]([H:14])([C:2]([C:3]([C:4]([F:5])([F:6])[F:7])([F:8])[F:9])([F:10])[F:11])[N:12]([H:15])[H:16]
[H:10][C:1]1([C:2]([S:3][C:4]([C:5]([N:6]1[H:17])([H:16])[C:7]([H:18])([H:19])[C:8]([H:20])([H:21])[N:9]([H:22])[H:23])([H:14])[H:15])([H:12])[H:13])[H:11],[H:10][C:1]1([C:2]([S:3][C:4]([C:5]([N:6]1[H:17])([H:16])[C:7]([H:18])([H:19])[C:8]([H:20])([H:21])[N:9]([H:22])[H:23])([H:14])[H:15])([H:12])[H:13])[H:11]
[H:13][c:1]1[c:2]([c:3]([c:4]([n:5][c:6]1[H:15])[S:7][C:8]([H:16])([F:9])[F:10])[C:11](=[O:12])[H:17])[H:14],[H:13][c:1]1[c:2]([c:3]([c:4]([n:5][c:6]1[H:15])[S:7][C:8]([H:16])([F:9])[F:10])[C:11](=[O:12])[H:17])[H:14]
[H:11][C:1]([H:12])([H:13])[C:2]([H:14])([H:15])[N:3]([H:16])[C:4](=[N+:5]([H:17])[H:18])[N:6]([H:19])[C:7]([C:8]([H:20])([H:21])[H:22])([C:9]([H:23])([H:24])[H:25])[C:10]([H:26])([H:27])[H:28],[H:11][C:1]([H:12])([H:13])[C:2]([H:14])([H:15])[N:3]([H:16])[C:4](=[N+:5]([H:17])[H:18])[N:6]([H:19])[C:7]([C:8]([H:20])([H:21])[H:22])([C:9]([H:23])([H:24])[H:25])[C:10]([H:26])([H:27])[H:28]
[H:10][C:1]([H:11])([C:2]([H:12])([H:13])[C:3]([H:14])([H:15])[S:4](=[O:5])(=[O:6])[N:7]([H:16])[H:17])[C:8]([H:18])([H:19])[N+:9]([H:20])([H:21])[H:22],[H:10][C:1]([H:11])([C:2]([H:12])([H:13])[C:3]([H:14])([H:15])[S:4](=[O:5])(=[O:6])[N:7]([H:16])[H:17])[C:8]([H:18])([H:19])[N+:9]([H:20])([H:21])[H:22]
[H:11][C:1]([H:12])([H:13])[C:2]([H:14])([H:15])[O:3][C:4]1=[N:8][O:7][N:6]=[C:5]1[N:9]([H:16])[C:10]([H:17])([H:18])[H:19],[H:11][C:1]([H:12])([H:13])[C:2]([H:14])([H:15])[O:3][C:4]1=[N:8][O:7][N:6]=[C:5]1[N:9]([H:16])[C:10]([H:17])([H:18])[H:19]
[H:5][C:4]([H:6])([C:7]([H:8])([H:9])[S:10][C:11](=[O:12])[C:13]([Br:14])([Br:15])[Br:16])[N:2]([H:1])[H:3],[H:5][C:4]([H:6])([C:7]([H:8])([H:9])[S:10][C:11](=[O:12])[C:13]([Br:14])([Br:15])[Br:16])[N:2]([H:1])[H:3]
[N:1]([N:2](/[C:3]([N:4]([H:16])[H:17])=[N:5]\[c:6]1[c:7]([H:18])[c:8]([H:19])[c:9]([H:20])[c:10]([I:11])[c:12]1[H:21])[H:15])([H:13])[H:14],[N:1]([N:2](/[C:3]([N:4]([H:16])[H:17])=[N:5]/[c:6]1[c:7]([H:18])[c:8]([H:19])[c:9]([H:20])[c:10]([I:11])[c:12]1[H:21])[H:15])([H:13])[H:14]
[H:15][C:1](=[O:2])[C@:3]([H:16])([C@:5]([H:18])([C@:7]1([C@@:12]([O:11][B:9]([O:8]1)[O:10][H:21])([H:22])[C:13]([H:23])([H:24])[O:14][H:25])[H:20])[O:6][H:19])[O:4][H:17],[H:15][C:1](=[O:2])[C@@:3]([H:16])([C@:5]([H:18])([C@:7]1([C@@:12]([O:11][B:9]([O:8]1)[O:10][H:21])([H:22])[C:13]([H:23])([H:24])[O:14][H:25])[H:20])[O:6][H:19])[O:4][H:17]
[H:20][C:9]1=[C:8]([N:7]=[C:6]([S:10]1)[C:4](=[O:5])[C:2]([H:16])([C:1]([H:13])([H:14])[H:15])[C:3]([H:17])([H:18])[H:19])[C:11]([H:21])([H:22])[O:12][H:23],[H:20][C:9]1=[C:8]([N:7]=[C:6]([S:10]1)[C:4](=[O:5])[C:2]([H:16])([C:1]([H:13])([H:14])[H:15])[C:3]([H:17])([H:18])[H:19])[C:11]([H:21])([H:22])[O:12][H:23]
[H:13][C:1]1=[C:5]([O:4][C:3](=[C:2]1[H:14])[S:6][C:7]2([C:8]([C:9]([C:10]([C:11]([C:12]2([H:25])[H:26])([H:23])[H:24])([H:21])[H:22])([H:19])[H:20])([H:17])[H:18])[H:16])[H:15],[H:13][C:1]1=[C:5]([O:4][C:3](=[C:2]1[H:14])[S:6][C:7]2([C:8]([C:9]([C:10]([C:11]([C:12]2([H:25])[H:26])([H:23])[H:24])([H:21])[H:22])([H:19])[H:20])([H:17])[H:18])[H:16])[H:15]
[H:10][C:1]([H:11])([H:12])[C:2]([H:13])([H:14])[C:3]([H:15])([C:4]([H:16])([O:5][C:6]([H:17])([H:18])[H:19])[O:7][C:8]([H:20])([H:21])[H:22])[N:9]([H:23])[H:24],[H:10][C:1]([H:11])([H:12])[C:2]([H:13])([H:14])[C:3]([H:15])([C:4]([H:16])([O:5][C:6]([H:17])([H:18])[H:19])[O:7][C:8]([H:20])([H:21])[H:22])[N:9]([H:23])[H:24]
[H:20][C:4]1=[C:5]([C:9]([C@@:10]([C@@:2]([C:3]1([H:18])[H:19])([H:17])[N:1]([H:15])[H:16])([H:25])[N:11]([H:26])/[C:12](=[N:13]\[H:27])/[N:14]([H:28])[H:29])([H:23])[H:24])[B:6]([O:7][H:21])[O:8][H:22],[H:20][C:4]1=[C:5]([C:9]([C@@:10]([C@@:2]([C:3]1([H:18])[H:19])([H:17])[N:1]([H:15])[H:16])([H:25])[N:11]([H:26])/[C:12](=[N:13]\[H:27])/[N:14]([H:28])[H:29])([H:23])[H:24])[B:6]([O:7][H:21])[O:8][H:22]
[H:12][C:1]1([C:2]([C:3]12[C:4]([C:5]([C:6]([C:7]2([H:20])[C:8]([H:21])([H:22])[O:9][H:23])([H:19])[O:10][H:24])([H:18])[O:11][H:25])([H:16])[H:17])([H:14])[H:15])[H:13],[H:12][C:1]1([C:2]([C:3]12[C:4]([C:5]([C:6]([C:7]2([H:20])[C:8]([H:21])([H:22])[O:9][H:23])([H:19])[O:10][H:24])([H:18])[O:11][H:25])([H:16])[H:17])([H:14])[H:15])[H:13]
[H:21][c:6]1[c:7]([n:8][c:9]([n:10][c:5]1[N:4]([H:20])[C:3]([H:18])([H:19])[C:2]([H:16])([H:17])[C:1]([H:13])([H:14])[H:15])[C:11](=[O:12])[H:23])[H:22],[H:21][c:6]1[c:7]([n:8][c:9]([n:10][c:5]1[N:4]([H:20])[C:3]([H:18])([H:19])[C:2]([H:16])([H:17])[C:1]([H:13])([H:14])[H:15])[C:11](=[O:12])[H:23])[H:22]
[H:16][C:9](=[O:10])[C:4](=[C:5]([C:6](=[O:7])[H:14])[O:8][H:15])[C:1]([H:11])([H:12])[C:2](=[O:3])[H:13],[H:16][C:9](=[O:10])[C:4](=[C:5]([C:6](=[O:7])[H:14])[O:8][H:15])[C:1]([H:11])([H:12])[C:2](=[O:3])[H:13]
[H:11][C:1]1([C:2]([C:3]([N+:4]([C:5]([C:6]([C:7]([C:8]([C:9]1([H:26])[H:27])([H:25])[O:10][H:28])([H:23])[H:24])([H:21])[H:22])([H:19])[H:20])([H:17])[H:18])([H:15])[H:16])([H:13])[H:14])[H:12],[H:11][C:1]1([C:2]([C:3]([N+:4]([C:5]([C:6]([C:7]([C:8]([C:9]1([H:26])[H:27])([H:25])[O:10][H:28])([H:23])[H:24])([H:21])[H:22])([H:19])[H:20])([H:17])[H:18])([H:15])[H:16])([H:13])[H:14])[H:12]
[H:10][C:1]([H:11])([H:12])[C:2]([H:13])([C:3]([H:14])([H:15])[H:16])[N+:4]([H:17])([H:18])[C:5]([H:19])([H:20])[C:6]([H:21])([C:7]([H:22])([H:23])[H:24])[O:8][F:9],[H:10][C:1]([H:11])([H:12])[C:2]([H:13])([C:3]([H:14])([H:15])[H:16])[N+:4]([H:17])([H:18])[C:5]([H:19])([H:20])[C:6]([H:21])([C:7]([H:22])([H:23])[H:24])[O:8][F:9]
[H:22][C:6](=[O:7])[C:3]([C:2]([H:15])([H:16])[C:1]([H:12])([H:13])[H:14])([C:4]([H:17])([H:18])[C:5]([H:19])([H:20])[H:21])[C:8]([H:23])([C:9]([H:24])([H:25])[H:26])[N:10]=[N:11][H:27],[H:22][C:6](=[O:7])[C:3]([C:2]([H:15])([H:16])[C:1]([H:12])([H:13])[H:14])([C:4]([H:17])([H:18])[C:5]([H:19])([H:20])[H:21])[C:8]([H:23])([C:9]([H:24])([H:25])[H:26])[N:10]=[N:11][H:27]
[H:23][C:11](=[O:12])[C:10]([H:21])([H:22])[C:3]1=[N:4][C:5](=[N:6][N:2]1[C:1]([H:13])([H:14])[H:15])[C:7]2([C:8]([C:9]2([H:19])[H:20])([H:17])[H:18])[H:16],[H:23][C:11](=[O:12])[C:10]([H:21])([H:22])[C:3]1=[N:4][C:5](=[N:6][N:2]1[C:1]([H:13])([H:14])[H:15])[C:7]2([C:8]([C:9]2([H:19])[H:20])([H:17])[H:18])[H:16]
[C:1]([N:2]1/[C:3](=[N:4]/[H:16])[S:5][c:6]2[c:7]([H:17])[c:8]([H:18])[c:9]([H:19])[c:10]([I:11])[c:12]21)([H:13])([H:14])[H:15],[C:1]([N:2]1/[C:3](=[N:4]\[H:16])[S:5][c:6]2[c:7]([H:17])[c:8]([H:18])[c:9]([H:19])[c:10]([I:11])[c:12]21)([H:13])([H:14])[H:15]
[H:19][C:1](=[O:2])[C@:3]1([C@:12]([C@:11]2([C@:6]([C:5]1([H:22])[H:23])([C@:7]([N:9]([C:10]2([H:30])[H:31])[H:29])([H:25])[C:8]([H:26])([H:27])[H:28])[H:24])[H:32])([H:33])[C:13]([H:34])([H:35])[C:14]([H:36])([H:37])[C:15]([H:38])([H:39])[B:16]([O:17][H:40])[O:18][H:41])[N:4]([H:20])[H:21],[H:19][C:1](=[O:2])[C@:3]1([C@:12]([C@:11]2([C@@:6]([C:5]1([H:22])[H:23])([C@:7]([N:9]([C:10]2([H:30])[H:31])[H:29])([H:25])[C:8]([H:26])([H:27])[H:28])[H:24])[H:32])([H:33])[C:13]([H:34])([H:35])[C:14]([H:36])([H:37])[C:15]([H:38])([H:39])[B:16]([O:17][H:40])[O:18][H:41])[N:4]([H:20])[H:21]
[H:11][C:1]1=[C:5]([N:4]([C:3](=[C:2]1[O:10][H:19])[C:7]([H:14])([H:15])[C:8]([H:16])([H:17])[O:9][H:18])[H:12])[O:6][H:13],[H:11][C:1]1=[C:5]([N:4]([C:3](=[C:2]1[O:10][H:19])[C:7]([H:14])([H:15])[C:8]([H:16])([H:17])[O:9][H:18])[H:12])[O:6][H:13]
[O:1]=[C:2]([O-:3])[C@@:4]1([H:12])[N:5]([H:13])[C:6]([H:14])([H:15])[C@@:7]2([H:16])[C@:8]1([H:17])[C:9]2([I:10])[I:11],[O:1]=[C:2]([O-:3])[C@:4]1([H:12])[N:5]([H:13])[C:6]([H:14])([H:15])[C@:7]2([H:16])[C@@:8]1([H:17])[C:9]2([I:10])[I:11]
[H:11][C:1]1([C:2]([N:3]([C:4](=[O:5])[N:6]([C:7]1([H:17])[C:8]([H:18])([O:9][H:19])[O:10][H:20])[H:16])[H:15])([H:13])[H:14])[H:12],[H:11][C:1]1([C:2]([N:3]([C:4](=[O:5])[N:6]([C:7]1([H:17])[C:8]([H:18])([O:9][H:19])[O:10][H:20])[H:16])[H:15])([H:13])[H:14])[H:12]
