similarity,test_idx,train_idx,test_smiles,train_smiles
0.9599999785423279,4792,35516,[H:19][C:9](=[O:10])[C:8]1=[N:7][O:6][C:5]2=[C:4]1[C:3]([C:2]([C:1]([C:12]([C:11]2([H:20])[H:21])([H:22])[H:23])([H:13])[H:14])([H:15])[H:16])([H:17])[H:18],[H:18][C:9](=[O:10])[C:6]1=[N:7][O:8][C:4]2=[C:5]1[C:11]([C:1]([C:2]([C:3]2([H:16])[H:17])([H:14])[H:15])([H:12])[H:13])([H:19])[H:20]
0.9583333134651184,125,33396,[H:13][C:1]1([C:2]([C:3]([C:4]([C:5]([C:6]1([H:21])[H:22])([H:19])[H:20])([C:7]2=[N:8][N:9]([N:10]=[N:11]2)[H:23])[N:12]([H:24])[H:25])([H:17])[H:18])([H:15])[H:16])[H:14],[H:12][C:1]1([C:2]([C:3]([C:4]([C:5]1([H:18])[H:19])([C:6]2=[N:7][N:8]([N:9]=[N:10]2)[H:20])[N:11]([H:21])[H:22])([H:16])[H:17])([H:14])[H:15])[H:13]
0.95652174949646,3940,15584,[H:13][C:1](=[C:2]([H:15])[C:3]1([C:4]([C:5]([C:6]([C:7]([C:8]1([H:24])[H:25])([H:22])[H:23])([H:20])[H:21])([H:18])[H:19])([H:16])[H:17])[C:9]([H:26])([C:10](=[O:11])[H:27])[N+:12]([H:28])([H:29])[H:30])[H:14],[H:12][C:1](=[C:2]([H:14])[C:3]1([C:4]([C:5]([C:6]([C:7]1([H:21])[H:22])([H:19])[H:20])([H:17])[H:18])([H:15])[H:16])[C:8]([H:23])([C:9](=[O:10])[H:24])[N+:11]([H:25])([H:26])[H:27])[H:13]
0.9545454382896423,6195,22454,[H:22][C:7]1([C:8]([C:9]([C:5]2([C:6]1([H:20])[H:21])[C:10]([N+:11]([C:4]2([H:19])[C:2]([H:15])([C:1]([H:12])([H:13])[H:14])[C:3]([H:16])([H:17])[H:18])([H:30])[H:31])([H:28])[H:29])([H:26])[H:27])([H:24])[H:25])[H:23],[H:25][C:8]1([C:7]([C:6]([C:5]2([C:10]([C:9]1([H:27])[H:28])([H:29])[H:30])[C:11]([N+:12]([C:4]2([H:20])[C:2]([H:16])([C:1]([H:13])([H:14])[H:15])[C:3]([H:17])([H:18])[H:19])([H:33])[H:34])([H:31])[H:32])([H:21])[H:22])([H:23])[H:24])[H:26]
0.9545454382896423,5843,40848,[H:32][C:11](=[O:12])[C:2]([C:1]([H:13])([H:14])[H:15])([C:3]([H:16])([H:17])[H:18])[C:4]([H:19])([H:20])[N+:5]1([C:6]([C:7]([C:8]([C:9]([C:10]1([H:30])[H:31])([H:28])[H:29])([H:26])[H:27])([H:24])[H:25])([H:22])[H:23])[H:21],[H:29][C:10](=[O:11])[C:2]([C:1]([H:12])([H:13])[H:14])([C:3]([H:15])([H:16])[H:17])[C:4]([H:18])([H:19])[N+:5]1([C:6]([C:7]([C:8]([C:9]1([H:27])[H:28])([H:25])[H:26])([H:23])[H:24])([H:21])[H:22])[H:20]
0.9523809552192688,1750,2435,[H:12][C:1]1([C:2]([C:3]([C:4]2([C:5]([C:6]1([H:20])[H:21])([H:18])[H:19])[C:7]([O:8][C:9]([C:10]([N:11]2[H:28])([H:26])[H:27])([H:24])[H:25])([H:22])[H:23])([H:16])[H:17])([H:14])[H:15])[H:13],[H:11][C:1]1([C:2]([C:3]([C:4]2([C:5]1([H:17])[H:18])[C:6]([O:7][C:8]([C:9]([N:10]2[H:25])([H:23])[H:24])([H:21])[H:22])([H:19])[H:20])([H:15])[H:16])([H:13])[H:14])[H:12]
0.9523809552192688,3386,33692,[H:12][C:1]1([C:2]([C:3]([C:4]([C:5]([C:6]([C:7]1([H:22])[H:23])([H:20])[H:21])([H:19])[N:8]([H:24])[H:25])([H:18])[C:9](=[O:10])[O-:11])([H:16])[H:17])([H:14])[H:15])[H:13],[H:11][C:1]1([C:2]([C:3]([C:4]([C:5]([C:6]1([H:19])[H:20])([H:18])[C:7](=[O:8])[O-:9])([H:17])[N:10]([H:21])[H:22])([H:15])[H:16])([H:13])[H:14])[H:12]
0.949999988079071,3637,6443,[H:13][C:1]1([C:2]([C:3]([C:4]2([C:7](=[O:8])[N:9]([C:10](=[O:11])[N:12]2[H:24])[H:23])[C:5]([C:6]1([H:21])[H:22])([H:19])[H:20])([H:17])[H:18])([H:15])[H:16])[H:14],[H:12][C:1]1([C:2]([C:3]([C:4]2([C:5]1([H:18])[H:19])[C:6](=[O:7])[N:8]([C:9](=[O:10])[N:11]2[H:21])[H:20])([H:16])[H:17])([H:14])[H:15])[H:13]
0.949999988079071,1703,4517,[H:20][C:7](=[C:6]([C:9](=[O:10])[H:22])[C:4]1([C:5]([C:1]([C:2]([C:3]1([H:15])[H:16])([H:13])[H:14])([H:11])[H:12])([H:18])[H:19])[H:17])[O:8][H:21],[H:23][C:8](=[C:7]([C:10](=[O:11])[H:25])[C:4]1([C:3]([C:2]([C:1]([C:6]([C:5]1([H:19])[H:20])([H:21])[H:22])([H:12])[H:13])([H:14])[H:15])([H:16])[H:17])[H:18])[O:9][H:24]
0.9473684430122375,5116,4951,[H:10][C:1]1([C:2]([C:3]([C:4]([C:5]([N:6]([C:7]([C:8]1([H:22])[H:23])([H:20])[H:21])[H:19])([H:17])[H:18])([H:16])[N:9]([H:24])[H:25])([H:14])[H:15])([H:12])[H:13])[H:11],[H:9][C:1]1([C:2]([C:3]([N:4]([C:5]([C:6]([C:7]1([H:19])[H:20])([H:18])[N:8]([H:21])[H:22])([H:16])[H:17])[H:15])([H:13])[H:14])([H:11])[H:12])[H:10]
0.9473684430122375,4514,5682,[H:13][C:1]1([C:2]([C:3]([N+:4]([C:5]([C:6]1([H:22])[H:23])([H:20])[H:21])([H:19])[C:7]2([C:8]([C:9]([N+:10]([C:11]([C:12]2([H:33])[H:34])([H:31])[H:32])([H:29])[H:30])([H:27])[H:28])([H:25])[H:26])[H:24])([H:17])[H:18])([H:15])[H:16])[H:14],[H:12][C:1]1([C:2]([C:3]([N+:4]([C:5]1([H:19])[H:20])([H:18])[C:6]2([C:7]([C:8]([N+:9]([C:10]([C:11]2([H:30])[H:31])([H:28])[H:29])([H:26])[H:27])([H:24])[H:25])([H:22])[H:23])[H:21])([H:16])[H:17])([H:14])[H:15])[H:13]
0.9444444179534912,1852,19671,[H:12][C:1]1([C:2]([C:3]([C:4]([C:5]([C:6]([C:7]1([H:22])[H:23])([H:20])[H:21])([C:8](=[O:9])[O-:10])[N:11]([H:24])[H:25])([H:18])[H:19])([H:16])[H:17])([H:14])[H:15])[H:13],[H:10][C:1]1([C:2]([C:3]([C:4]([C:5]1([H:16])[H:17])([C:6](=[O:7])[O-:8])[N:9]([H:18])[H:19])([H:14])[H:15])([H:12])[H:13])[H:11]
0.9411764740943909,325,3779,[H:19][C:7](=[N+:8]([H:20])[H:21])[N:6]([H:18])[C:4]1([C:5]([C:1]([C:2]([C:3]1([H:13])[H:14])([H:11])[H:12])([H:9])[H:10])([H:16])[H:17])[H:15],[H:22][C:8](=[N+:9]([H:23])[H:24])[N:7]([H:21])[C:4]1([C:3]([C:2]([C:1]([C:6]([C:5]1([H:17])[H:18])([H:19])[H:20])([H:10])[H:11])([H:12])[H:13])([H:14])[H:15])[H:16]
0.9375,923,22944,[H:16][C:4]1([C:5]([C:6]([C:7]([C:8]([C:3]1([H:15])[O:2][C:1]([H:12])([H:13])[H:14])([H:22])[H:23])([H:21])[O:9][C:10]([H:24])([H:25])[H:26])([H:19])[H:20])([H:18])[O:11][H:27])[H:17],[H:12][C:4]1([C:5]([C:6]([C:3]1([H:11])[O:2][C:1]([H:8])([H:9])[H:10])([H:15])[H:16])([H:14])[O:7][H:17])[H:13]
0.9375,1912,28076,[H:10][C:1]1([C:2]([C:3]([C:4]([C:5]1([H:17])[H:18])([H:16])[P:6](=[O:7])([O-:8])[O-:9])([H:14])[H:15])([H:12])[H:13])[H:11],[H:11][C:1]1([C:2]([C:3]([C:4]([C:5]([C:6]1([H:20])[H:21])([H:18])[H:19])([H:17])[P:7](=[O:8])([O-:9])[O-:10])([H:15])[H:16])([H:13])[H:14])[H:12]
0.9333333373069763,1930,10817,[H:8][C:1]1([C:2]([C:3]([N:4]([O:5][C:6]([C:7]1([H:17])[H:18])([H:15])[H:16])[H:14])([H:12])[H:13])([H:10])[H:11])[H:9],[H:7][C:1]1([C:2]([C:3]([O:4][N:5]([C:6]1([H:14])[H:15])[H:13])([H:11])[H:12])([H:9])[H:10])[H:8]
0.9333333373069763,4879,39482,[H:17][C:5]1([C:4]([C:3]([C:2]([C:7]([C:6]1([H:19])[H:20])([H:21])[H:22])([C:1]([H:10])([H:11])[H:12])[N:8]([H:23])[C:9]([H:24])([H:25])[H:26])([H:13])[H:14])([H:15])[H:16])[H:18],[H:14][C:4]1([C:5]([C:6]([C:2]([C:3]1([H:12])[H:13])([C:1]([H:9])([H:10])[H:11])[N:7]([H:20])[C:8]([H:21])([H:22])[H:23])([H:18])[H:19])([H:16])[H:17])[H:15]
0.9285714030265808,445,4504,[H:13][C:3]1([C:4](=[N+:5]([H:15])[O:6][H:16])[C:7]([C:8]([C:1]([C:2]1([H:11])[H:12])([H:9])[H:10])([H:19])[H:20])([H:17])[H:18])[H:14],[H:12][C:3]1([C:4](=[N+:5]([H:14])[O:6][H:15])[C:7]([C:1]([C:2]1([H:10])[H:11])([H:8])[H:9])([H:16])[H:17])[H:13]
0.9285714030265808,737,19490,[H:21][C:9]1=[N:8][C:7](=[N:11][O:10]1)[C:3]2([C:4]([C:5]([C:6]2([H:19])[H:20])([H:17])[H:18])([H:15])[H:16])[O:2][C:1]([H:12])([H:13])[H:14],[H:24][C:10]1=[N:9][C:8](=[N:12][O:11]1)[C:3]2([C:4]([C:5]([C:6]([C:7]2([H:22])[H:23])([H:20])[H:21])([H:18])[H:19])([H:16])[H:17])[O:2][C:1]([H:13])([H:14])[H:15]
0.9285714030265808,3513,23709,[H:8][C:1]1([C:2]([C:3]([C:4]([C:5]1([H:15])[H:16])([H:14])[N:6]=[O:7])([H:12])[H:13])([H:10])[H:11])[H:9],[H:9][C:1]1([C:2]([C:3]([C:4]([C:5]([C:6]1([H:18])[H:19])([H:16])[H:17])([H:15])[N:7]=[O:8])([H:13])[H:14])([H:11])[H:12])[H:10]
0.9259259104728699,5349,13125,[H:21][C:10](=[O:11])[C:3]1=[C:4]2[C:5](=[N:6][N:2]1[C:1]([H:12])([H:13])[H:14])[C:7]([C:8]([C:9]2([H:19])[H:20])([H:17])[H:18])([H:15])[H:16],[H:24][C:11](=[O:12])[C:3]1=[C:4]2[C:5](=[N:6][N:2]1[C:1]([H:13])([H:14])[H:15])[C:7]([C:8]([C:9]([C:10]2([H:22])[H:23])([H:20])[H:21])([H:18])[H:19])([H:16])[H:17]
0.9200000166893005,2836,25869,[H:11][C:1]1=[C:2]([N+:3](=[O:4])[C:5]2=[C:6]([N:7]1[H:13])[C:8]([C:9]([C:10]2([H:18])[H:19])([H:16])[H:17])([H:14])[H:15])[H:12],[H:12][C:1]1=[C:2]([N+:3](=[O:4])[C:5]2=[C:6]([N:7]1[H:14])[C:8]([C:9]([C:10]([C:11]2([H:21])[H:22])([H:19])[H:20])([H:17])[H:18])([H:15])[H:16])[H:13]
0.9200000166893005,6066,5452,[H:27][C:10](=[O:11])[C:4]1([C:5]([C:6]([N+:7]([C:8]2([C:3]1([C:2]([C:1]([C:9]2([H:25])[H:26])([H:12])[H:13])([H:14])[H:15])[H:16])[H:24])([H:22])[H:23])([H:20])[H:21])([H:18])[H:19])[H:17],[H:30][C:11](=[O:12])[C:7]1([C:8]([C:9]([N+:10]([C:4]2([C:5]1([C:6]([C:1]([C:2]([C:3]2([H:17])[H:18])([H:15])[H:16])([H:13])[H:14])([H:21])[H:22])[H:20])[H:19])([H:28])[H:29])([H:26])[H:27])([H:24])[H:25])[H:23]
0.9200000166893005,1007,17653,[H:14][C:3]1=[C:2]([N:6]=[C:5]([S:4]1)[C:7]2([C:8]([C:9]([C:10]2([H:20])[H:21])([H:18])[H:19])([H:16])[H:17])[H:15])[C:1]([H:11])([H:12])[H:13],[H:15][C:3]1=[C:2]([N:6]=[C:5]([S:4]1)[C:7]2([C:8]([C:9]([C:10]([C:11]2([H:23])[H:24])([H:21])[H:22])([H:19])[H:20])([H:17])[H:18])[H:16])[C:1]([H:12])([H:13])[H:14]
0.9200000166893005,1037,37203,[H:12][C:1]1=[C:5]([N:4]([C:3]2=[C:2]1[C:11]([C:10]([C:9]([C:8]2([H:15])[H:16])([H:17])[H:18])([H:19])[H:20])([H:21])[H:22])[H:13])[C:6](=[O:7])[H:14],[H:11][C:1]1=[C:5]([N:4]([C:3]2=[C:2]1[C:10]([C:9]([C:8]2([H:14])[H:15])([H:16])[H:17])([H:18])[H:19])[H:12])[C:6](=[O:7])[H:13]
0.9200000166893005,4921,23994,[H:12][C:1]1([C:2]([C:3]2([C:4]1([H:16])[H:17])[C:5]([C:6]3([C:7]2([O:8][C:9]([C:10]3([H:23])[H:24])([H:21])[H:22])[H:20])[H:19])([H:18])[N:11]([H:25])[H:26])([H:14])[H:15])[H:13],[H:13][C:1]1([C:2]([C:3]([C:4]2([C:5]1([H:19])[H:20])[C:6]([C:7]3([C:8]2([O:9][C:10]([C:11]3([H:26])[H:27])([H:24])[H:25])[H:23])[H:22])([H:21])[N:12]([H:28])[H:29])([H:17])[H:18])([H:15])[H:16])[H:14]
0.9166666865348816,5008,44,[H:12][C:1]1=[C:5]([O:4][C:3]2=[C:2]1[C:11]([C:10]([C:9]2([H:18])[H:19])([H:20])[H:21])([H:22])[H:23])[C:6]3([C:7]([C:8]3([H:16])[H:17])([H:14])[H:15])[H:13],[H:13][C:1]1=[C:5]([O:4][C:3]2=[C:2]1[C:12]([C:11]([C:10]([C:9]2([H:19])[H:20])([H:21])[H:22])([H:23])[H:24])([H:25])[H:26])[C:6]3([C:7]([C:8]3([H:17])[H:18])([H:15])[H:16])[H:14]
0.9130434989929199,2537,39162,[H:22][C:7]1([C:6]([C:5]([C:8]1([H:24])[H:25])([C:9]([H:26])([H:27])[O:10][H:28])[C:4]([H:19])([C:2]([H:15])([C:1]([H:12])([H:13])[H:14])[C:3]([H:16])([H:17])[H:18])[N:11]([H:29])[H:30])([H:20])[H:21])[H:23],[H:23][C:7]1([C:8]([C:9]([C:5]([C:6]1([H:21])[H:22])([C:10]([H:29])([H:30])[O:11][H:31])[C:4]([H:20])([C:2]([H:16])([C:1]([H:13])([H:14])[H:15])[C:3]([H:17])([H:18])[H:19])[N:12]([H:32])[H:33])([H:27])[H:28])([H:25])[H:26])[H:24]
0.9130434989929199,4814,28639,[H:11][c:1]1[n:2][c:3]2[c:4]([c:5]([n:6]1)[Cl:7])[C:8]([C:9]([C:10]2([H:16])[H:17])([H:14])[H:15])([H:12])[H:13],[H:12][c:1]1[n:2][c:3]2[c:4]([c:5]([n:6]1)[Cl:7])[C:8]([C:9]([C:10]([C:11]2([H:19])[H:20])([H:17])[H:18])([H:15])[H:16])([H:13])[H:14]
0.9090909361839294,3899,9376,[H:18][C:6]1([C:7]([C:8]([C:4]([C:5]1([H:16])[H:17])([H:15])[S:3][C:2]([H:13])([H:14])[C:1]([H:10])([H:11])[H:12])([H:22])[N:9]([H:23])[H:24])([H:20])[H:21])[H:19],[H:21][C:7]1([C:6]([C:5]([C:4]([C:9]([C:8]1([H:23])[H:24])([H:25])[N:10]([H:26])[H:27])([H:16])[S:3][C:2]([H:14])([H:15])[C:1]([H:11])([H:12])[H:13])([H:17])[H:18])([H:19])[H:20])[H:22]
0.9090909361839294,5694,38653,[H:16][C:5]1([C:4]([C:3]([N+:2]([C:7]([C:6]1([H:18])[H:19])([H:20])[H:21])([C:1]([H:9])([H:10])[H:11])[C:8]([H:22])([H:23])[H:24])([H:12])[H:13])([H:14])[H:15])[H:17],[H:13][C:4]1([C:5]([C:6]([N+:2]([C:3]1([H:11])[H:12])([C:1]([H:8])([H:9])[H:10])[C:7]([H:19])([H:20])[H:21])([H:17])[H:18])([H:15])[H:16])[H:14]
0.9090909361839294,1833,31807,[H:7][C:1]1([C:2]([C:3]([C:4]([C:5]1([H:14])[H:15])([H:13])[F:6])([H:11])[H:12])([H:9])[H:10])[H:8],[H:8][C:1]1([C:2]([C:3]([C:4]([C:5]([C:6]1([H:17])[H:18])([H:15])[H:16])([H:14])[F:7])([H:12])[H:13])([H:10])[H:11])[H:9]
0.9090909361839294,3257,38502,[H:12][C:2]1([C:3]2=[C:7]([O:6][N:5]=[C:4]2[C:9]([C:1]1([H:10])[H:11])([H:16])[H:17])[N:8]([H:14])[H:15])[H:13],[H:19][C:10]1([C:5]2=[C:6]([O:7][N:8]=[C:4]2[C:3]([C:2]([C:1]1([H:11])[H:12])([H:13])[H:14])([H:15])[H:16])[N:9]([H:17])[H:18])[H:20]
0.9090909361839294,449,25276,[H:19][C:6]1([C:5]([C:4]([C:8]([C:7]1([H:21])[H:22])([H:23])[O:9][H:24])([H:16])[C:3]([H:14])([H:15])[N:2]([H:13])[C:1]([H:10])([H:11])[H:12])([H:17])[H:18])[H:20],[H:20][C:6]1([C:7]([C:8]([C:9]([C:4]([C:5]1([H:18])[H:19])([H:17])[C:3]([H:15])([H:16])[N:2]([H:14])[C:1]([H:11])([H:12])[H:13])([H:26])[O:10][H:27])([H:24])[H:25])([H:22])[H:23])[H:21]
0.9090909361839294,5610,7782,[H:8][C:1]1([C:2]([C:3]([C:4]([C:5]([C:6]1([H:17])[H:18])([H:15])[H:16])([H:14])[S:7][H:19])([H:12])[H:13])([H:10])[H:11])[H:9],[H:7][C:1]1([C:2]([C:3]([C:4]([C:5]1([H:14])[H:15])([H:13])[S:6][H:16])([H:11])[H:12])([H:9])[H:10])[H:8]
0.9047619104385376,3645,4160,[H:19][C:6]1([C:5]([C:4]([N+:8]([C:7]1([H:21])[H:22])([H:23])[H:24])([H:16])[C:2]([C:1]([H:10])([H:11])[H:12])([C:3]([H:13])([H:14])[H:15])[O:9][H:25])([H:17])[H:18])[H:20],[H:20][C:6]1([C:7]([C:8]([N+:9]([C:4]([C:5]1([H:18])[H:19])([H:17])[C:2]([C:1]([H:11])([H:12])[H:13])([C:3]([H:14])([H:15])[H:16])[O:10][H:28])([H:26])[H:27])([H:24])[H:25])([H:22])[H:23])[H:21]
0.8999999761581421,2182,33920,[H:13][C:1]([H:14])([H:15])[c:2]1[c:3]([c:4]([c:5]([c:6]([c:7]1[F:8])[F:9])[F:10])[F:11])[F:12],[H:13][C:1]([H:14])([H:15])[c:2]1[c:3]([c:4]([c:5]([c:6]([c:7]1[F:8])[F:9])[C:10]([H:16])([H:17])[H:18])[F:11])[F:12]
0.8999999761581421,2559,18215,[H:13][C:1]1=[C:2]([N:3]2[C:4](=[N:5]1)[C:6]([C:7]([C:8]([C:9]2([H:20])[H:21])([H:18])[H:19])([H:16])[H:17])([H:14])[H:15])[S:10](=[O:11])[O-:12],[H:12][C:1]1=[C:2]([N:3]2[C:4](=[N:5]1)[C:6]([C:7]([C:8]2([H:17])[H:18])([H:15])[H:16])([H:13])[H:14])[S:9](=[O:10])[O-:11]
0.8999999761581421,659,38262,[H:8][C:1]1([C:2]([C:3]([C:4]2([C:5]1([H:14])[H:15])[C:6]([C:7]2([H:18])[H:19])([H:16])[H:17])([H:12])[H:13])([H:10])[H:11])[H:9],[H:9][C:1]1([C:2]([C:3]([C:4]2([C:5]([C:6]1([H:17])[H:18])([H:15])[H:16])[C:7]([C:8]2([H:21])[H:22])([H:19])[H:20])([H:13])[H:14])([H:11])[H:12])[H:10]
0.8947368264198303,2806,31455,[H:18][C:6]1([C:5]([C:4]([C:3]([C:8]([C:7]1([H:20])[H:21])([H:22])[O:9][H:23])([H:13])[O:2][C:1]([H:10])([H:11])[H:12])([H:14])[H:15])([H:16])[H:17])[H:19],[H:15][C:5]1([C:6]([C:7]([C:3]([C:4]1([H:13])[H:14])([H:12])[O:2][C:1]([H:9])([H:10])[H:11])([H:19])[O:8][H:20])([H:17])[H:18])[H:16]
0.8947368264198303,4207,32585,[H:26][C:9](=[O:10])[C:4]1([C:5]([C:6]([C:7]([C:8]1([H:24])[H:25])([H:22])[H:23])([H:20])[H:21])([H:18])[H:19])[N+:2]([H:14])([C:1]([H:11])([H:12])[H:13])[C:3]([H:15])([H:16])[H:17],[H:23][C:8](=[O:9])[C:4]1([C:5]([C:6]([C:7]1([H:21])[H:22])([H:19])[H:20])([H:17])[H:18])[N+:2]([H:13])([C:1]([H:10])([H:11])[H:12])[C:3]([H:14])([H:15])[H:16]
0.8947368264198303,300,1296,[H:16][C:5](=[O:6])[C:3]1([C:2]([C:1]([C:4]1([H:14])[H:15])([H:10])[H:11])([H:12])[H:13])[C:7]([H:17])([F:8])[F:9],[H:19][C:6](=[O:7])[C:4]1([C:5]([C:1]([C:2]([C:3]1([H:15])[H:16])([H:13])[H:14])([H:11])[H:12])([H:17])[H:18])[C:8]([H:20])([F:9])[F:10]
0.8928571343421936,2886,5264,[H:14][C:2]1([C:3]2=[N:4][N:5]=[C:6]([N:7]2[C:8]([C:1]1([H:12])[H:13])([H:16])[H:17])[C:9]([H:18])([H:19])[C:10]([H:20])([H:21])[N+:11]([H:22])([H:23])[H:24])[H:15],[H:26][C:12]1([C:5]2=[N:6][N:7]=[C:8]([N:4]2[C:3]([C:2]([C:1]1([H:13])[H:14])([H:15])[H:16])([H:17])[H:18])[C:9]([H:19])([H:20])[C:10]([H:21])([H:22])[N+:11]([H:23])([H:24])[H:25])[H:27]
0.8928571343421936,6151,19419,[H:11][C:1]1=[N:5][N:4]2[C:3](=[C:2]1[C:9](=[O:10])[H:18])[C:8]([C:7]([C:6]2([H:12])[H:13])([H:14])[H:15])([H:16])[H:17],[H:12][C:1]1=[N:5][N:4]2[C:3](=[C:2]1[C:10](=[O:11])[H:21])[C:9]([C:8]([C:7]([C:6]2([H:13])[H:14])([H:15])[H:16])([H:17])[H:18])([H:19])[H:20]
0.8888888955116272,1845,34094,[H:9][C:1]1([C:2]([C:3]([C:4]1([H:13])[H:14])([C:5]([H:15])([H:16])[C:6]([H:17])([H:18])[N+:7]([H:19])([H:20])[H:21])[O:8][H:22])([H:11])[H:12])[H:10],[H:10][C:1]1([C:2]([C:3]([C:4]([C:5]1([H:16])[H:17])([C:6]([H:18])([H:19])[C:7]([H:20])([H:21])[N+:8]([H:22])([H:23])[H:24])[O:9][H:25])([H:14])[H:15])([H:12])[H:13])[H:11]
0.8888888955116272,532,42153,[H:12][C:1]1([C:2]([C:3]([C:4]2([C:5]([C:6]([C:7]([C:8]([C:9]2([C:10]1([H:27])[H:28])[H:26])([H:24])[H:25])([H:22])[H:23])([H:21])[N:11]([H:29])[H:30])([H:19])[H:20])[H:18])([H:16])[H:17])([H:14])[H:15])[H:13],[H:11][C:1]1([C:2]([C:3]2([C:4]([C:5]([C:6]([C:7]([C:8]2([C:9]1([H:24])[H:25])[H:23])([H:21])[H:22])([H:20])[N:10]([H:26])[H:27])([H:18])[H:19])([H:16])[H:17])[H:15])([H:13])[H:14])[H:12]
0.8888888955116272,971,14230,[H:12][c:1]1[c:2]([c:3]2[c:4]([c:5]([c:6]1[H:14])[Br:7])[O:8][C:9]([C:10]([C:11]2([H:19])[H:20])([H:17])[H:18])([H:15])[H:16])[H:13],[H:13][c:1]1[c:2]([c:3]2[c:4]([c:5]([c:6]1[H:15])[Br:7])[O:8][C:9]([C:10]([C:11]([C:12]2([H:22])[H:23])([H:20])[H:21])([H:18])[H:19])([H:16])[H:17])[H:14]
0.8846153616905212,5572,5403,[H:11][C:1]1=[C:2]([N:3]([C:4](=[C:5]1[C:6](=[O:7])[H:14])[C:8]2([C:9]([C:10]2([H:18])[H:19])([H:16])[H:17])[H:15])[H:13])[H:12],[H:12][C:1]1=[C:2]([N:3]([C:4](=[C:5]1[C:6](=[O:7])[H:15])[C:8]2([C:9]([C:10]([C:11]2([H:21])[H:22])([H:19])[H:20])([H:17])[H:18])[H:16])[H:14])[H:13]
0.8846153616905212,6078,26202,[H:23][C:8](=[C:7]1[C:10](=[O:11])[N:2]([C:3]([C:4]([C:5]([C:6]1([H:21])[H:22])([H:19])[H:20])([H:17])[H:18])([H:15])[H:16])[C:1]([H:12])([H:13])[H:14])[O-:9],[H:20][C:7](=[C:6]1[C:9](=[O:10])[N:2]([C:3]([C:4]([C:5]1([H:18])[H:19])([H:16])[H:17])([H:14])[H:15])[C:1]([H:11])([H:12])[H:13])[O-:8]
0.8846153616905212,6273,39017,[H:18][C:8](=[O:9])[C:3]1([C:4](=[O:5])[N:6]([C:7]([C:1]([C:2]1([H:13])[H:14])([H:11])[H:12])([H:16])[H:17])[H:15])[O:10][H:19],[H:21][C:9](=[O:10])[C:7]1([C:5](=[O:6])[N:4]([C:3]([C:2]([C:1]([C:8]1([H:19])[H:20])([H:12])[H:13])([H:14])[H:15])([H:16])[H:17])[H:18])[O:11][H:22]
0.8799999952316284,3746,17155,[H:12][C:1]1([C:2]([C:3]([N:4]([C:5]1([H:17])[H:18])[C:6]([F:7])([F:8])[F:9])([H:16])[C:10]([H:19])([H:20])[N+:11]([H:21])([H:22])[H:23])([H:14])[H:15])[H:13],[H:13][C:1]1([C:2]([C:3]([N:4]([C:5]([C:6]1([H:20])[H:21])([H:19])[C:7]([H:22])([H:23])[N+:8]([H:24])([H:25])[H:26])[C:9]([F:10])([F:11])[F:12])([H:17])[H:18])([H:15])[H:16])[H:14]
0.8799999952316284,6013,12476,[H:13][C:1]1([C:2]([C:3]([N+:4]([C:5]([C:6]1([H:21])[H:22])([H:20])[C:7]([H:23])([H:24])[N:8]([H:25])[H:26])([H:19])[C:9]([F:10])([F:11])[F:12])([H:17])[H:18])([H:15])[H:16])[H:14],[H:12][C:1]1([C:2]([C:3]([N+:4]([C:5]1([H:18])[H:19])([H:17])[C:6]([F:7])([F:8])[F:9])([H:16])[C:10]([H:20])([H:21])[N:11]([H:22])[H:23])([H:14])[H:15])[H:13]
0.8799999952316284,5960,10256,[H:22][C:7]1=[C:6]([C:10]([C:9]([C:8]1([H:23])[H:24])([H:25])[H:26])([H:27])[H:28])[C:2]([C:1]([H:11])([H:12])[H:13])([C:3]([H:14])([H:15])[H:16])[C:4]([H:17])([H:18])[N+:5]([H:19])([H:20])[H:21],[H:23][C:7]1=[C:6]([C:11]([C:10]([C:9]([C:8]1([H:24])[H:25])([H:26])[H:27])([H:28])[H:29])([H:30])[H:31])[C:2]([C:1]([H:12])([H:13])[H:14])([C:3]([H:15])([H:16])[H:17])[C:4]([H:18])([H:19])[N+:5]([H:20])([H:21])[H:22]
0.875,1706,5108,[H:15][C:5]1([C:4]([C:3]([C:6]1([H:17])[H:18])([C:2]([H:11])([H:12])[C:1]([H:8])([H:9])[H:10])[N:7]([H:19])[H:20])([H:13])[H:14])[H:16],[H:16][C:5]1([C:6]([C:7]([C:3]([C:4]1([H:14])[H:15])([C:2]([H:12])([H:13])[C:1]([H:9])([H:10])[H:11])[N:8]([H:22])[H:23])([H:20])[H:21])([H:18])[H:19])[H:17]
0.875,4078,10664,[H:7][C:1]1([C:2]([C:3]([N+:4]([C:5]1([H:14])[H:15])([H:12])[H:13])([H:11])[N:6]([H:16])[H:17])([H:9])[H:10])[H:8],[H:8][C:1]1([C:2]([C:3]([N+:4]([C:5]([C:6]1([H:17])[H:18])([H:16])[N:7]([H:19])[H:20])([H:14])[H:15])([H:12])[H:13])([H:10])[H:11])[H:9]
0.875,4518,1661,[H:8][C:1]1([C:2]([C:3]([C:4]1([H:12])[H:13])([C:5]#[N:6])[O:7][H:14])([H:10])[H:11])[H:9],[H:9][C:1]1([C:2]([C:3]([C:4]([C:5]1([H:15])[H:16])([C:6]#[N:7])[O:8][H:17])([H:13])[H:14])([H:11])[H:12])[H:10]
0.8695651888847351,3724,19195,[H:23][C:7]1([C:6]([C:5]([N+:4]([C:9]([C:8]1([H:25])[H:26])([H:27])[C:10]([H:28])([H:29])[H:30])([H:18])[C:3]([H:16])([H:17])[C:2]([H:14])([H:15])[C:1]([H:11])([H:12])[H:13])([H:19])[H:20])([H:21])[H:22])[H:24],[H:20][C:6]1([C:7]([C:8]([N+:4]([C:5]1([H:18])[H:19])([H:17])[C:3]([H:15])([H:16])[C:2]([H:13])([H:14])[C:1]([H:10])([H:11])[H:12])([H:24])[C:9]([H:25])([H:26])[H:27])([H:22])[H:23])[H:21]
0.8695651888847351,2153,17952,[H:11][C:1]1([C:2]([N:3]2[C:4](=[O:5])[N:6]([C:7](=[S:8])[N:9]2[C:10]1([H:16])[H:17])[H:15])([H:13])[H:14])[H:12],[H:13][C:1]1([C:2]([C:3]([N:4]2[C:5](=[O:6])[N:7]([C:8](=[S:9])[N:10]2[C:11]([C:12]1([H:22])[H:23])([H:20])[H:21])[H:19])([H:17])[H:18])([H:15])[H:16])[H:14]
0.8695651888847351,2555,9304,[H:12][C:1]1([C:2]([C:3]([N:4]([C:5]([C:6]1([H:20])[H:21])([H:19])[C:7]2([C:8]([C:9]([C:10]([N+:11]2([H:29])[H:30])([H:27])[H:28])([H:25])[H:26])([H:23])[H:24])[H:22])[H:18])([H:16])[H:17])([H:14])[H:15])[H:13],[H:23][C:8]1([C:7]([C:6]([N:10]([C:9]1([H:25])[H:26])[H:27])([H:20])[C:3]2([C:2]([C:1]([C:5]([N+:4]2([H:16])[H:17])([H:18])[H:19])([H:11])[H:12])([H:13])[H:14])[H:15])([H:21])[H:22])[H:24]
0.8636363744735718,3185,13105,[H:10][C:1]1([C:2]([C:3]([C:4]1([H:14])[H:15])([C:5]([H:16])([H:17])[C:6](=[O:7])[N:8]([H:18])[H:19])[N+:9]([H:20])([H:21])[H:22])([H:12])[H:13])[H:11],[H:12][C:1]1([C:2]([C:3]([C:4]([C:5]([C:6]1([H:20])[H:21])([H:18])[H:19])([C:7]([H:22])([H:23])[C:8](=[O:9])[N:10]([H:24])[H:25])[N+:11]([H:26])([H:27])[H:28])([H:16])[H:17])([H:14])[H:15])[H:13]
0.8636363744735718,5902,30778,[H:11][C:1]1([C:2]([C:3]([S:4](=[O:5])(=[O:6])[C:7]([C:8]1([H:18])[H:19])([H:17])[C:9]([H:20])([H:21])[N:10]([H:22])[H:23])([H:15])[H:16])([H:13])[H:14])[H:12],[H:10][C:1]1([C:2]([C:3]([S:4](=[O:5])(=[O:6])[C:7]1([H:15])[H:16])([H:14])[C:8]([H:17])([H:18])[N:9]([H:19])[H:20])([H:12])[H:13])[H:11]
0.8571428656578064,4642,37793,[H:10][c:1]1[c:2]([c:3]([c:4]([c:5]([c:6]1[F:7])[H:12])[Br:8])[H:11])[F:9],[H:1][c:2]1[c:3]([c:5]([c:7]([c:9]([c:11]1[Br:12])[H:10])[Br:8])[H:6])[F:4]
0.8571428656578064,2891,32506,[H:19][C:9]1([C:8]([C:7]([C:10]1([H:21])[H:22])([H:16])[C:6]2=[N:5][N:4]=[C:3]([N:2]2[C:1]([H:13])([H:14])[H:15])[C:11]([H:23])([H:24])[N+:12]([H:25])([H:26])[H:27])([H:17])[H:18])[H:20],[H:16][C:8]1([C:9]([C:7]1([H:15])[C:6]2=[N:5][N:4]=[C:3]([N:2]2[C:1]([H:12])([H:13])[H:14])[C:10]([H:20])([H:21])[N+:11]([H:22])([H:23])[H:24])([H:18])[H:19])[H:17]
0.8571428656578064,881,22192,[H:21][c:6]1[c:7]([c:8]([c:9]([c:10]2[c:5]1[C:4]([C:3]([N+:2]([C:11]2([H:24])[H:25])([H:16])[C:1]([H:13])([H:14])[H:15])([H:17])[H:18])([H:19])[H:20])[H:23])[Cl:12])[H:22],[H:23][c:9]1[c:8]([c:7]([c:6]([c:5]2[c:10]1[C:11]([N+:2]([C:3]([C:4]2([H:19])[H:20])([H:17])[H:18])([H:16])[C:1]([H:13])([H:14])[H:15])([H:24])[H:25])[H:21])[Cl:12])[H:22]
0.8518518805503845,1154,5517,[H:21][C:9](=[O:10])[C:6]1([C:7]([N:8]([C:3]2([C:1]([C:2]2([H:13])[H:14])([H:11])[H:12])[C:4]([O:5]1)([H:15])[H:16])[H:20])([H:18])[H:19])[H:17],[H:24][C:10](=[O:11])[C:7]1([C:8]([N:9]([C:3]2([C:2]([C:1]([C:4]2([H:16])[H:17])([H:12])[H:13])([H:14])[H:15])[C:5]([O:6]1)([H:18])[H:19])[H:23])([H:21])[H:22])[H:20]
0.8518518805503845,317,38470,[H:16][C:3]1=[C:2]([N:6]([C:5](=[C:4]1[C:8]([H:21])([H:22])[C:9]2([C:10]([C:11]([C:12]2([H:28])[H:29])([H:26])[H:27])([H:24])[H:25])[H:23])[C:7]([H:18])([H:19])[H:20])[H:17])[C:1]([H:13])([H:14])[H:15],[H:15][C:3]1=[C:2]([N:6]([C:5](=[C:4]1[C:8]([H:20])([H:21])[C:9]2([C:10]([C:11]2([H:25])[H:26])([H:23])[H:24])[H:22])[C:7]([H:17])([H:18])[H:19])[H:16])[C:1]([H:12])([H:13])[H:14]
0.8500000238418579,237,17208,[H:13][C:1]1([C:2]([C:3]([C:4]([C:5]1([H:19])[H:20])([C:6]([H:21])([H:22])[N+:7]([H:23])([H:24])[H:25])[N:8]2[C:9]([C:10]([C:11]([C:12]2([H:32])[H:33])([H:30])[H:31])([H:28])[H:29])([H:26])[H:27])([H:17])[H:18])([H:15])[H:16])[H:14],[H:11][C:1]1([C:2]([C:3]2([C:4]([C:5]([C:6]([N:7]2[C:8]1([H:21])[H:22])([H:19])[H:20])([H:17])[H:18])([H:15])[H:16])[C:9]([H:23])([H:24])[N+:10]([H:25])([H:26])[H:27])([H:13])[H:14])[H:12]
0.8500000238418579,5849,42638,[H:11][C:1]1([C:2]([C:3]([C:4]1([H:16])[H:17])([H:15])[C:5]2([C:6]([C:7]([C:8]2([H:22])[H:23])([H:20])[H:21])([H:18])[H:19])[C:9]([H:24])([H:25])[N:10]([H:26])[H:27])([H:13])[H:14])[H:12],[H:10][C:1]1([C:2]([C:3]([C:4]1([H:14])[H:15])([C:7]2([C:8]([C:9]2([H:23])[H:24])([H:21])[H:22])[H:20])[C:5]([H:16])([H:17])[N:6]([H:18])[H:19])([H:12])[H:13])[H:11]
0.84375,4266,1110,[H:12][C:1]1=[C:2]([O:3][C:4](=[N:5]1)[H:13])[C:6]2([C:7]([C:8]([C:9]([N+:10]2([H:20])[H:21])([H:18])[H:19])([H:16])[H:17])([H:15])[N:11]([H:22])[H:23])[H:14],[H:13][C:1]1=[C:2]([O:3][C:4](=[N:5]1)[H:14])[C:6]2([C:7]([C:8]([C:9]([C:10]([N+:11]2([H:23])[H:24])([H:21])[H:22])([H:19])[H:20])([H:17])[H:18])([H:16])[N:12]([H:25])[H:26])[H:15]
0.8421052694320679,722,5695,[H:16][C:5]1([C:4]([C:3]([C:6]1([H:18])[H:19])([H:13])[C:2]([H:12])([C:1]([H:9])([H:10])[H:11])[N:7]([H:20])[C:8]([H:21])([H:22])[H:23])([H:14])[H:15])[H:17],[H:20][C:6]1([C:5]([C:4]([C:3]([C:8]([C:7]1([H:22])[H:23])([H:24])[H:25])([H:15])[C:2]([H:14])([C:1]([H:11])([H:12])[H:13])[N:9]([H:26])[C:10]([H:27])([H:28])[H:29])([H:16])[H:17])([H:18])[H:19])[H:21]
0.8399999737739563,5173,36240,[H:12][c:1]1[c:2]([c:3]([n:4][c:5]([c:6]1[C:7]2([C:8]([C:9]([C:10]2([H:20])[H:21])([H:18])[H:19])([H:16])[H:17])[H:15])[H:14])[N:11]([H:22])[H:23])[H:13],[H:11][c:1]1[c:2]([c:3]([n:4][c:5]([c:6]1[C:7]2([C:8]([C:9]2([H:17])[H:18])([H:15])[H:16])[H:14])[H:13])[N:10]([H:19])[H:20])[H:12]
0.8399999737739563,98,18224,[H:21][C:6]1([C:7]([N+:8]([C:9]([C:10]([C:5]1([C:4]([H:19])([H:20])[N+:2]([H:15])([C:1]([H:12])([H:13])[H:14])[C:3]([H:16])([H:17])[H:18])[O:11][H:31])([H:29])[H:30])([H:27])[H:28])([H:25])[H:26])([H:23])[H:24])[H:22],[H:24][C:7]1([C:6]([C:5]([C:11]([C:10]([N+:9]([C:8]1([H:26])[H:27])([H:28])[H:29])([H:30])[H:31])([H:32])[H:33])([C:4]([H:20])([H:21])[N+:2]([H:16])([C:1]([H:13])([H:14])[H:15])[C:3]([H:17])([H:18])[H:19])[O:12][H:34])([H:22])[H:23])[H:25]
0.8399999737739563,3474,4827,[H:12][C:1]1=[N:5][N:4]([C:3](=[C:2]1[Br:11])[C:6]2([C:7]([C:8]([C:9]([C:10]2([H:21])[H:22])([H:19])[H:20])([H:17])[H:18])([H:15])[H:16])[H:14])[H:13],[H:10][C:1]1=[N:5][N:4]([C:3](=[C:2]1[Br:9])[C:6]2([C:7]([C:8]2([H:15])[H:16])([H:13])[H:14])[H:12])[H:11]
0.8399999737739563,2592,7124,[H:10][C:1]1=[C:2]([N:3]=[C:4]([S:5]1)[N:6]([H:11])[H:12])[C:7]2([C:8]([C:9]2([H:16])[H:17])([H:14])[H:15])[H:13],[H:11][C:1]1=[C:2]([N:3]=[C:4]([S:5]1)[N:6]([H:12])[H:13])[C:7]2([C:8]([C:9]([C:10]2([H:19])[H:20])([H:17])[H:18])([H:15])[H:16])[H:14]
0.8399999737739563,2920,36723,[H:22][C:9]1([C:10]([C:8]1([H:21])[C:4]2([C:5]([N:6]([C:7]2([H:19])[H:20])[H:18])([H:16])[H:17])[C:3]([H:14])([H:15])[O:2][C:1]([H:11])([H:12])[H:13])([H:24])[H:25])[H:23],[H:25][C:10]1([C:9]([C:8]([C:11]1([H:27])[H:28])([H:22])[C:4]2([C:5]([N:6]([C:7]2([H:20])[H:21])[H:19])([H:17])[H:18])[C:3]([H:15])([H:16])[O:2][C:1]([H:12])([H:13])[H:14])([H:23])[H:24])[H:26]
0.8399999737739563,4626,22578,[H:20][C:8]1([C:9]([C:10]([C:6]([C:7]1([H:18])[H:19])([H:17])[N:5]=[C:4]([O:3][C:2]([H:15])([H:16])[C:1]([H:12])([H:13])[H:14])[S:11][H:26])([H:24])[H:25])([H:22])[H:23])[H:21],[H:16][C:7]1([C:8]([C:6]1([H:15])[N:5]=[C:4]([O:3][C:2]([H:13])([H:14])[C:1]([H:10])([H:11])[H:12])[S:9][H:20])([H:18])[H:19])[H:17]
0.8333333134651184,963,37511,[H:11][C:1]1([C:2]([C:3]([C:4]1([H:15])[H:16])([C:5]2=[N:9][N:8]=[N:7][N-:6]2)[N:10]([H:17])[H:18])([H:13])[H:14])[H:12],[H:10][C:1]1([C:2]([C:3]1([C:4]2=[N:8][N:7]=[N:6][N-:5]2)[N:9]([H:14])[H:15])([H:12])[H:13])[H:11]
0.8333333134651184,4764,998,[H:13][C:1]1([C:2]([C:3]([C:4]([N+:5]([C:6]1([H:22])[H:23])([H:20])[H:21])([H:18])[H:19])([H:17])[C:7]2=[N:11][N:10]=[C:9]([N:8]2[H:24])[N:12]([H:25])[H:26])([H:15])[H:16])[H:14],[H:12][C:1]1([C:2]([N+:3]([C:4]([C:5]1([H:20])[C:6]2=[N:10][N:9]=[C:8]([N:7]2[H:21])[N:11]([H:22])[H:23])([H:18])[H:19])([H:16])[H:17])([H:14])[H:15])[H:13]
0.8333333134651184,1392,8418,[H:5][C:1]([H:6])([H:7])[C:2]([H:8])([Cl:3])[Cl:4],[H:5][C:1]([H:6])([H:7])[C:2]([H:8])([C:3]([H:9])([H:10])[H:11])[Cl:4]
0.8260869383811951,1044,24119,[H:13][c:1]1[c:2]([c:3]2[c:4]([c:5]([c:6]1[N:7]([H:16])[H:17])[H:15])[O:8][C:9]([C:10]([C:11]([O:12]2)([H:22])[H:23])([H:20])[H:21])([H:18])[H:19])[H:14],[H:12][c:1]1[c:2]([c:3]2[c:4]([c:5]([c:6]1[N:7]([H:15])[H:16])[H:14])[O:8][C:9]([C:10]([O:11]2)([H:19])[H:20])([H:17])[H:18])[H:13]
0.8235294222831726,4120,40506,[H:12][C:1]1([C:2]([C:3]([C:4]([C:5]([C:6]1([H:20])[H:21])([H:18])[H:19])([C:7]([F:8])([F:9])[F:10])[N:11]([H:22])[H:23])([H:16])[H:17])([H:14])[H:15])[H:13],[H:10][C:1]1([C:2]([C:3]([C:4]1([H:14])[H:15])([C:5]([F:6])([F:7])[F:8])[N:9]([H:16])[H:17])([H:12])[H:13])[H:11]
0.8235294222831726,2283,41466,[H:13][C:4]1([C:3]([C:2]([O:6][C:5]1([H:15])[H:16])([H:10])[C:1]([H:7])([H:8])[H:9])([H:11])[H:12])[H:14],[H:14][C:4]1([C:5]([C:6]([O:7][C:2]([C:3]1([H:12])[H:13])([H:11])[C:1]([H:8])([H:9])[H:10])([H:18])[H:19])([H:16])[H:17])[H:15]
0.8181818127632141,4356,24152,[H:12][C:1]1=[N:5][N:4]([N:3]=[C:2]1[C:6]2([C:7]([C:8]([N+:9]([C:10]2([H:20])[H:21])([H:18])[H:19])([H:16])[H:17])([H:14])[H:15])[O:11][H:22])[H:13],[H:13][C:1]1=[N:5][N:4]([N:3]=[C:2]1[C:6]2([C:7]([C:8]([C:9]([N+:10]([C:11]2([H:23])[H:24])([H:21])[H:22])([H:19])[H:20])([H:17])[H:18])([H:15])[H:16])[O:12][H:25])[H:14]
0.8181818127632141,3524,32973,[H:12][C:1]1=[N:2][C:3](=[C:4]2[N:5]1[C:6]([C:7]([N:8]([C:9]2([H:18])[H:19])[H:17])([H:15])[H:16])([H:13])[H:14])[C:10]([H:20])([H:21])[N+:11]([H:22])([H:23])[H:24],[H:13][C:1]1=[N:2][C:3](=[C:4]2[N:5]1[C:6]([C:7]([C:8]([N:9]([C:10]2([H:21])[H:22])[H:20])([H:18])[H:19])([H:16])[H:17])([H:14])[H:15])[C:11]([H:23])([H:24])[N+:12]([H:25])([H:26])[H:27]
0.8181818127632141,2397,24841,[H:13][C:1]1=[C:2]2[C:12]([N+:11]([C:10]([C:9]([C:8]([N:3]2[N:4]=[C:5]1[C:6]([H:14])([H:15])[N+:7]([H:16])([H:17])[H:18])([H:19])[H:20])([H:21])[H:22])([H:23])[H:24])([H:25])[H:26])([H:27])[H:28],[H:12][C:1]1=[C:2]2[C:11]([N+:10]([C:9]([C:8]([N:3]2[N:4]=[C:5]1[C:6]([H:13])([H:14])[N+:7]([H:15])([H:16])[H:17])([H:18])[H:19])([H:20])[H:21])([H:22])[H:23])([H:24])[H:25]
0.8181818127632141,4039,30743,[H:12][C:1]1=[C:2]([N:3]=[C:4]([O:5]1)[H:13])[C:6]2([C:7]([C:8]([C:9]([N:10]2[H:20])([H:18])[H:19])([H:16])[H:17])([H:15])[N+:11]([H:21])([H:22])[H:23])[H:14],[H:13][C:1]1=[C:2]([N:3]=[C:4]([O:5]1)[H:14])[C:6]2([C:7]([C:8]([C:9]([C:10]([N:11]2[H:23])([H:21])[H:22])([H:19])[H:20])([H:17])[H:18])([H:16])[N+:12]([H:24])([H:25])[H:26])[H:15]
0.8181818127632141,904,29112,[H:12][c:1]1[c:2]([c:3]([c:4]([c:5]([c:6]1[C:7]2([C:8]([C:9]2([H:18])[H:19])([H:16])[H:17])[N+:10]([H:20])([H:21])[H:22])[H:15])[H:14])[F:11])[H:13],[H:13][c:1]1[c:2]([c:3]([c:4]([c:5]([c:6]1[C:7]2([C:8]([C:9]([C:10]2([H:21])[H:22])([H:19])[H:20])([H:17])[H:18])[N+:11]([H:23])([H:24])[H:25])[H:16])[H:15])[F:12])[H:14]
0.8125,2250,25743,[H:8][C:1]1([C:2]([C:3]2([C:4]1([H:12])[H:13])[C:5]([C:6]2([H:16])[N+:7]([H:17])([H:18])[H:19])([H:14])[H:15])([H:10])[H:11])[H:9],[H:10][C:1]1([C:2]([C:3]([C:4]2([C:5]([C:6]1([H:18])[H:19])([H:16])[H:17])[C:7]([C:8]2([H:22])[N+:9]([H:23])([H:24])[H:25])([H:20])[H:21])([H:14])[H:15])([H:12])[H:13])[H:11]
0.8125,5916,29617,[H:12][C:1]1([C:5]2=[N:6][O:7][C:8](=[C:4]2[N:3]([C:2]1([H:14])[H:15])[H:16])[C:9](=[O:10])[O-:11])[H:13],[H:15][C:2]1([C:3]2=[N:7][O:6][C:5](=[C:4]2[N:11]([C:12]([C:1]1([H:13])[H:14])([H:18])[H:19])[H:17])[C:8](=[O:9])[O-:10])[H:16]
0.8125,2044,29218,[H:13][C:1]1=[C:2]2[C:3](=[C:4]([S:5]1)[C:6](=[O:7])[O-:8])[C:9]([C:10]([C:11]([N:12]2[H:20])([H:18])[H:19])([H:16])[H:17])([H:14])[H:15],[H:12][C:1]1=[C:2]2[C:3](=[C:4]([S:5]1)[C:6](=[O:7])[O-:8])[C:9]([C:10]([N:11]2[H:17])([H:15])[H:16])([H:13])[H:14]
0.8125,1191,34844,[H:13][C:1]1([C:2]([C:3]([C:4]([N:5]([C:6]1([H:21])[H:22])[H:20])([H:18])[H:19])([H:17])[C:7]([H:23])([H:24])[C:8]2=[N:12][N:11]=[N:10][N:9]2[H:25])([H:15])[H:16])[H:14],[H:12][C:1]1([C:2]([N:3]([C:4]([C:5]1([H:19])[C:6]([H:20])([H:21])[C:7]2=[N:11][N:10]=[N:9][N:8]2[H:22])([H:17])[H:18])[H:16])([H:14])[H:15])[H:13]
0.8125,5105,20107,[H:15][C:3]1([C:4]([C:5]([C:6]([C:7]([C:2]1([C:1]([H:12])([H:13])[H:14])[C:11]([H:31])([H:32])[H:33])([H:21])[H:22])([H:19])[H:20])([C:8]([H:23])([H:24])[H:25])[C:9]([H:26])([H:27])[N+:10]([H:28])([H:29])[H:30])([H:17])[H:18])[H:16],[H:10][C:3]1([C:4]([C:2]1([C:1]([H:7])([H:8])[H:9])[C:5]([H:14])([H:15])[N+:6]([H:16])([H:17])[H:18])([H:12])[H:13])[H:11]
0.8095238208770752,2077,19169,[H:16][C:5]1([C:4]([C:3]([C:6]1([H:18])[H:19])([C:7]([H:20])([H:21])[O:8][C:9]([H:22])([H:23])[H:24])[N:2]([H:13])[C:1]([H:10])([H:11])[H:12])([H:14])[H:15])[H:17],[H:13][C:4]1([C:5]([C:3]1([C:6]([H:17])([H:18])[O:7][C:8]([H:19])([H:20])[H:21])[N:2]([H:12])[C:1]([H:9])([H:10])[H:11])([H:15])[H:16])[H:14]
0.8095238208770752,4954,17938,[H:22][C:7]1([C:6]([C:5]([C:8]1([H:24])[H:25])([C:4]([H:18])([H:19])[C:2]([H:14])([C:1]([H:11])([H:12])[H:13])[C:3]([H:15])([H:16])[H:17])[C:9]([H:26])([H:27])[N+:10]([H:28])([H:29])[H:30])([H:20])[H:21])[H:23],[H:19][C:6]1([C:7]([C:5]1([C:4]([H:17])([H:18])[C:2]([H:13])([C:1]([H:10])([H:11])[H:12])[C:3]([H:14])([H:15])[H:16])[C:8]([H:23])([H:24])[N+:9]([H:25])([H:26])[H:27])([H:21])[H:22])[H:20]
0.807692289352417,3919,1822,[H:17][C:4]1=[C:3]([N:2]([N:6]=[C:5]1[C:7]2([C:8]([C:9]([C:10]([C:11]([C:12]2([H:27])[H:28])([H:25])[H:26])([H:23])[H:24])([H:21])[H:22])([H:19])[H:20])[H:18])[C:1]([H:13])([H:14])[H:15])[H:16],[H:14][C:4]1=[C:3]([N:2]([N:6]=[C:5]1[C:7]2([C:8]([C:9]2([H:18])[H:19])([H:16])[H:17])[H:15])[C:1]([H:10])([H:11])[H:12])[H:13]
0.800000011920929,3840,10769,[H:18][C:7](=[O:8])[C:6]1([C:1]([C:2]([O:3][C:4]([C:5]1([H:15])[H:16])([H:13])[H:14])([H:11])[H:12])([H:9])[H:10])[H:17],[H:21][C:8](=[O:9])[C:3]1([C:2]([C:1]([C:7]([O:6][C:5]([C:4]1([H:15])[H:16])([H:17])[H:18])([H:19])[H:20])([H:10])[H:11])([H:12])[H:13])[H:14]
0.800000011920929,1408,12276,[H:16][C:6]1([C:7]([C:5]1([C:8]([H:20])([H:21])[H:22])[C:4]([H:14])([H:15])[O:3][C:2]([H:12])([H:13])[C:1]([H:9])([H:10])[H:11])([H:18])[H:19])[H:17],[H:19][C:7]1([C:6]([C:5]([C:8]1([H:21])[H:22])([C:9]([H:23])([H:24])[H:25])[C:4]([H:15])([H:16])[O:3][C:2]([H:13])([H:14])[C:1]([H:10])([H:11])[H:12])([H:17])[H:18])[H:20]
0.800000011920929,3554,41900,[H:21][C:6]1([C:5]([C:4]([C:10]([C:9]([N:8]([C:7]1([H:23])[H:24])[H:25])([H:26])[H:27])([H:28])[H:29])([H:18])[N+:2]([H:14])([C:1]([H:11])([H:12])[H:13])[C:3]([H:15])([H:16])[H:17])([H:19])[H:20])[H:22],[H:18][C:5]1([C:6]([N:7]([C:8]([C:9]([C:4]1([H:17])[N+:2]([H:13])([C:1]([H:10])([H:11])[H:12])[C:3]([H:14])([H:15])[H:16])([H:25])[H:26])([H:23])[H:24])[H:22])([H:20])[H:21])[H:19]
0.800000011920929,2892,39730,[H:15][C:5]1=[N:6][N:2]([C:3]2=[C:4]1[C:7]([N+:8]([C:9]([C:10]([C:11]2([H:24])[H:25])([H:22])[H:23])([H:20])[H:21])([H:18])[H:19])([H:16])[H:17])[C:1]([H:12])([H:13])[H:14],[H:14][C:5]1=[N:6][N:2]([C:3]2=[C:4]1[C:7]([N+:8]([C:9]([C:10]2([H:21])[H:22])([H:19])[H:20])([H:17])[H:18])([H:15])[H:16])[C:1]([H:11])([H:12])[H:13]
0.800000011920929,883,35855,[H:21][C:8]1([C:7]([C:4]2([C:3]([C:2]([C:5]2([H:17])[O:6][H:18])([C:1]([H:12])([H:13])[H:14])[C:11]([H:27])([H:28])[H:29])([N+:10]([C:9]1([H:23])[H:24])([H:25])[H:26])[H:15])[H:16])([H:19])[H:20])[H:22],[H:18][C:7]1([C:8]([N+:9]([C:3]2([C:4]1([C:5]([C:2]2([C:1]([H:11])([H:12])[H:13])[C:10]([H:24])([H:25])[H:26])([H:16])[O:6][H:17])[H:15])[H:14])([H:22])[H:23])([H:20])[H:21])[H:19]
0.7931034564971924,4742,12498,[H:16][C:3]1=[C:4]([C:5]([C:6]([C:1]([C:2]1([H:14])[H:15])([H:12])[H:13])([H:18])[H:19])([H:17])[S:7](=[O:8])[O-:9])[C:10](=[O:11])[H:20],[H:16][C:5]1=[C:4]([C:3]([C:2]([C:1]1([H:11])[H:12])([H:13])[H:14])([H:15])[S:8](=[O:9])[O-:10])[C:6](=[O:7])[H:17]
0.7931034564971924,3302,25914,[H:17][C:4]1([C:5]2=[C:6]([C:2]([C:3]1([H:15])[H:16])([C:1]([H:12])([H:13])[H:14])[C:11]([H:21])([H:22])[H:23])[N:7]=[C:8]([S:9]2)[N:10]([H:19])[H:20])[H:18],[H:20][C:5]1([C:6]2=[C:7]([C:2]([C:3]([C:4]1([H:18])[H:19])([H:16])[H:17])([C:1]([H:13])([H:14])[H:15])[C:12]([H:24])([H:25])[H:26])[N:8]=[C:9]([S:10]2)[N:11]([H:22])[H:23])[H:21]
0.7931034564971924,3268,32937,[Cl:1][c:2]1[c:3]([H:13])[c:4]([I:5])[c:6]2[c:7]([c:8]1[H:14])[C:9]([H:15])([H:16])[C:10]([H:17])([H:18])[C:11]([H:19])([H:20])[N:12]2[H:21],[Cl:1][c:2]1[c:3]([H:12])[c:4]([I:5])[c:6]2[c:7]([c:8]1[H:13])[C:9]([H:14])([H:15])[C:10]([H:16])([H:17])[N:11]2[H:18]
0.7931034564971924,3913,25164,[H:12][C:1]1([C:2]([N:3]([C:4]([C:5]1([H:19])[N+:6]2([C:7]([C:8]([C:9]2([H:24])[H:25])([H:23])[C:10]([H:26])([H:27])[N+:11]([H:28])([H:29])[H:30])([H:21])[H:22])[H:20])([H:17])[H:18])[H:16])([H:14])[H:15])[H:13],[H:13][C:1]1([C:2]([C:3]([C:4]([N:5]([C:6]1([H:21])[H:22])[H:20])([H:18])[H:19])([H:17])[N+:7]2([C:8]([C:9]([C:10]2([H:27])[H:28])([H:26])[C:11]([H:29])([H:30])[N+:12]([H:31])([H:32])[H:33])([H:24])[H:25])[H:23])([H:15])[H:16])[H:14]
0.7916666865348816,2839,27645,[H:21][C:8](=[O:9])[C:5]12[C:4]([C:3]1([C:2]([C:1]([C:7]([N+:6]2([H:17])[H:18])([H:19])[H:20])([H:10])[H:11])([H:12])[H:13])[H:14])([H:15])[H:16],[H:18][C:7](=[O:8])[C:4]12[C:6]([C:5]1([C:1]([C:2]([N+:3]2([H:13])[H:14])([H:11])[H:12])([H:9])[H:10])[H:15])([H:16])[H:17]
0.7916666865348816,1863,26594,[H:22][C:8](=[O:9])[C:3]1([C:4]([C:5]([C:6]([N:7]1[H:21])([H:19])[H:20])([H:17])[H:18])([H:15])[H:16])[C:2]([H:13])([H:14])[C:1]([H:10])([H:11])[H:12],[H:19][C:7](=[O:8])[C:3]1([C:4]([C:5]([N:6]1[H:18])([H:16])[H:17])([H:14])[H:15])[C:2]([H:12])([H:13])[C:1]([H:9])([H:10])[H:11]
0.7916666865348816,3017,32566,[H:23][C:7](=[O:8])[C:4]1([C:3]([C:2]([C:1]([C:6]([C:5]1([H:19])[H:20])([H:21])[H:22])([H:13])[H:14])([H:15])[H:16])([H:17])[H:18])[N:9]([H:24])[C:10](=[O:11])[N:12]([H:25])[H:26],[H:14][C:4](=[O:5])[C:3]1([C:1]([C:2]1([H:12])[H:13])([H:10])[H:11])[N:6]([H:15])[C:7](=[O:8])[N:9]([H:16])[H:17]
0.7916666865348816,6207,3838,[H:19][C:6]1([C:5]([C:4]2([C:3]([N:2]([C:10]([C:9]2([N+:8]([C:7]1([H:21])[H:22])([H:23])[H:24])[H:25])([H:26])[H:27])[C:1]([H:11])([H:12])[H:13])([H:14])[H:15])[H:16])([H:17])[H:18])[H:20],[H:16][C:5]1([C:6]([N+:7]([C:8]2([C:4]1([C:3]([N:2]([C:9]2([H:23])[H:24])[C:1]([H:10])([H:11])[H:12])([H:13])[H:14])[H:15])[H:22])([H:20])[H:21])([H:18])[H:19])[H:17]
0.7894737124443054,535,13654,[H:15][C:6](=[O:7])[C:3]1([C:4]([C:5]1([H:13])[H:14])([H:11])[H:12])[S:2][C:1]([H:8])([H:9])[H:10],[H:18][C:7](=[O:8])[C:3]1([C:4]([C:5]([C:6]1([H:16])[H:17])([H:14])[H:15])([H:12])[H:13])[S:2][C:1]([H:9])([H:10])[H:11]
0.7894737124443054,1247,23850,[H:13][C:4]1([C:5]([C:3]1([C:6]([H:17])([H:18])[O:7][H:19])[N+:2]([H:11])([H:12])[C:1]([H:8])([H:9])[H:10])([H:15])[H:16])[H:14],[H:16][C:5]1([C:4]([C:3]([C:6]1([H:18])[H:19])([C:7]([H:20])([H:21])[O:8][H:22])[N+:2]([H:12])([H:13])[C:1]([H:9])([H:10])[H:11])([H:14])[H:15])[H:17]
0.7894737124443054,238,28316,[H:14][c:3]1[c:2]([c:7]([c:6]([c:5]([c:4]1[O:10][H:17])[O:9][H:16])[F:8])[H:15])[C:1]([H:11])([H:12])[H:13],[H:14][c:3]1[c:2]([c:7]([c:6]([c:5]([c:4]1[F:10])[O:9][H:16])[F:8])[H:15])[C:1]([H:11])([H:12])[H:13]
0.7894737124443054,2211,36505,[H:11][C:4]1([C:5]([C:3]1([C:6]([H:15])([H:16])[N+:7]([H:17])([H:18])[H:19])[S:2][C:1]([H:8])([H:9])[H:10])([H:13])[H:14])[H:12],[H:14][C:5]1([C:4]([C:3]([C:6]1([H:16])[H:17])([C:7]([H:18])([H:19])[N+:8]([H:20])([H:21])[H:22])[S:2][C:1]([H:9])([H:10])[H:11])([H:12])[H:13])[H:15]
0.7894737124443054,3730,32530,[H:19][C:7](=[O:8])[C:4]1([C:5]([C:6]1([H:17])[H:18])([H:15])[H:16])[N:2]([C:1]([H:9])([H:10])[H:11])[C:3]([H:12])([H:13])[H:14],[H:25][C:9](=[O:10])[C:4]1([C:5]([C:6]([C:7]([C:8]1([H:23])[H:24])([H:21])[H:22])([H:19])[H:20])([H:17])[H:18])[N:2]([C:1]([H:11])([H:12])[H:13])[C:3]([H:14])([H:15])[H:16]
0.7894737124443054,1612,34491,[H:15][C:5]1([C:6]([C:4]1([H:14])[C:3]([H:13])([C:2]([H:11])([H:12])[C:1]([H:8])([H:9])[H:10])[N+:7]([H:19])([H:20])[H:21])([H:17])[H:18])[H:16],[H:19][C:6]1([C:7]([C:8]([C:4]([C:5]1([H:17])[H:18])([H:16])[C:3]([H:15])([C:2]([H:13])([H:14])[C:1]([H:10])([H:11])[H:12])[N+:9]([H:25])([H:26])[H:27])([H:23])[H:24])([H:21])[H:22])[H:20]
0.7878788113594055,1101,8374,[H:21][C:9]1=[N:10][C:6](=[C:7]([N:8]1[H:20])[C:11]#[N:12])[C:5]#[C:4][C:3]([H:18])([H:19])[C:2]([H:16])([H:17])[C:1]([H:13])([H:14])[H:15],[H:20][C:9]1=[N:8][C:7](=[C:6]([N:10]1[H:21])[C:5]#[C:4][C:3]([H:18])([H:19])[C:2]([H:16])([H:17])[C:1]([H:13])([H:14])[H:15])[C:11]#[N:12]
0.7857142686843872,308,41365,[H:23][C:8]1([C:9]([N:10]([C:11]([C:12]([C:6]12[C:5]([C:4]([C:7]2([H:21])[H:22])([H:18])[O:3][C:2]([H:16])([H:17])[C:1]([H:13])([H:14])[H:15])([H:19])[H:20])([H:30])[H:31])([H:28])[H:29])[H:27])([H:25])[H:26])[H:24],[H:22][C:8]1([C:9]([N:10]([C:11]([C:6]12[C:5]([C:4]([C:7]2([H:20])[H:21])([H:17])[O:3][C:2]([H:15])([H:16])[C:1]([H:12])([H:13])[H:14])([H:18])[H:19])([H:27])[H:28])[H:26])([H:24])[H:25])[H:23]
0.7857142686843872,2446,27646,[H:23][C:9](=[O:10])[C:3]1([C:2]([S:8][C:7]([C:6]([C:5]([N:4]1[H:16])([H:17])[H:18])([H:19])[H:20])([H:21])[H:22])([C:1]([H:12])([H:13])[H:14])[C:11]([H:24])([H:25])[H:26])[H:15],[H:20][C:8](=[O:9])[C:3]1([C:2]([S:7][C:6]([C:5]([N:4]1[H:15])([H:16])[H:17])([H:18])[H:19])([C:1]([H:11])([H:12])[H:13])[C:10]([H:21])([H:22])[H:23])[H:14]
0.7857142686843872,2856,42584,[H:9][C:1]1([C:2]([C:3]1([H:13])[C:4]([H:14])([C:5]2([C:6]([C:7]2([H:18])[H:19])([H:16])[H:17])[H:15])[N:8]([H:20])[H:21])([H:11])[H:12])[H:10],[H:10][C:1]1([C:2]([C:3]([C:4]1([H:15])[H:16])([H:14])[C:5]([H:17])([C:6]2([C:7]([C:8]2([H:21])[H:22])([H:19])[H:20])[H:18])[N:9]([H:23])[H:24])([H:12])[H:13])[H:11]
0.782608687877655,930,8642,[H:16][C:9](=[C:8]1[C:6](=[O:7])[C:4](=[O:5])[N:3]([C:2]([C:1]1([H:11])[H:12])([H:13])[H:14])[H:15])[O-:10],[H:14][C:7](=[C:6]1[C:4](=[O:5])[N:3]([C:2]([C:1]1([H:9])[H:10])([H:11])[H:12])[H:13])[O-:8]
0.782608687877655,2109,28491,[H:12][C:1](=[O:2])[c:3]1[c:4]([n:5][c:6]([c:7]([n:8]1)[Cl:9])[N:10]([H:13])[H:14])[N:11]([H:15])[H:16],[H:12][C:1](=[O:2])[c:3]1[c:4]([n:5][c:6]([c:7]([n:8]1)[Cl:9])[Cl:10])[N:11]([H:13])[H:14]
0.782608687877655,1484,28693,[H:13][C:1]1([C:2]([C:3]([C:4]([C:5]([C:6]1([H:22])[H:23])([H:20])[H:21])([H:19])[C:7]2([C:8]([C:9]([C:10]([N:11]2[H:30])([H:28])[H:29])([H:27])[O:12][H:31])([H:25])[H:26])[H:24])([H:17])[H:18])([H:15])[H:16])[H:14],[H:10][C:1]1([C:2]([C:3]1([H:14])[C:4]2([C:5]([C:6]([C:7]([N:8]2[H:21])([H:19])[H:20])([H:18])[O:9][H:22])([H:16])[H:17])[H:15])([H:12])[H:13])[H:11]
0.78125,4745,16220,[H:20][C:10](=[O:11])[C:9]1=[C:8]([O:7][C:6]2=[C:5]1[C:4]([N:3]([C:2]([C:1]2([H:13])[H:14])([H:15])[H:16])[H:17])([H:18])[H:19])[N:12]([H:21])[H:22],[H:22][C:11](=[O:12])[C:7]1=[C:8]([O:9][C:5]2=[C:6]1[C:1]([C:2]([N:3]([C:4]2([H:18])[H:19])[H:17])([H:15])[H:16])([H:13])[H:14])[N:10]([H:20])[H:21]
0.7777777910232544,3625,14804,[H:12][C:1]1([C:2]([N:3]([C:4]([C:5]([C:6]1([H:21])[C:7]2=[N:8][N:9]([N:10]=[N:11]2)[H:22])([H:19])[H:20])([H:17])[H:18])[H:16])([H:14])[H:15])[H:13],[H:11][C:1]1([C:2]([N:3]([C:4]([C:5]1([H:18])[C:6]2=[N:7][N:8]([N:9]=[N:10]2)[H:19])([H:16])[H:17])[H:15])([H:13])[H:14])[H:12]
0.7777777910232544,946,32664,[H:15][C:3]1=[N+:4]([C:5]([C:1]([C:2]1([H:13])[H:14])([H:11])[H:12])([H:16])[H:17])[C:6]2([C:7]([C:8]([N:9]([C:10]2([H:24])[H:25])[H:23])([H:21])[H:22])([H:19])[H:20])[H:18],[H:16][C:3]1=[N+:4]([C:5]([C:1]([C:2]1([H:14])[H:15])([H:12])[H:13])([H:17])[H:18])[C:6]2([C:7]([C:8]([N:9]([C:10]([C:11]2([H:27])[H:28])([H:25])[H:26])[H:24])([H:22])[H:23])([H:20])[H:21])[H:19]
0.7777777910232544,2702,25597,[H:13][C:3]1([C:4](=[N+:5]([C:6]([C:7]([C:1]([C:2]1([H:11])[H:12])([H:9])[H:10])([H:18])[H:19])([H:16])[H:17])[H:15])[N:8]([H:20])[H:21])[H:14],[H:9][C:2]1([C:3](=[N+:4]([C:5]([C:1]1([H:7])[H:8])([H:12])[H:13])[H:11])[N:6]([H:14])[H:15])[H:10]
0.7777777910232544,170,23146,[H:17][C:5]1([C:4]([N:3]([C:7](=[O:8])[C:6]1([H:19])[N+:9]([H:20])([H:21])[H:22])[C:2]([H:13])([H:14])[C:1]([H:10])([H:11])[H:12])([H:15])[H:16])[H:18],[H:18][C:5]1([C:6]([C:7]([C:8](=[O:9])[N:3]([C:4]1([H:16])[H:17])[C:2]([H:14])([H:15])[C:1]([H:11])([H:12])[H:13])([H:22])[N+:10]([H:23])([H:24])[H:25])([H:20])[H:21])[H:19]
0.7777777910232544,795,33119,[H:6][C:1]1([C:2]([N:3]([N:4]([C:5]1([H:12])[H:13])[H:11])[H:10])([H:8])[H:9])[H:7],[H:7][C:1]1([C:2]([C:3]([N:4]([N:5]([C:6]1([H:15])[H:16])[H:14])[H:13])([H:11])[H:12])([H:9])[H:10])[H:8]
0.7777777910232544,1069,3054,[I:1][c:2]1[c:3]([H:11])[c:4]([H:12])[c:5]([H:13])[c:6]2[c:7]1[C:8]([H:14])([H:15])[C:9]([H:16])([H:17])[N:10]2[H:18],[I:1][c:2]1[c:3]([H:12])[c:4]([H:13])[c:5]([H:14])[c:6]2[c:7]1[C:8]([H:15])([H:16])[C:9]([H:17])([H:18])[C:10]([H:19])([H:20])[N:11]2[H:21]
0.7777777910232544,6070,948,[H:21][C:8](=[O:9])[C:7]([H:19])([H:20])[C:6]([H:17])([H:18])[C:5]1([C:1]([C:2]([O:3][C:4]1([H:15])[H:16])([H:13])[H:14])([H:11])[H:12])[N:10]([H:22])[H:23],[H:24][C:9](=[O:10])[C:8]([H:22])([H:23])[C:7]([H:20])([H:21])[C:6]1([C:1]([C:2]([O:3][C:4]([C:5]1([H:18])[H:19])([H:16])[H:17])([H:14])[H:15])([H:12])[H:13])[N:11]([H:25])[H:26]
0.774193525314331,2865,27851,[H:12][C:1]1([C:2]2=[C:3]3[C:4](=[N:5][N:6]2[H:14])[C:7]([N:8]([C:9]([C:10]3([N+:11]1([H:21])[H:22])[H:20])([H:18])[H:19])[H:17])([H:15])[H:16])[H:13],[H:15][C:7]1([C:4]2=[C:3]3[C:2](=[N:6][N:5]2[H:14])[C:1]([N+:11]([C:10]3([C:9]([N:8]1[H:17])([H:18])[H:19])[H:20])([H:21])[H:22])([H:12])[H:13])[H:16]
0.7727272510528564,42,39028,[H:18][C:6]1([C:7]([N:8]([C:5]12[C:4]([C:3]([N:2]([C:10]([C:9]2([H:23])[H:24])([H:25])[H:26])[C:1]([H:11])([H:12])[H:13])([H:14])[H:15])([H:16])[H:17])[H:22])([H:20])[H:21])[H:19],[H:21][C:7]1([C:6]([C:5]2([C:4]([C:3]([N:2]([C:11]([C:10]2([H:26])[H:27])([H:28])[H:29])[C:1]([H:12])([H:13])[H:14])([H:15])[H:16])([H:17])[H:18])[N:9]([C:8]1([H:23])[H:24])[H:25])([H:19])[H:20])[H:22]
0.7727272510528564,2414,24498,[H:15][c:4]1[c:3]([n:8][c:7]([n:6][c:5]1[S:10][C:11]([H:18])([H:19])[H:20])[N:9]([H:16])[H:17])[S:2][C:1]([H:12])([H:13])[H:14],[H:14][c:4]1[c:5]([n:6][c:7]([n:8][c:3]1[S:2][C:1]([H:11])([H:12])[H:13])[N:9]([H:15])[H:16])[N:10]([H:17])[H:18]
0.7714285850524902,444,18127,[H:13][C:1]1=[N:5][C:4]2=[C:3]([N:2]1[H:14])[C:9]([C:8]([C:7]([C:6]2([H:15])[H:16])([H:17])[C:10](=[O:11])[O-:12])([H:18])[H:19])([H:20])[H:21],[H:13][C:1]1=[N:5][C:4]2=[C:3]([N:2]1[H:14])[C:9]([C:8]([C:7]([C:6]2([H:15])[H:16])([H:17])[H:18])([H:19])[C:10](=[O:11])[O-:12])([H:20])[H:21]
0.7692307829856873,343,32243,[H:26][c:10]1[c:9]([c:8]([c:7]([c:12]([c:11]1[H:27])[H:28])[C:6]2([C:5]([C:4]([C:3]([N+:2]2([H:16])[C:1]([H:13])([H:14])[H:15])([H:17])[H:18])([H:19])[H:20])([H:21])[H:22])[H:23])[H:24])[H:25],[H:23][c:9]1[c:8]([c:7]([c:6]([c:11]([c:10]1[H:24])[H:25])[C:5]2([C:4]([C:3]([N+:2]2([H:15])[C:1]([H:12])([H:13])[H:14])([H:16])[H:17])([H:18])[H:19])[H:20])[H:21])[H:22]
0.7692307829856873,5041,40514,[H:21][C:7]1([C:8]([N:9]([C:3]([C:4]([N:5]([C:6]1([H:19])[H:20])[C:10]([H:26])([H:27])[H:28])([H:17])[H:18])([H:16])[C:2]([H:14])([H:15])[C:1]([H:11])([H:12])[H:13])[H:25])([H:23])[H:24])[H:22],[H:20][C:7]1([C:6]([N:5]([C:4]([C:3]([N:8]1[H:22])([H:15])[C:2]([H:13])([H:14])[C:1]([H:10])([H:11])[H:12])([H:16])[H:17])[C:9]([H:23])([H:24])[H:25])([H:18])[H:19])[H:21]
0.7692307829856873,4853,14007,[H:9][C:1]1([C:2]([C:3]([O:4][C:5]([C:6]1([H:16])[O:7][H:17])([H:14])[H:15])([H:12])[H:13])([H:11])[O:8][H:18])[H:10],[H:6][C:1]1([C:2]([C:3]([O:4]1)([H:9])[H:10])([H:8])[O:5][H:11])[H:7]
0.7692307829856873,1738,43039,[H:18][C:5]1([C:4]([N:3]([C:9]([C:8]([N+:7]([C:6]1([H:20])[H:21])([H:22])[H:23])([H:24])[C:10]([H:27])([H:28])[H:29])([H:25])[H:26])[C:2]([H:14])([H:15])[C:1]([H:11])([H:12])[H:13])([H:16])[H:17])[H:19],[H:15][C:4]1([C:5]([N+:6]([C:7]([C:8]([N:3]1[C:2]([H:13])([H:14])[C:1]([H:10])([H:11])[H:12])([H:22])[H:23])([H:21])[C:9]([H:24])([H:25])[H:26])([H:19])[H:20])([H:17])[H:18])[H:16]
0.7692307829856873,1955,37993,[H:10][C:1]1([C:2]([S:3][C:4]2=[N:8][N:7]=[C:6]([N:5]21)[N:9]([H:14])[H:15])([H:12])[H:13])[H:11],[H:11][C:1]1([C:2]([N:3]2[C:4](=[N:5][N:6]=[C:7]2[S:8][C:9]1([H:15])[H:16])[N:10]([H:17])[H:18])([H:13])[H:14])[H:12]
0.7666666507720947,2820,9716,[H:12][C:1]1([C:2]([C:3]([C:4](=[O:5])[N:6]([C:7]1([H:18])[H:19])[H:17])([H:16])[C:8]2([C:9]([N+:10]([C:11]2([H:25])[H:26])([H:23])[H:24])([H:21])[H:22])[H:20])([H:14])[H:15])[H:13],[H:13][C:1]1([C:2]([C:3]([C:4](=[O:5])[N:6]([C:7]1([H:19])[H:20])[H:18])([H:17])[C:8]2([C:9]([C:10]([N+:11]([C:12]2([H:28])[H:29])([H:26])[H:27])([H:24])[H:25])([H:22])[H:23])[H:21])([H:15])[H:16])[H:14]
0.7647058963775635,2852,33886,[H:10][C:1]1([C:2]([N:3]([C:4]([C:5]([S:6](=[O:7])(=[O:8])[C:9]1([H:19])[H:20])([H:17])[H:18])([H:15])[H:16])[H:14])([H:12])[H:13])[H:11],[H:9][C:1]1([C:2]([S:3](=[O:4])(=[O:5])[C:6]([C:7]([N:8]1[H:17])([H:15])[H:16])([H:13])[H:14])([H:11])[H:12])[H:10]
0.7647058963775635,3440,35547,[H:13][C:1]1=[C:2]2[C:3](=[N:4][N:5]1[H:14])[C:6]([C:7]([C:8]([C:9]2([H:21])[C:10]([H:22])([H:23])[C:11]([H:24])([H:25])[N+:12]([H:26])([H:27])[H:28])([H:19])[H:20])([H:17])[H:18])([H:15])[H:16],[H:12][C:1]1=[C:2]2[C:3](=[N:4][N:5]1[H:13])[C:6]([C:7]([C:8]([C:9]2([H:20])[C:10]([H:21])([H:22])[N+:11]([H:23])([H:24])[H:25])([H:18])[H:19])([H:16])[H:17])([H:14])[H:15]
0.7647058963775635,4123,4823,[H:12][C:5](=[N:4][C:3]1([C:1]([C:2]1([H:9])[H:10])([H:7])[H:8])[H:11])[S:6][H:13],[H:18][C:7](=[N:6][C:4]1([C:5]([C:1]([C:2]([C:3]1([H:13])[H:14])([H:11])[H:12])([H:9])[H:10])([H:16])[H:17])[H:15])[S:8][H:19]
0.7647058963775635,2059,14056,[H:10][C:1]1([C:2]([C:3]([C:4]([C:5]([N:6]([C:7]1([H:19])[H:20])[H:18])([H:16])[H:17])([H:14])[H:15])([F:8])[F:9])([H:12])[H:13])[H:11],[H:9][C:1]1([C:2]([N:3]([C:4]([C:5]([C:6]1([F:7])[F:8])([H:16])[H:17])([H:14])[H:15])[H:13])([H:11])[H:12])[H:10]
0.7647058963775635,1972,21986,[H:18][C:7](=[O:8])[C:2]1([C:1]([N:6]([C:5]([N:4]([C:3]1([H:12])[H:13])[H:14])([H:15])[H:16])[H:17])([H:9])[H:10])[H:11],[H:13][C:5](=[O:6])[C:2]1([C:1]([N:4]([C:3]1([H:10])[H:11])[H:12])([H:7])[H:8])[H:9]
0.7647058963775635,4815,33118,[H:13][C:1]1([C:2]([C:3]2([C:4]3([C:5]([C:6]1([O:7]2)[H:19])([N:8]([N:9]=[N:10]3)[H:20])[H:18])[H:17])[H:16])([H:15])[C:11]#[N:12])[H:14],[H:13][C:1]1([C:2]([C:3]2([C:4]3([C:5]([C:6]1([O:7]2)[H:19])([N:8]=[N:9][N:10]3[H:20])[H:18])[H:17])[H:16])([H:15])[C:11]#[N:12])[H:14]
0.7647058963775635,2131,4239,[H:16][C:4]1([C:3]([C:2]([C:8]([C:7]([C:6]([C:5]1([H:18])[H:19])([H:20])[N:9]([H:25])[H:26])([H:21])[H:22])([H:23])[H:24])([H:13])[C:1]([H:10])([H:11])[H:12])([H:14])[H:15])[H:17],[H:13][C:3]1([C:4]([C:5]([C:6]([C:7]([C:2]1([H:12])[C:1]([H:9])([H:10])[H:11])([H:20])[H:21])([H:18])[H:19])([H:17])[N:8]([H:22])[H:23])([H:15])[H:16])[H:14]
0.7647058963775635,1881,14209,[H:13][c:1]1[c:2]([c:3]([n:4][c:5]2[c:6]1[C:7]([C:8]([O:9][C:10]2([H:19])[H:20])([H:17])[H:18])([H:15])[H:16])[H:14])[C:11](=[O:12])[H:21],[H:13][c:1]1[c:2]([c:3]([n:4][c:5]2[c:6]1[C:7]([O:8][C:9]([C:10]2([H:19])[H:20])([H:17])[H:18])([H:15])[H:16])[H:14])[C:11](=[O:12])[H:21]
0.7647058963775635,373,15675,[H:12][C:1]1=[C:2]([C:3](=[N:4][N:5]1[H:13])[C:6](=[O:7])[H:14])[C:8]#[C:9][C:10]([H:15])([H:16])[O:11][H:17],[H:13][C:1]1=[C:2]([C:3](=[N:4][N:5]1[H:14])[C:6](=[O:7])[H:15])[C:8]#[C:9][C:10]([H:16])([H:17])[C:11]([H:18])([H:19])[O:12][H:20]
0.761904776096344,120,35324,[H:14][c:3]1[c:2]([c:7]([c:6]([c:5]([c:4]1[C:9]([H:19])([H:20])[N+:10]([H:21])([H:22])[H:23])[H:15])[N:8]([H:17])[H:18])[H:16])[C:1]([H:11])([H:12])[H:13],[H:14][c:3]1[c:4]([c:5]([c:6]([c:7]([c:2]1[C:1]([H:11])([H:12])[H:13])[H:16])[C:8]([H:17])([H:18])[N+:9]([H:19])([H:20])[H:21])[H:15])[C:10]([H:22])([H:23])[H:24]
0.7599999904632568,5487,2562,[H:15][C:4]1([C:3]([N:2]([C:6]2([C:5]1([C:9]([N+:8]([C:7]2([H:19])[H:20])([H:21])[H:22])([H:23])[H:24])[H:17])[H:18])[C:1]([H:10])([H:11])[H:12])([H:13])[H:14])[H:16],[H:16][C:4]1([C:5]([C:6]2([C:10]([N+:9]([C:8]([C:7]2([N:2]([C:3]1([H:14])[H:15])[C:1]([H:11])([H:12])[H:13])[H:21])([H:22])[H:23])([H:24])[H:25])([H:26])[H:27])[H:20])([H:18])[H:19])[H:17]
0.7599999904632568,3115,5346,[H:20][C:6]1([C:7]([O:8][C:4]([C:5]1([H:19])[C:9]([H:24])([H:25])[N+:10]([H:26])([H:27])[H:28])([H:18])[C:2]([H:14])([C:1]([H:11])([H:12])[H:13])[C:3]([H:15])([H:16])[H:17])([H:22])[H:23])[H:21],[H:23][C:7]1([C:6]([C:5]([C:4]([O:9][C:8]1([H:25])[H:26])([H:19])[C:2]([H:15])([C:1]([H:12])([H:13])[H:14])[C:3]([H:16])([H:17])[H:18])([H:20])[C:10]([H:27])([H:28])[N+:11]([H:29])([H:30])[H:31])([H:21])[H:22])[H:24]
0.7599999904632568,1767,33449,[H:13][C:1]([H:14])([H:15])[C:2]([H:16])([H:17])[C:3]([H:18])([H:19])[C:4]([H:20])([H:21])[C:5]([C:7](=[O:8])[N:9]([H:25])[H:26])([C:10](=[O:11])[O-:12])[C:6]([H:22])([H:23])[H:24],[H:13][C:1]([H:14])([H:15])[C:2]([H:16])([H:17])[C:3]([H:18])([H:19])[C:4]([H:20])([H:21])[C:5]([C:7](=[O:8])[O-:9])([C:10](=[O:11])[O-:12])[C:6]([H:22])([H:23])[H:24]
0.7599999904632568,5205,28090,[H:11][C:1]1([C:2]([N+:3]([C:4]([C:5]([C:6]1([H:21])[N:7]([H:22])[C:8](=[O:9])[N:10]([H:23])[H:24])([H:19])[H:20])([H:17])[H:18])([H:15])[H:16])([H:13])[H:14])[H:12],[H:10][C:1]1([C:2]([N+:3]([C:4]([C:5]1([H:18])[N:6]([H:19])[C:7](=[O:8])[N:9]([H:20])[H:21])([H:16])[H:17])([H:14])[H:15])([H:12])[H:13])[H:11]
0.7599999904632568,5734,5540,[H:21][C:7]1=[C:6]([C:5]([N+:9]([C:8]1([H:22])[H:23])([H:24])[H:25])([H:19])[C:4]([H:17])([H:18])[C:3]([H:15])([H:16])[C:2]([H:13])([H:14])[C:1]([H:10])([H:11])[H:12])[H:20],[H:18][C:6]1=[C:5]([C:4]([N+:8]([C:7]1([H:19])[H:20])([H:21])[H:22])([H:16])[C:3]([H:14])([H:15])[C:2]([H:12])([H:13])[C:1]([H:9])([H:10])[H:11])[H:17]
0.7599999904632568,247,362,[H:10][C:1]1([C:2]([N:3]([C:4]([C:5]([O:6][C:7]1([H:18])[H:19])([H:17])[C:8]([H:20])([H:21])[F:9])([H:15])[H:16])[H:14])([H:12])[H:13])[H:11],[H:9][C:1]1([C:2]([O:3][C:4]([C:5]([N:6]1[H:16])([H:14])[H:15])([H:13])[C:7]([H:17])([H:18])[F:8])([H:11])[H:12])[H:10]
0.7599999904632568,2181,16432,[H:12][C:1]1([C:2]([N:3]([C:4]([C:5]12[O:6][C:7]([C:8]([C:9]([O:10]2)([H:22])[H:23])([H:21])[N+:11]([H:24])([H:25])[H:26])([H:19])[H:20])([H:17])[H:18])[H:16])([H:14])[H:15])[H:13],[H:13][C:1]1([C:2]([N:3]([C:4]([C:5]([C:6]12[O:7][C:8]([C:9]([C:10]([O:11]2)([H:25])[H:26])([H:24])[N+:12]([H:27])([H:28])[H:29])([H:22])[H:23])([H:20])[H:21])([H:18])[H:19])[H:17])([H:15])[H:16])[H:14]
0.7599999904632568,6214,132,[H:12][C:1]1([C:2]([N+:3]([C:4]([C:5]1([H:20])[C:6]([H:21])([C:7]([F:8])([F:9])[F:10])[O:11][H:22])([H:18])[H:19])([H:16])[H:17])([H:14])[H:15])[H:13],[H:13][C:1]1([C:2]([N+:3]([C:4]([C:5]([C:6]1([H:23])[C:7]([H:24])([C:8]([F:9])([F:10])[F:11])[O:12][H:25])([H:21])[H:22])([H:19])[H:20])([H:17])[H:18])([H:15])[H:16])[H:14]
0.7599999904632568,1397,17950,[H:19][C:6](=[O:7])[C:5]1([C:1]([C:2]([N:3]([C:4]1([H:17])[H:18])[H:16])([H:14])[H:15])([H:12])[H:13])[C:8]([F:9])([F:10])[F:11],[H:22][C:7](=[O:8])[C:6]1([C:1]([C:2]([N:3]([C:4]([C:5]1([H:20])[H:21])([H:18])[H:19])[H:17])([H:15])[H:16])([H:13])[H:14])[C:9]([F:10])([F:11])[F:12]
0.7586206793785095,5777,26986,[H:20][C:6]1=[N:7][N:8]([C:9]2=[C:5]1[C:4]([C:3]([N+:2]([C:11]([C:10]2([H:22])[H:23])([H:24])[H:25])([H:15])[C:1]([H:12])([H:13])[H:14])([H:16])[H:17])([H:18])[H:19])[H:21],[H:19][C:7]1=[N:8][N:9]([C:5]2=[C:6]1[C:10]([N+:2]([C:3]([C:4]2([H:17])[H:18])([H:15])[H:16])([H:14])[C:1]([H:11])([H:12])[H:13])([H:21])[H:22])[H:20]
0.7575757503509521,6188,24332,[H:22][C:10](=[O:11])[C:8]1=[N:9][C:5]2=[C:6]([N:7]1[H:21])[C:12]([N+:2]([C:3]([C:4]2([H:19])[H:20])([H:17])[H:18])([H:16])[C:1]([H:13])([H:14])[H:15])([H:23])[H:24],[H:22][C:10](=[O:11])[C:8]1=[N:7][C:6]2=[C:5]([N:9]1[H:21])[C:4]([C:3]([N+:2]([C:12]2([H:23])[H:24])([H:16])[C:1]([H:13])([H:14])[H:15])([H:17])[H:18])([H:19])[H:20]
0.7575757503509521,2563,12588,[H:25][C:11]1=[C:12]([N:8]2[C:9](=[C:10]1[H:24])[C:4](=[N:5][C:6]([C:7]2([H:22])[H:23])([H:20])[H:21])[C:3]([H:18])([H:19])[C:2]([H:16])([H:17])[C:1]([H:13])([H:14])[H:15])[H:26],[H:22][C:10]1=[C:11]([N:7]2[C:8](=[C:9]1[H:21])[C:3](=[N:4][C:5]([C:6]2([H:19])[H:20])([H:17])[H:18])[C:2]([H:15])([H:16])[C:1]([H:12])([H:13])[H:14])[H:23]
0.75,5175,30614,[H:19][c:9]1[c:8]([c:6]2[c:5]([n:11][c:10]1[H:20])[N:4]([C:3](=[N:7]2)[C:2]([H:16])([C:1]([H:13])([H:14])[H:15])[O:12][H:21])[H:17])[H:18],[H:22][c:10]1[c:9]([c:7]2[c:6]([n:12][c:11]1[H:23])[N:5]([C:4](=[N:8]2)[C:2]([H:16])([C:1]([H:13])([H:14])[H:15])[C:3]([H:17])([H:18])[H:19])[H:20])[H:21]
0.75,5081,33152,[H:14][c:2]1[c:1]([c:6]([c:5]([c:4]2[c:3]1[C:12]([N:11]([C:10]([C:9]([O:8]2)([H:17])[H:18])([H:19])[H:20])[H:21])([H:22])[H:23])[H:15])[O:7][H:16])[H:13],[H:14][c:2]1[c:1]([c:6]([c:5]([c:4]2[c:3]1[O:12][C:11]([C:10]([N:9]([C:8]2([H:17])[H:18])[H:19])([H:20])[H:21])([H:22])[H:23])[H:15])[O:7][H:16])[H:13]
0.75,4221,34639,[H:13][C:1]1=[C:2]([C:3](=[N:4][O:5]1)[C:6]([F:7])([F:8])[F:9])[C:10]([H:14])([H:15])[C:11]([H:16])([H:17])[N+:12]([H:18])([H:19])[H:20],[H:12][C:1]1=[C:2]([C:3](=[N:4][O:5]1)[C:6]([F:7])([F:8])[F:9])[C:10]([H:13])([H:14])[N+:11]([H:15])([H:16])[H:17]
0.75,3355,10884,[H:16][C:8]1=[C:7]([N:6]2[C:2](=[N:3][N:4]=[C:5]2[S:9]1)[C:1]([H:13])([H:14])[H:15])[C:10]([H:17])([H:18])[C:11]([H:19])([H:20])[N+:12]([H:21])([H:22])[H:23],[H:15][C:8]1=[C:7]([N:6]2[C:2](=[N:3][N:4]=[C:5]2[S:9]1)[C:1]([H:12])([H:13])[H:14])[C:10]([H:16])([H:17])[N+:11]([H:18])([H:19])[H:20]
0.75,780,22278,[H:13][C:4]1([C:5]([C:3]1([H:12])[C:2]([H:11])([C:1]([H:8])([H:9])[H:10])[N:6]=[N:7][H:17])([H:15])[H:16])[H:14],[H:20][C:6]1([C:5]([C:4]([C:3]([C:8]([C:7]1([H:22])[H:23])([H:24])[H:25])([H:15])[C:2]([H:14])([C:1]([H:11])([H:12])[H:13])[N:9]=[N:10][H:26])([H:16])[H:17])([H:18])[H:19])[H:21]
0.75,3525,1438,[H:13][c:1]1[c:2]([c:3]2[c:4]([c:5]([c:6]1[N:7]([H:16])[H:17])[H:15])[N:8]=[C:9]([O:10]2)[C:11]#[N:12])[H:14],[H:14][c:2]1[c:1]([c:6]([c:5]([c:4]2[c:3]1[N:10]=[C:9]([O:8]2)[C:11]#[N:12])[H:15])[N:7]([H:16])[H:17])[H:13]
0.75,3398,22498,[H:13][C:3]1([C:4]([N:5]([C:6]([C:2]1([H:12])[C:1]([H:9])([H:10])[H:11])([H:18])[C:7]([H:19])([H:20])[O:8][H:21])[H:17])([H:15])[H:16])[H:14],[H:16][C:4]1([C:3]([C:2]([C:7]([N:6]([C:5]1([H:18])[H:19])[H:20])([H:21])[C:8]([H:22])([H:23])[O:9][H:24])([H:13])[C:1]([H:10])([H:11])[H:12])([H:14])[H:15])[H:17]
0.75,4126,36406,[H:13][c:1]1[c:2]([c:3]2[c:4]([c:5]([c:6]1[C:7]([H:16])([H:17])[O:8][H:18])[H:15])[N:9]=[C:10]([N:11]2[H:19])[N:12]([H:20])[H:21])[H:14],[H:13][c:1]1[c:2]([c:3]2[c:4]([c:5]([c:6]1[C:7]([H:16])([H:17])[O:8][H:18])[H:15])[N:9]([C:10](=[N:11]2)[N:12]([H:20])[H:21])[H:19])[H:14]
0.75,6031,8093,[H:17][C:7](=[O:8])[C:4]1([C:5]([C:1]([C:2]([N:3]1[H:13])([H:11])[H:12])([H:9])[H:10])([H:15])[O:6][H:16])[H:14],[H:21][C:9](=[O:10])[C:4]1([C:5]([C:6]([C:1]([C:2]([N:3]1[H:15])([H:13])[H:14])([H:11])[H:12])([H:18])[O:7][H:19])([H:17])[O:8][H:20])[H:16]
0.75,3681,31414,[H:13][c:1]1[c:2]([n:3][c:4]([n:5][c:6]1[C:7]2([C:8]([C:9]([N:10]([C:11]2([H:21])[H:22])[H:20])([H:18])[H:19])([H:16])[H:17])[H:15])[N:12]([H:23])[H:24])[H:14],[H:12][c:1]1[c:2]([n:3][c:4]([n:5][c:6]1[C:7]2([C:8]([N:9]([C:10]2([H:18])[H:19])[H:17])([H:15])[H:16])[H:14])[N:11]([H:20])[H:21])[H:13]
0.75,1739,10669,[H:11][c:1]1[c:2]([c:3]([c:4]([c:5]([c:6]1[F:7])[F:8])[Cl:9])[H:12])[N:10]([H:13])[H:14],[H:11][c:1]1[c:2]([c:3]([c:4]([c:5]([c:6]1[Cl:7])[F:8])[Cl:9])[H:12])[N:10]([H:13])[H:14]
0.75,5383,15992,[H:14][c:2]1[c:1]([c:6]([c:5]([c:4]2[c:3]1[O:12][C:11]([C:10]2([H:16])[H:17])([H:18])[H:19])[H:15])[S:7](=[O:8])[O-:9])[H:13],[H:14][c:2]1[c:1]([c:6]([c:5]([c:4]2[c:3]1[C:12]([C:11]([O:10]2)([H:16])[H:17])([H:18])[H:19])[H:15])[S:7](=[O:8])[O-:9])[H:13]
0.75,5378,18287,[C:1]([C:2]([C:3]([O:4][C:5]1=[C:6]([H:20])[C:7]([I:8])=[C:9]([H:21])[N:10]([H:22])[C:11]1=[O:12])([H:18])[H:19])([H:16])[H:17])([H:13])([H:14])[H:15],[C:1]([C:2]([O:3][C:4]1=[C:5]([H:17])[C:6]([I:7])=[C:8]([H:18])[N:9]([H:19])[C:10]1=[O:11])([H:15])[H:16])([H:12])([H:13])[H:14]
0.75,291,25530,[H:14][c:2]1[c:1]([c:6]([c:5]([c:4]2[c:3]1[C:10](=[N:9][O:8]2)[C:11]([H:16])([H:17])[N:12]([H:18])[H:19])[H:15])[F:7])[H:13],[H:14][c:2]1[c:1]([c:6]([c:5]([c:4]2[c:3]1[O:10][N:9]=[C:8]2[C:11]([H:16])([H:17])[N:12]([H:18])[H:19])[H:15])[F:7])[H:13]
0.75,2982,18027,[I:1][C:2]1=[C:6]2[C:5](=[C:4]([H:12])[S:3]1)[C:11]([H:20])([H:21])[C:10]([H:18])([H:19])[N:9]([H:17])[C:8]([H:15])([H:16])[C:7]2([H:13])[H:14],[I:1][C:2]1=[C:6]2[C:5](=[C:4]([H:11])[S:3]1)[C:10]([H:17])([H:18])[N:9]([H:16])[C:8]([H:14])([H:15])[C:7]2([H:12])[H:13]
0.75,4696,5778,[H:10][C:1]1([C:2]([C:3]([C:4]([O:5][C:6]1([H:16])[H:17])([H:15])[C:7]#[N:8])([H:14])[O:9][H:18])([H:12])[H:13])[H:11],[H:9][C:1]1([C:2]([O:3][C:4]([C:5]1([H:14])[O:6][H:15])([H:13])[C:7]#[N:8])([H:11])[H:12])[H:10]
0.75,475,3857,[H:17][c:5]1[c:4]([c:3]([c:8]([c:7]2[c:6]1[C:12](=[N:11][C:10]([C:9]2([H:19])[H:20])([H:21])[H:22])[H:23])[H:18])[O:2][C:1]([H:13])([H:14])[H:15])[H:16],[H:17][c:5]1[c:4]([c:3]([c:8]([c:7]2[c:6]1[C:12]([C:11]([N:10]=[C:9]2[H:19])([H:20])[H:21])([H:22])[H:23])[H:18])[O:2][C:1]([H:13])([H:14])[H:15])[H:16]
0.75,2240,65,[H:21][C:8]1=[C:9]([N:10]2[C:11](=[N:12][C:4](=[C:5]2[C:6](=[N:7]1)[H:20])[C:3]([H:18])([H:19])[C:2]([H:16])([H:17])[C:1]([H:13])([H:14])[H:15])[H:23])[H:22],[H:18][C:7]1=[C:8]([N:9]2[C:10](=[N:11][C:3](=[C:4]2[C:5](=[N:6]1)[H:17])[C:2]([H:15])([H:16])[C:1]([H:12])([H:13])[H:14])[H:20])[H:19]
0.75,4882,25082,[H:14][C:3]1([C:4]([O:5][C:6]([C:7]([C:2]1([C:1]([H:11])([H:12])[H:13])[C:8]([H:22])([H:23])[N+:9]([H:24])([H:25])[C:10]([H:26])([H:27])[H:28])([H:20])[H:21])([H:18])[H:19])([H:16])[H:17])[H:15],[H:13][C:3]1([C:4]([O:5][C:6]([C:2]1([C:1]([H:10])([H:11])[H:12])[C:7]([H:19])([H:20])[N+:8]([H:21])([H:22])[C:9]([H:23])([H:24])[H:25])([H:17])[H:18])([H:15])[H:16])[H:14]
0.75,4846,35070,[H:13][c:1]1[c:2]([c:3]([c:4]2[c:5]([c:6]1[H:15])[O:7][C:8]([C:9]([O:10]2)([H:18])[H:19])([H:16])[H:17])[C:11]([H:20])([H:21])[N+:12]([H:22])([H:23])[H:24])[H:14],[H:12][c:1]1[c:2]([c:3]([c:4]2[c:5]([c:6]1[H:14])[O:7][C:8]([O:9]2)([H:15])[H:16])[C:10]([H:17])([H:18])[N+:11]([H:19])([H:20])[H:21])[H:13]
0.75,4971,11005,[H:14][c:2]1[c:1]([c:6]([c:5]([c:4]2[c:3]1[N:10]([C:9](=[N:8]2)[C:11]#[N:12])[H:17])[H:15])[O:7][H:16])[H:13],[H:14][c:2]1[c:1]([c:6]([c:5]([c:4]2[c:3]1[N:10]=[C:9]([N:8]2[H:17])[C:11]#[N:12])[H:15])[O:7][H:16])[H:13]
0.75,2098,21683,[H:13][C:1]1([C:2]([C:3]([O:4][C:5]([C:6]1([H:20])[H:21])([H:19])[C:7]2([C:8]([C:9]([C:10]2([H:26])[H:27])([H:24])[H:25])([H:22])[H:23])[C:11]([H:28])([H:29])[N+:12]([H:30])([H:31])[H:32])([H:17])[H:18])([H:15])[H:16])[H:14],[H:11][C:1]1([C:2]([C:3]2([C:4]([C:5]1([H:16])[H:17])([C:6]([C:7]([O:8]2)([H:20])[H:21])([H:18])[H:19])[C:9]([H:22])([H:23])[N+:10]([H:24])([H:25])[H:26])[H:15])([H:13])[H:14])[H:12]
0.75,2650,28279,[H:8][C:1]1([C:2]([C:3]1([C:4]([H:12])([F:5])[F:6])[N:7]([H:13])[H:14])([H:10])[H:11])[H:9],[H:10][C:1]1([C:2]([C:3]([C:4]([C:5]1([H:16])[H:17])([C:6]([H:18])([F:7])[F:8])[N:9]([H:19])[H:20])([H:14])[H:15])([H:12])[H:13])[H:11]
0.75,5007,8353,[H:13][C:1]1=[N:5][S:4][C:3]2=[C:2]1[C:9]([N+:8]([C:7]([C:6]23[C:10]([N:11]([C:12]3([H:23])[H:24])[H:22])([H:20])[H:21])([H:14])[H:15])([H:16])[H:17])([H:18])[H:19],[H:13][C:1]1=[N:5][S:4][C:3]2=[C:2]1[C:9]([N+:8]([C:7]([C:6]23[C:10]([N+:11]([C:12]3([H:24])[H:25])([H:22])[H:23])([H:20])[H:21])([H:14])[H:15])([H:16])[H:17])([H:18])[H:19]
0.75,5672,24819,[H:12][C:1]1([C:2]([S:3](=[O:4])(=[O:5])[C:6]([C:7]([C:8]1([C:9]([H:20])([H:21])[N+:10]([H:22])([H:23])[H:24])[O:11][H:25])([H:18])[H:19])([H:16])[H:17])([H:14])[H:15])[H:13],[H:11][C:1]1([C:2]([S:3](=[O:4])(=[O:5])[C:6]([C:7]1([C:8]([H:17])([H:18])[N+:9]([H:19])([H:20])[H:21])[O:10][H:22])([H:15])[H:16])([H:13])[H:14])[H:12]
0.75,2043,37540,[H:8][C:1]1([C:2]([C:3]1([H:12])[C:4]([H:13])([H:14])[C:5]2([C:6]([C:7]2([H:18])[H:19])([H:16])[H:17])[H:15])([H:10])[H:11])[H:9],[H:9][C:1]1([C:2]([C:3]([C:4]1([H:14])[H:15])([H:13])[C:5]([H:16])([H:17])[C:6]2([C:7]([C:8]2([H:21])[H:22])([H:19])[H:20])[H:18])([H:11])[H:12])[H:10]
0.75,1579,36400,[H:8][C:1]1([C:2]([C:3]2([C:4]1([C:5]([C:6]([N:7]2[H:18])([H:16])[H:17])([H:14])[H:15])[H:13])[H:12])([H:10])[H:11])[H:9],[H:8][C:1]1([C:2]([C:3]1([H:12])[C:4]2([C:5]([C:6]([N:7]2[H:18])([H:16])[H:17])([H:14])[H:15])[H:13])([H:10])[H:11])[H:9]
0.75,2024,1007,[H:13][C:1]([H:14])([H:15])[C:2]([H:16])([H:17])[C:3]([H:18])([H:19])[N:4]1[C:5](=[N:6][N:7]([C:8]1=[S:9])[H:20])[C:10]([H:21])([C:11]([H:22])([H:23])[H:24])[N+:12]([H:25])([H:26])[H:27],[H:12][C:1]([H:13])([H:14])[C:2]([H:15])([H:16])[N:3]1[C:4](=[N:5][N:6]([C:7]1=[S:8])[H:17])[C:9]([H:18])([C:10]([H:19])([H:20])[H:21])[N+:11]([H:22])([H:23])[H:24]
0.75,999,6491,[H:15][C:5](=[C:4]1[C:7](=[O:8])[C:1]([C:2]([N+:3]1([H:13])[H:14])([H:11])[H:12])([H:9])[H:10])[O-:6],[H:14][C:6](=[C:5]1[C:3](=[O:4])[C:2]([C:1]([C:9]([N+:8]1([H:15])[H:16])([H:17])[H:18])([H:10])[H:11])([H:12])[H:13])[O-:7]
0.75,232,15972,[H:14][c:2]1[c:1]([c:6]([c:5]([c:4]2[c:3]1[N:10]=[C:9]([N:8]2[H:16])[C:11]([H:17])([H:18])[N+:12]([H:19])([H:20])[H:21])[H:15])[Cl:7])[H:13],[H:14][c:2]1[c:1]([c:6]([c:5]([c:4]2[c:3]1[N:10]([C:9](=[N:8]2)[C:11]([H:17])([H:18])[N+:12]([H:19])([H:20])[H:21])[H:16])[H:15])[Cl:7])[H:13]
0.7419354915618896,5538,17703,[H:15][C:9]1=[C:10]([C:11]([C:12]([C:4]2=[N:3][C:2](=[C:1]([C:7](=[O:8])[N:6]=[C:5]12)[H:13])[H:14])([H:19])[H:20])([H:17])[H:18])[H:16],[H:20][C:12]1=[C:11]([C:10]([C:9]([C:5]2=[N:6][C:7](=[O:8])[C:1](=[C:2]([N:3]=[C:4]12)[H:14])[H:13])([H:15])[H:16])([H:17])[H:18])[H:19]
0.7419354915618896,4724,28653,[H:12][C:1]1([C:2]([N+:3]([C:4]([C:5]([C:6]1([H:21])[F:7])([H:20])[C:8]([H:22])([H:23])[C:9](=[O:10])[O-:11])([H:18])[H:19])([H:16])[H:17])([H:14])[H:15])[H:13],[H:12][C:1]1([C:2]([N+:3]([C:4]([C:5]([C:6]1([H:21])[C:7]([H:22])([H:23])[C:8](=[O:9])[O-:10])([H:20])[F:11])([H:18])[H:19])([H:16])[H:17])([H:14])[H:15])[H:13]
0.7419354915618896,1092,40829,[H:20][C:8]1=[C:9]([C:10]2=[N+:11]([C:3](=[C:4]([N:5]2[C:6](=[C:7]1[H:19])[H:18])[H:17])[C:2]([H:16])([C:1]([H:13])([H:14])[H:15])[N:12]([H:23])[H:24])[H:22])[H:21],[H:23][C:9]1=[C:10]([C:11]2=[N+:12]([C:4](=[C:5]([N:6]2[C:7](=[C:8]1[H:22])[H:21])[H:20])[C:2]([H:16])([C:1]([H:13])([H:14])[H:15])[C:3]([H:17])([H:18])[H:19])[H:25])[H:24]
0.7419354915618896,3172,35297,[H:17][C:4]1=[C:3]([N:7]([N:6]=[C:5]1[S:8](=[O:9])(=[O:10])[N:11]([H:19])[H:20])[H:18])[C:2]([H:15])([H:16])[C:1]([H:12])([H:13])[H:14],[H:20][C:5]1=[C:4]([N:8]([N:7]=[C:6]1[S:9](=[O:10])(=[O:11])[N:12]([H:22])[H:23])[H:21])[C:3]([H:18])([H:19])[C:2]([H:16])([H:17])[C:1]([H:13])([H:14])[H:15]
0.7419354915618896,4635,3049,[H:11][C:1]1=[C:2]([S:3][C:4]2=[N:8][C:7](=[N:6][N:5]12)[C:9]([H:13])([H:14])[N+:10]([H:15])([H:16])[H:17])[H:12],[H:12][C:1]1=[C:2]([S:3][C:4]2=[N:8][C:7](=[N:6][N:5]12)[C:9]([H:14])([H:15])[C:10]([H:16])([H:17])[N+:11]([H:18])([H:19])[H:20])[H:13]
0.7419354915618896,624,24834,[H:18][c:7]1[c:6]([c:5]([c:4]([c:3]2[c:8]1[N:9]=[C:10]([N:2]2[C:1]([H:13])([H:14])[H:15])[N:11]([H:19])[H:20])[H:16])[F:12])[H:17],[H:16][c:4]1[c:5]([c:6]([c:7]([c:8]2[c:3]1[N:2]([C:10](=[N:9]2)[N:11]([H:19])[H:20])[C:1]([H:13])([H:14])[H:15])[H:18])[F:12])[H:17]
0.7419354915618896,2511,16166,[H:19][C:6]1=[C:5]([O:9][C:8](=[C:7]1[H:20])[C:10]([H:21])([H:22])[N+:11]([H:23])([H:24])[H:25])[C:4]2([C:3]([C:2]2([H:15])[C:1]([H:12])([H:13])[H:14])([H:16])[H:17])[H:18],[H:20][C:6]1=[C:5]([O:9][C:8](=[C:7]1[H:21])[C:10]([H:22])([H:23])[C:11]([H:24])([H:25])[N+:12]([H:26])([H:27])[H:28])[C:4]2([C:3]([C:2]2([H:16])[C:1]([H:13])([H:14])[H:15])([H:17])[H:18])[H:19]
0.7419354915618896,1497,18132,[H:13][C:1]([H:14])([H:15])[C:2]([H:16])([H:17])[C:3]([H:18])([H:19])[C:4]1=[C:5]([S:6][C:7](=[O:8])[N:9]1[H:20])[C:10](=[O:11])[O-:12],[H:12][C:1]([H:13])([H:14])[C:2]([H:15])([H:16])[C:3]1=[C:4]([S:5][C:6](=[O:7])[N:8]1[H:17])[C:9](=[O:10])[O-:11]
0.7419354915618896,970,2283,[H:13][C:1]1=[C:2]([O:3][C:4]2=[C:5]1[C:6]([N+:7]([C:8]([C:9]23[C:10]([N+:11]([C:12]3([H:25])[H:26])([H:23])[H:24])([H:21])[H:22])([H:19])[H:20])([H:17])[H:18])([H:15])[H:16])[H:14],[H:13][C:1]1=[C:2]([O:3][C:4]2=[C:5]1[C:6]([N+:7]([C:8]([C:9]23[C:10]([N:11]([C:12]3([H:24])[H:25])[H:23])([H:21])[H:22])([H:19])[H:20])([H:17])[H:18])([H:15])[H:16])[H:14]
0.7407407164573669,1404,22066,[H:19][C:5]1([C:6]([C:7]([N:8]([C:9](=[O:10])[C:3]([C:4]1([H:17])[H:18])([H:16])[N:2]([H:15])[C:1]([H:12])([H:13])[H:14])[C:11]([H:25])([H:26])[H:27])([H:23])[H:24])([H:21])[H:22])[H:20],[H:15][C:4]1([C:5]([N:6]([C:7](=[O:8])[C:3]1([H:14])[N:2]([H:13])[C:1]([H:10])([H:11])[H:12])[C:9]([H:19])([H:20])[H:21])([H:17])[H:18])[H:16]
0.7407407164573669,6075,22931,[H:18][C:5](=[O:6])[C:3]1([C:2]([C:1]([C:4]1([H:16])[H:17])([H:12])[H:13])([H:14])[H:15])[C:7]2([C:8]([N+:9]([C:10]2([H:23])[H:24])([H:21])[H:22])([H:19])[H:20])[O:11][H:25],[H:19][C:5](=[O:6])[C:3]1([C:2]([C:1]([C:4]1([H:17])[H:18])([H:13])[H:14])([H:15])[H:16])[C:7]2([C:8]([C:9]([N+:10]([C:11]2([H:26])[H:27])([H:24])[H:25])([H:22])[H:23])([H:20])[H:21])[O:12][H:28]
0.7407407164573669,151,18740,[H:13][C:1]1=[C:2]([S:3][C:4](=[N:5]1)[N:6]([H:14])[H:15])[C:7]2([C:8]([C:9]([N+:10]([C:11]([C:12]2([H:25])[H:26])([H:23])[H:24])([H:21])[H:22])([H:19])[H:20])([H:17])[H:18])[H:16],[H:10][C:1]1=[C:2]([S:3][C:4](=[N:5]1)[N:6]([H:11])[H:12])[C:7]2([C:8]([C:9]2([H:16])[H:17])([H:14])[H:15])[H:13]
0.7407407164573669,4743,36106,[H:23][C:12]1([C:7](=[N:8][N:9]([C:10]1=[O:11])[H:22])[C:6]2([C:1]([C:2]([O:3][C:4]([C:5]2([H:19])[H:20])([H:17])[H:18])([H:15])[H:16])([H:13])[H:14])[H:21])[H:24],[H:16][C:9]1([C:4](=[N:5][N:6]([C:7]1=[O:8])[H:15])[C:3]2([C:1]([C:2]2([H:12])[H:13])([H:10])[H:11])[H:14])[H:17]
0.7407407164573669,3313,9138,[H:28][C:11](=[O:12])[C:10]1([C:9]([N+:8]([C:7]([C:6]12[C:1]([C:2]([O:3][C:4]([C:5]2([H:19])[H:20])([H:17])[H:18])([H:15])[H:16])([H:13])[H:14])([H:21])[H:22])([H:23])[H:24])([H:25])[H:26])[H:27],[H:21][C:8](=[O:9])[C:7]1([C:6]([N+:5]([C:4]([C:3]12[C:1]([C:2]2([H:12])[H:13])([H:10])[H:11])([H:14])[H:15])([H:16])[H:17])([H:18])[H:19])[H:20]
0.7407407164573669,1913,21141,[H:17][C:4]1([C:3]([C:2]([C:7]([N+:6]([C:5]1([H:19])[H:20])([H:21])[C:8]([H:24])([H:25])[C:9]([H:26])([H:27])[N:10]([H:28])[H:29])([H:22])[H:23])([H:14])[C:1]([H:11])([H:12])[H:13])([H:15])[H:16])[H:18],[H:21][C:6]1([C:7]([C:8]([C:9]([N+:4]([C:5]1([H:19])[H:20])([H:18])[C:3]([H:16])([H:17])[C:2]([H:14])([H:15])[C:1]([H:11])([H:12])[H:13])([H:26])[H:27])([H:25])[C:10]([H:28])([H:29])[H:30])([H:23])[H:24])[H:22]
0.7407407164573669,6112,22656,[H:16][c:3]1[c:2]([c:7]([c:6]([c:5]([n:4]1)[Cl:12])[C:10]#[N:11])[C:8]#[N:9])[C:1]([H:13])([H:14])[H:15],[H:15][c:3]1[c:2]([c:7]([c:6]([c:5]([n:4]1)[Cl:11])[C:9]#[N:10])[C:8]([H:16])([H:17])[H:18])[C:1]([H:12])([H:13])[H:14]
0.739130437374115,3655,2759,[H:19][C:7]1([C:8]([C:6]1([H:18])[C:5]2([C:2]([C:3]([N+:4]2([H:15])[H:16])([H:13])[H:14])([C:1]([H:10])([H:11])[H:12])[C:9]([H:23])([H:24])[H:25])[H:17])([H:21])[H:22])[H:20],[H:22][C:7]1([C:8]([N+:9]([C:10]([C:11]([C:6]1([H:21])[C:5]2([C:2]([C:3]([N+:4]2([H:18])[H:19])([H:16])[H:17])([C:1]([H:13])([H:14])[H:15])[C:12]([H:32])([H:33])[H:34])[H:20])([H:30])[H:31])([H:28])[H:29])([H:26])[H:27])([H:24])[H:25])[H:23]
0.739130437374115,3461,32253,[H:13][C:3]1=[N:4][C:5]([C:6]([C:1]([C:2]1([H:11])[H:12])([H:9])[H:10])([H:15])[H:16])([H:14])[C:7](=[O:8])[H:17],[H:13][C:5]1=[N:4][C:3]([C:2]([C:1]1([H:8])[H:9])([H:10])[H:11])([H:12])[C:6](=[O:7])[H:14]
0.739130437374115,5018,16292,[H:13][C:6](=[O:7])[C:4]1=[N:3][C:2]([C:1]([N:5]1[H:12])([H:8])[H:9])([H:10])[H:11],[H:16][C:7](=[O:8])[C:4]1=[N:5][C:6]([C:1]([C:2]([N:3]1[H:13])([H:11])[H:12])([H:9])[H:10])([H:14])[H:15]
0.739130437374115,5009,25881,[H:26][C:8]1([C:7]([C:6]([N+:5]([C:10]([C:9]1([H:28])[C:11]([H:31])([H:32])[H:33])([H:29])[H:30])([H:22])[C:4]([H:20])([H:21])[C:3]([H:18])([H:19])[C:2]([H:16])([H:17])[C:1]([H:13])([H:14])[H:15])([H:23])[H:24])([H:25])[C:12]([H:34])([H:35])[H:36])[H:27],[H:23][C:7]1([C:6]([C:5]([N+:4]([C:9]([C:8]1([H:25])[C:10]([H:28])([H:29])[H:30])([H:26])[H:27])([H:19])[C:3]([H:17])([H:18])[C:2]([H:15])([H:16])[C:1]([H:12])([H:13])[H:14])([H:20])[H:21])([H:22])[C:11]([H:31])([H:32])[H:33])[H:24]
0.739130437374115,1015,30751,[H:14][C:6]1([C:7]([N:8]([C:2]([C:3](=[O:4])[N:5]1[H:13])([H:12])[C:1]([H:9])([H:10])[H:11])[H:18])([H:16])[H:17])[H:15],[H:17][C:7]1([C:6]([N:5]([C:3](=[O:4])[C:2]([N:9]([C:8]1([H:19])[H:20])[H:21])([H:13])[C:1]([H:10])([H:11])[H:12])[H:14])([H:15])[H:16])[H:18]
0.7368420958518982,5373,30965,[H:10][c:1]1[c:2]([n:3][c:4]([n:5][c:6]1[Cl:7])[N:8]([H:11])[H:12])[N:9]([H:13])[H:14],[H:10][c:1]1[c:2]([n:3][c:4]([n:5][c:6]1[Cl:7])[N:8]([H:11])[H:12])[Cl:9]
0.7368420958518982,2475,43252,[F:1][c:2]1[c:3]([H:11])[c:4]([I:5])[c:6]([F:7])[n:8][c:9]1[F:10],[F:1][c:2]1[n:3][c:4]([F:5])[c:6]([I:7])[c:8]([H:11])[c:9]1[I:10]
0.7368420958518982,5277,26133,[H:8][C:1]1([C:2]([N:3]([C:4]1([H:13])[C:5]([H:14])([F:6])[F:7])[H:12])([H:10])[H:11])[H:9],[H:9][C:1]1([C:2]([C:3]([N:4]([C:5]1([H:15])[H:16])[H:14])([H:13])[C:6]([H:17])([F:7])[F:8])([H:11])[H:12])[H:10]
0.7368420958518982,2045,33115,[H:12][C:1]([H:13])([H:14])[C:2]([H:15])([H:16])[C:3]([H:17])([P:4](=[O:5])([C:6]([H:18])([H:19])[H:20])[O-:7])[P:8](=[O:9])([O-:10])[O-:11],[H:12][C:1]([H:13])([H:14])[C:2]([H:15])([H:16])[C:3]([H:17])([P:4](=[O:5])([O-:6])[O-:7])[P:8](=[O:9])([O-:10])[O-:11]
0.7368420958518982,96,25821,[H:10][C:1]1=[C:2]([C:3](=[O:4])[C:5](=[C:6]([N:7]1[H:12])[H:11])[Br:8])[Br:9],[H:10][C:1]1=[C:2]([C:3](=[O:4])[C:5](=[C:6]([N:7]1[H:12])[H:11])[Br:8])[N:9]([H:13])[H:14]
0.7368420958518982,4300,22194,[H:10][C:1](=[C:2]([H:12])[C:3]1([C:4]([C:5]([C:6]([N:7]1[H:19])([H:18])[C:8](=[O:9])[H:20])([H:16])[H:17])([H:14])[H:15])[H:13])[H:11],[H:17][C:6](=[O:7])[C:5]1([C:1]([C:2]([C:3]([N:4]1[H:15])([H:14])[C:8](=[O:9])[H:18])([H:12])[H:13])([H:10])[H:11])[H:16]
0.7368420958518982,3484,23493,[H:16][C:3]1=[C:4]([C:5]([C:6]([C:7]([C:2]1([H:15])[C:1]([H:12])([H:13])[H:14])([H:20])[C:8]([H:21])([H:22])[H:23])([H:19])[C:9]([H:24])([H:25])[O:10][H:26])([H:18])[C:11]([H:27])([H:28])[H:29])[H:17],[H:17][C:3]1=[C:4]([C:5]([C:6]([C:7]([C:2]1([H:16])[C:1]([H:13])([H:14])[H:15])([H:21])[C:8]([H:22])([H:23])[O:9][H:24])([H:20])[C:10]([H:25])([H:26])[O:11][H:27])([H:19])[C:12]([H:28])([H:29])[H:30])[H:18]
0.7352941036224365,3296,27571,[H:13][C:1]1=[C:2]([C:3](=[N:4][C:5](=[O:6])[N:7]1[H:14])[N:8]([H:15])[H:16])[C:9]#[C:10][C:11]([H:17])([H:18])[N+:12]([H:19])([H:20])[H:21],[H:13][C:1]1=[C:2]([C:3](=[N:4][C:5](=[O:6])[N:7]1[H:14])[N:8]([H:15])[H:16])[C:9]#[C:10][C:11]([H:17])([H:18])[N:12]([H:19])[H:20]
0.7333333492279053,476,37033,[H:19][C:6]1=[C:7]([S:8][C:4](=[C:5]1[Br:11])[C:3]([H:17])([H:18])[C:2]([H:15])([H:16])[C:1]([H:12])([H:13])[H:14])[C:9](=[O:10])[H:20],[H:16][C:5]1=[C:6]([S:7][C:3](=[C:4]1[Br:10])[C:2]([H:14])([H:15])[C:1]([H:11])([H:12])[H:13])[C:8](=[O:9])[H:17]
0.7333333492279053,2335,38911,[H:13][c:1]1[c:2]([c:3]([c:4]([c:5]([c:6]1[H:16])[Cl:7])[H:15])[C:8]2([C:9]([C:10]([N+:11]([C:12]2([H:24])[H:25])([H:22])[H:23])([H:20])[H:21])([H:18])[H:19])[H:17])[H:14],[H:12][c:1]1[c:2]([c:3]([c:4]([c:5]([c:6]1[H:15])[Cl:7])[H:14])[C:8]2([C:9]([N+:10]([C:11]2([H:21])[H:22])([H:19])[H:20])([H:17])[H:18])[H:16])[H:13]
0.7333333492279053,4909,31618,[H:17][C:4]1([C:5]([N+:6]([C:7]([C:8](=[O:9])[N:3]1[C:2]([H:15])([H:16])[C:1]([H:12])([H:13])[H:14])([C:10]([H:23])([H:24])[H:25])[C:11]([H:26])([H:27])[H:28])([H:21])[H:22])([H:19])[H:20])[H:18],[H:20][C:5]1([C:6]([N+:7]([C:8]([C:9](=[O:10])[N:4]1[C:3]([H:18])([H:19])[C:2]([H:16])([H:17])[C:1]([H:13])([H:14])[H:15])([C:11]([H:26])([H:27])[H:28])[C:12]([H:29])([H:30])[H:31])([H:24])[H:25])([H:22])[H:23])[H:21]
0.7333333492279053,5608,40168,[O:1]=[C:2]1[C:3]([H:13])=[C:4]([I:5])[C:6](=[O:7])[C:8]2=[C:12]1[N:11]=[C:10]([H:15])[N:9]2[H:14],[O:1]=[C:2]1[C:3]([I:4])=[C:5]([H:13])[C:6](=[O:7])[C:8]2=[C:12]1[N:11]=[C:10]([H:15])[N:9]2[H:14]
0.7333333492279053,3666,33012,[H:8][C:1]1([C:2]([N+:3]([C:4]([C:5]([S:6][C:7]1([H:18])[H:19])([H:16])[H:17])([H:14])[H:15])([H:12])[H:13])([H:10])[H:11])[H:9],[H:7][C:1]1([C:2]([S:3][C:4]([C:5]([N+:6]1([H:15])[H:16])([H:13])[H:14])([H:11])[H:12])([H:9])[H:10])[H:8]
0.7333333492279053,735,4361,[H:10][C:3]1([C:4]([C:2]1([C:1]([H:7])([H:8])[H:9])[S:5][C:6]([H:14])([H:15])[H:16])([H:12])[H:13])[H:11],[H:13][C:4]1([C:3]([C:2]([C:5]1([H:15])[H:16])([C:1]([H:8])([H:9])[H:10])[S:6][C:7]([H:17])([H:18])[H:19])([H:11])[H:12])[H:14]
0.7333333492279053,696,328,[H:20][C:5]1([C:4]([N+:3]([C:9]([C:7](=[O:8])[N:6]1[H:22])([C:10]([H:23])([H:24])[H:25])[C:11]([H:26])([H:27])[H:28])([H:17])[C:2]([H:15])([H:16])[C:1]([H:12])([H:13])[H:14])([H:18])[H:19])[H:21],[H:23][C:6]1([C:5]([N+:4]([C:10]([C:8](=[O:9])[N:7]1[H:25])([C:11]([H:26])([H:27])[H:28])[C:12]([H:29])([H:30])[H:31])([H:20])[C:3]([H:18])([H:19])[C:2]([H:16])([H:17])[C:1]([H:13])([H:14])[H:15])([H:21])[H:22])[H:24]
0.7333333492279053,3329,35996,[H:14][C:5]1=[N:6][C:1]([C:2]([C:3](=[N+:4]1[H:13])[O:7][H:15])([H:12])[C:8]([H:16])([H:17])[N+:9]([H:18])([H:19])[H:20])([H:10])[H:11],[H:15][C:5]1=[N:6][C:1]([C:2]([C:3](=[N+:4]1[H:14])[O:7][H:16])([H:13])[C:8]([H:17])([H:18])[C:9]([H:19])([H:20])[N+:10]([H:21])([H:22])[H:23])([H:11])[H:12]
0.7333333492279053,2064,3854,[C:1]([C:2]([C:3]([H:17])([H:18])[H:19])([C:4]([c:5]1[c:6]([H:22])[c:7]([H:23])[c:8]([I:9])[c:10]([H:24])[c:11]1[F:12])([H:20])[H:21])[H:16])([H:13])([H:14])[H:15],[C:1]([C@@:2]([N:3]([H:17])[H:18])([C:4]([c:5]1[c:6]([H:21])[c:7]([H:22])[c:8]([I:9])[c:10]([H:23])[c:11]1[F:12])([H:19])[H:20])[H:16])([H:13])([H:14])[H:15]
0.7333333492279053,4735,37211,[H:10][C:3]1([C:4]([C:2]1([C:1]([H:7])([H:8])[H:9])[O:5][C:6]([H:14])([H:15])[H:16])([H:12])[H:13])[H:11],[H:14][C:4]1([C:5]([C:6]([C:2]([C:3]1([H:12])[H:13])([C:1]([H:9])([H:10])[H:11])[O:7][C:8]([H:20])([H:21])[H:22])([H:18])[H:19])([H:16])[H:17])[H:15]
0.7333333492279053,1997,2155,[H:13][c:1]1[c:2]([c:3]([c:4]([c:5]([c:6]1[H:16])[F:7])[H:15])[C:8]#[C:9][C:10]([H:17])([H:18])[C:11]([H:19])([H:20])[O:12][H:21])[H:14],[H:12][c:1]1[c:2]([c:3]([c:4]([c:5]([c:6]1[H:15])[F:7])[H:14])[C:8]#[C:9][C:10]([H:16])([H:17])[O:11][H:18])[H:13]
0.7307692170143127,1369,4673,[H:9][C:1]1=[C:2]([O:3][N:4]=[C:5]1[C:6]2([C:7]([C:8]2([H:14])[H:15])([H:12])[H:13])[H:11])[H:10],[H:12][C:1]1=[C:2]([O:3][N:4]=[C:5]1[C:6]2([C:7]([C:8]([N+:9]([C:10]([C:11]2([H:23])[H:24])([H:21])[H:22])([H:19])[H:20])([H:17])[H:18])([H:15])[H:16])[H:14])[H:13]
0.7307692170143127,5499,1828,[H:13][c:2]1[c:1]([c:6]([c:5]2[c:4]([c:3]1[O:11][H:17])[N:10]=[C:9]([N:8]2[H:15])[H:16])[O:7][H:14])[H:12],[H:12][c:1]1[c:2]([c:3]([c:4]2[c:5]([c:6]1[N:7]([H:14])[H:15])[N:8]=[C:9]([N:10]2[H:17])[H:16])[O:11][H:18])[H:13]
0.7307692170143127,3749,38413,[H:14][N:10]1[C:1]2=[C:7]([N:6]=[C:5]([N:4]([C:2]2=[O:3])[H:13])[N:12]([H:15])[H:16])[N:8]=[C:9]1[Cl:11],[H:14][N:10]1[C:1]2=[C:7]([N:8]=[C:9]1[N:11]([H:15])[H:16])[N:6]=[C:5]([N:4]([C:2]2=[O:3])[H:13])[N:12]([H:17])[H:18]
0.7307692170143127,2888,21863,[H:13][c:1]1[c:2]([c:3]([c:4]([c:5]([c:6]1[O:7][H:15])[C:8]([H:16])([H:17])[N:9]=[N:10][H:18])[O:11][H:19])[H:14])[O:12][H:20],[H:16][c:3]1[c:2]([c:7]([c:6]([c:5]([c:4]1[O:12][H:22])[H:17])[O:11][H:21])[C:8]([H:18])([H:19])[N:9]=[N:10][H:20])[C:1]([H:13])([H:14])[H:15]
0.7307692170143127,177,3316,[H:11][C:1]1=[C:2]([N:3]([C:4]2=[C:5]1[C:6]([C:7]([N+:8]([C:9]([C:10]2([H:22])[H:23])([H:20])[H:21])([H:18])[H:19])([H:16])[H:17])([H:14])[H:15])[H:13])[H:12],[H:10][C:1]1=[C:2]([N:3]([C:4]2=[C:5]1[C:6]([N+:7]([C:8]([C:9]2([H:19])[H:20])([H:17])[H:18])([H:15])[H:16])([H:13])[H:14])[H:12])[H:11]
0.7297297120094299,2195,26105,[H:13][C:1]1=[C:2]([N:3]2[C:4](=[N:5]1)[C:6]([N+:7]([C:8]([C:9]([C:10]2([H:22])[H:23])([H:21])[C:11]([H:24])([H:25])[N+:12]([H:26])([H:27])[H:28])([H:19])[H:20])([H:17])[H:18])([H:15])[H:16])[H:14],[H:13][C:1]1=[C:2]([N:3]2[C:4](=[N:5]1)[C:6]([N+:7]([C:8]([C:9]([C:10]2([H:22])[H:23])([H:21])[C:11]([H:24])([H:25])[O:12][H:26])([H:19])[H:20])([H:17])[H:18])([H:15])[H:16])[H:14]
0.7297297120094299,774,34195,[H:16][C:5]1=[N:6][N:2]([C:3]2=[C:4]1[C:7]([C:8]([O:9][C:10]2([H:20])[H:21])([H:18])[H:19])([H:17])[C:11]([H:22])([H:23])[N:12]([H:24])[H:25])[C:1]([H:13])([H:14])[H:15],[H:16][C:5]1=[N:6][N:2]([C:3]2=[C:4]1[C:7]([C:8]([O:9][C:10]2([H:20])[H:21])([H:18])[H:19])([H:17])[C:11]([H:22])([H:23])[N+:12]([H:24])([H:25])[H:26])[C:1]([H:13])([H:14])[H:15]
0.7272727489471436,1774,35171,[H:10][C:1]1([C:2]([C:3]2([C:4]([N:5]([C:6]2([H:17])[H:18])[H:16])([H:14])[H:15])[C:7]([O:8][C:9]1([H:21])[H:22])([H:19])[H:20])([H:12])[H:13])[H:11],[H:9][C:1]1([C:2]([O:3][C:4]([C:5]12[C:6]([N:7]([C:8]2([H:18])[H:19])[H:17])([H:15])[H:16])([H:13])[H:14])([H:11])[H:12])[H:10]
0.7272727489471436,2729,29367,[H:18][c:5]1[c:6]2[c:7]([n:8][c:3]([n:4]1)[C:2]([H:16])([H:17])[C:1]([H:13])([H:14])[H:15])[C:9]([N+:10]([C:11]([C:12]2([H:25])[H:26])([H:23])[H:24])([H:21])[H:22])([H:19])[H:20],[H:17][c:5]1[c:6]2[c:7]([n:8][c:3]([n:4]1)[C:2]([H:15])([H:16])[C:1]([H:12])([H:13])[H:14])[C:9]([N+:10]([C:11]2([H:22])[H:23])([H:20])[H:21])([H:18])[H:19]
0.7272727489471436,4638,10420,[H:15][C:7]1=[C:6]([C:12]([C:11]([N+:10]([C:9]([C:8]1([H:16])[H:17])([H:18])[H:19])([H:20])[H:21])([H:22])[H:23])([H:24])[H:25])[C:2]2=[N:3][N:4]([N:5]=[C:1]2[H:13])[H:14],[H:14][C:7]1=[C:6]([C:11]([C:10]([N+:9]([C:8]1([H:15])[H:16])([H:17])[H:18])([H:19])[H:20])([H:21])[H:22])[C:2]2=[N:3][N:4]([N:5]=[C:1]2[H:12])[H:13]
0.7272727489471436,2526,40018,[H:10][C:1]1([C:2]([N+:3]([C:4]([C:5]1([C:6]([H:18])([F:7])[F:8])[O:9][H:19])([H:16])[H:17])([H:14])[H:15])([H:12])[H:13])[H:11],[H:11][C:1]1([C:2]([N+:3]([C:4]([C:5]([C:6]1([C:7]([H:21])([F:8])[F:9])[O:10][H:22])([H:19])[H:20])([H:17])[H:18])([H:15])[H:16])([H:13])[H:14])[H:12]
0.7272727489471436,2905,1078,[H:16][c:7]1[c:8]([n:9][c:4]([c:5]([c:6]1[C:10]([H:18])([H:19])[N:11]([H:20])[H:21])[N:12]([H:22])[H:23])[C:2](=[O:3])[C:1]([H:13])([H:14])[H:15])[H:17],[H:16][c:7]1[c:8]([n:9][c:4]([c:5]([c:6]1[C:10]([H:18])([H:19])[N+:11]([H:20])([H:21])[H:22])[N:12]([H:23])[H:24])[C:2](=[O:3])[C:1]([H:13])([H:14])[H:15])[H:17]
0.7272727489471436,4468,33389,[H:13][c:1]1[c:2]([c:3]2[c:7]([n:8][c:9]1[H:17])[N:6]([C:5](=[C:4]2[C:10]([H:18])([H:19])[C:11]([H:20])([H:21])[N:12]([H:22])[H:23])[H:15])[H:16])[H:14],[H:13][c:1]1[c:2]([c:3]2[c:7]([n:8][c:9]1[H:17])[N:6]([C:5](=[C:4]2[C:10]([H:18])([H:19])[C:11]([H:20])([H:21])[N+:12]([H:22])([H:23])[H:24])[H:15])[H:16])[H:14]
0.7272727489471436,3759,8178,[H:18][C:5]1([C:6]([C:7]([N:8]([C:3]([C:4]1([H:16])[H:17])([H:15])[C:2]([H:13])([H:14])[C:1]([H:10])([H:11])[H:12])[H:23])([H:22])[C:9]([H:24])([H:25])[H:26])([H:20])[H:21])[H:19],[H:17][C:5]1([C:4]([C:3]([N:7]([C:6]1([H:19])[C:8]([H:21])([H:22])[H:23])[H:20])([H:14])[C:2]([H:12])([H:13])[C:1]([H:9])([H:10])[H:11])([H:15])[H:16])[H:18]
0.7272727489471436,4320,5920,[H:21][C:8]1([C:6]2([C:10]([N+:9]1([H:23])[H:24])([H:25])[H:26])[C:5]([N+:4]([C:3]([C:2]([O:7]2)([C:1]([H:12])([H:13])[H:14])[C:11]([H:27])([H:28])[H:29])([H:15])[H:16])([H:17])[H:18])([H:19])[H:20])[H:22],[H:24][C:9]1([C:10]([C:11]([C:6]2([C:8]1([H:22])[H:23])[C:5]([N+:4]([C:3]([C:2]([O:7]2)([C:1]([H:13])([H:14])[H:15])[C:12]([H:30])([H:31])[H:32])([H:16])[H:17])([H:18])[H:19])([H:20])[H:21])([H:28])[H:29])([H:26])[H:27])[H:25]
0.7272727489471436,600,15067,[H:23][C:9]1([C:10]([C:11]([C:6]2([C:8]1([H:21])[H:22])[C:5]([N:4]([C:3]([C:2]([O:7]2)([C:1]([H:13])([H:14])[H:15])[C:12]([H:29])([H:30])[H:31])([H:16])[H:17])[H:18])([H:19])[H:20])([H:27])[H:28])([H:25])[H:26])[H:24],[H:20][C:8]1([C:6]2([C:10]([N:9]1[H:22])([H:23])[H:24])[C:5]([N:4]([C:3]([C:2]([O:7]2)([C:1]([H:12])([H:13])[H:14])[C:11]([H:25])([H:26])[H:27])([H:15])[H:16])[H:17])([H:18])[H:19])[H:21]
0.7272727489471436,3317,31261,[H:18][c:6]1[c:7]([c:8]([n:9][c:4]([n:5]1)[C:3]([H:16])([H:17])[O:2][C:1]([H:13])([H:14])[H:15])[N:10]([H:19])[H:20])[C:11]([H:21])([H:22])[N+:12]([H:23])([H:24])[H:25],[H:18][c:6]1[c:7]([c:8]([n:9][c:4]([n:5]1)[C:3]([H:16])([H:17])[O:2][C:1]([H:13])([H:14])[H:15])[N:10]([H:19])[H:20])[C:11]([H:21])([H:22])[N:12]([H:23])[H:24]
0.7272727489471436,987,38419,[H:19][C:7]1=[C:8]([C:3]([C:4]([C:5]([C:6]1([H:17])[H:18])([H:15])[H:16])([H:13])[H:14])([H:12])[O:2][C:1]([H:9])([H:10])[H:11])[H:20],[H:16][C:6]1=[C:7]([C:3]([C:4]([C:5]1([H:14])[H:15])([H:12])[H:13])([H:11])[O:2][C:1]([H:8])([H:9])[H:10])[H:17]
0.7272727489471436,6093,4233,[H:20][C:8](=[O:9])[C:6]12[C:1]([C:2]([N:3]([C:7]1([H:18])[H:19])[C:4]([C:5]2([H:16])[H:17])([H:14])[H:15])([H:12])[H:13])([H:10])[H:11],[H:26][C:10](=[O:11])[C:3]12[C:2]([C:1]([C:8]([N:7]([C:9]1([H:24])[H:25])[C:6]([C:5]([C:4]2([H:16])[H:17])([H:18])[H:19])([H:20])[H:21])([H:22])[H:23])([H:12])[H:13])([H:14])[H:15]
0.7272727489471436,6097,24686,[H:15][C:6](=[O:7])[C:5]1([C:1]([C:2]([S:3][C:4]1([H:13])[H:14])([H:11])[H:12])([H:9])[H:10])[O:8][H:16],[H:18][C:7](=[O:8])[C:6]1([C:1]([C:2]([S:3][C:4]([C:5]1([H:16])[H:17])([H:14])[H:15])([H:12])[H:13])([H:10])[H:11])[O:9][H:19]
0.7272727489471436,419,2807,[H:27][C:10](=[O:11])[C:3]12[C:2]([C:1]([C:8]([N+:7]([C:9]1([H:25])[H:26])([C:6]([C:5]([C:4]2([H:16])[H:17])([H:18])[H:19])([H:20])[H:21])[H:22])([H:23])[H:24])([H:12])[H:13])([H:14])[H:15],[H:21][C:8](=[O:9])[C:6]12[C:1]([C:2]([N+:3]([C:7]1([H:19])[H:20])([C:4]([C:5]2([H:17])[H:18])([H:15])[H:16])[H:14])([H:12])[H:13])([H:10])[H:11]
0.7241379022598267,764,23861,[H:11][C:1]1=[C:2]([S:3][C:4](=[N:5]1)[H:12])[C:6]#[C:7][C:8]([H:13])([H:14])[C:9]([H:15])([H:16])[O:10][H:17],[H:10][C:1]1=[C:2]([S:3][C:4](=[N:5]1)[H:11])[C:6]#[C:7][C:8]([H:12])([H:13])[O:9][H:14]
0.7241379022598267,2252,10680,[H:15][C:6]1=[N:5][C:4](=[C:3]([O:7]1)[C:2]([H:14])([C:1]([H:11])([H:12])[H:13])[N:10]([H:17])[H:18])[C:8](=[O:9])[H:16],[H:18][C:7]1=[N:6][C:5](=[C:4]([O:8]1)[C:2]([H:14])([C:1]([H:11])([H:12])[H:13])[C:3]([H:15])([H:16])[H:17])[C:9](=[O:10])[H:19]
0.7241379022598267,5718,7932,[H:13][c:1]1[c:2]([c:3]([c:4]([c:5]2[c:6]1[C:7]([N:8]([C:9]([C:10]2([H:20])[H:21])([H:18])[H:19])[H:17])([H:15])[H:16])[Cl:11])[Cl:12])[H:14],[H:13][c:1]1[c:2]([c:3]([c:4]([c:5]2[c:6]1[C:7]([C:8]([N:9]([C:10]2([H:20])[H:21])[H:19])([H:17])[H:18])([H:15])[H:16])[Cl:11])[Cl:12])[H:14]
0.7241379022598267,2005,19984,[H:21][C:7]1=[C:6]([C:5](=[C:4]([N:10]([C:8]1=[O:9])[H:22])[C:3]([H:18])([H:19])[C:2]([H:16])([H:17])[C:1]([H:13])([H:14])[H:15])[H:20])[C:11](=[O:12])[H:23],[H:18][C:6]1=[C:5]([C:4](=[C:3]([N:9]([C:7]1=[O:8])[H:19])[C:2]([H:15])([H:16])[C:1]([H:12])([H:13])[H:14])[H:17])[C:10](=[O:11])[H:20]
0.7241379022598267,3972,6050,[H:24][C:11]([H:25])([H:26])[C:3]1([N:4]([C:5](=[N+:6]([C:7](=[N+:8]([H:19])[H:20])[N:9]1[H:21])[H:18])[N:10]([H:22])[H:23])[H:17])[C:2]([H:15])([H:16])[C:1]([H:12])([H:13])[H:14],[H:27][C:12]([H:28])([H:29])[C:4]1([N:5]([C:6](=[N+:7]([C:8](=[N+:9]([H:22])[H:23])[N:10]1[H:24])[H:21])[N:11]([H:25])[H:26])[H:20])[C:3]([H:18])([H:19])[C:2]([H:16])([H:17])[C:1]([H:13])([H:14])[H:15]
0.7241379022598267,1982,24163,[H:19][C:4]1([N:9]=[C:8]([N:7]([C:6](=[N+:5]1[H:20])[N:11]([H:24])[H:25])[H:21])[N:10]([H:22])[H:23])[C:3]([H:17])([H:18])[C:2]([H:15])([H:16])[C:1]([H:12])([H:13])[H:14],[H:16][C:3]1([N:8]=[C:7]([N:6]([C:5](=[N+:4]1[H:17])[N:10]([H:21])[H:22])[H:18])[N:9]([H:19])[H:20])[C:2]([H:14])([H:15])[C:1]([H:11])([H:12])[H:13]
0.7241379022598267,2116,32114,[H:23][C:11]1([C:5]2=[C:4]([C:3]([C:2]([C:1]1([H:12])[H:13])([H:14])[H:15])([H:16])[H:17])[S:8][C:7](=[N:6]2)[C:9]([H:18])([H:19])[N+:10]([H:20])([H:21])[H:22])[H:24],[H:26][C:12]1([C:5]2=[C:4]([C:3]([C:2]([C:1]1([H:13])[H:14])([H:15])[H:16])([H:17])[H:18])[S:8][C:7](=[N:6]2)[C:9]([H:19])([H:20])[C:10]([H:21])([H:22])[N+:11]([H:23])([H:24])[H:25])[H:27]
0.7241379022598267,348,2046,[H:14][c:2]1[c:1]([c:6]([c:5]([c:4]([c:3]1[C:9]([H:16])([H:17])[C:10]([H:18])([H:19])[C:11](=[O:12])[H:20])[F:8])[H:15])[F:7])[H:13],[H:13][c:1]1[c:2]([c:3]([c:4]([c:5]([c:6]1[F:7])[H:15])[C:8]([H:16])([H:17])[C:9]([H:18])([H:19])[C:10](=[O:11])[H:20])[F:12])[H:14]
0.7241379022598267,3095,4624,[H:25][C:12]([H:26])([H:27])[C:4]1([N:9]=[C:8]([N:7]=[C:6]([N:5]1[H:20])[N:11]([H:23])[H:24])[N:10]([H:21])[H:22])[C:3]([H:18])([H:19])[C:2]([H:16])([H:17])[C:1]([H:13])([H:14])[H:15],[H:22][C:11]([H:23])([H:24])[C:3]1([N:8]=[C:7]([N:6]=[C:5]([N:4]1[H:17])[N:10]([H:20])[H:21])[N:9]([H:18])[H:19])[C:2]([H:15])([H:16])[C:1]([H:12])([H:13])[H:14]
0.7241379022598267,564,30515,[H:15][c:6]1[n:5][c:4]([c:3]([n:8][n:7]1)[N:2]([H:14])[C:1]([H:11])([H:12])[H:13])[C:9](=[O:10])[H:16],[H:15][c:7]1[n:8][c:3]([c:4]([n:5][n:6]1)[C:9](=[O:10])[H:16])[N:2]([H:14])[C:1]([H:11])([H:12])[H:13]
0.7241379022598267,557,17937,[H:16][C:3]1=[C:4]([N:5]([C:6](=[O:7])[N:8]=[C:2]1[C:1]([H:13])([H:14])[H:15])[H:17])[C:9]([F:10])([F:11])[Cl:12],[H:16][C:3]1=[C:4]([N:5]([C:6](=[O:7])[N:8]=[C:2]1[C:1]([H:13])([H:14])[H:15])[H:17])[C:9]([F:10])([F:11])[F:12]
0.7241379022598267,3171,42524,[H:10][C:1]1=[C:2]([S:3][C:4](=[N:5]1)[C:6]([H:11])([H:12])[N+:7]([H:13])([H:14])[H:15])[C:8]#[N:9],[H:11][C:1]1=[C:2]([S:3][C:4](=[N:5]1)[C:6]([H:12])([H:13])[C:7]([H:14])([H:15])[N+:8]([H:16])([H:17])[H:18])[C:9]#[N:10]
0.7241379022598267,4245,20961,[H:15][C:5]1=[C:6]([S:7][C:3](=[N:4]1)[C:2]([H:14])([C:1]([H:11])([H:12])[H:13])[N+:10]([H:17])([H:18])[H:19])[C:8](=[O:9])[H:16],[H:18][C:6]1=[C:7]([S:8][C:4](=[N:5]1)[C:2]([H:14])([C:1]([H:11])([H:12])[H:13])[C:3]([H:15])([H:16])[H:17])[C:9](=[O:10])[H:19]
0.7241379022598267,1274,35399,[H:13][C:1]1=[N:5][N:4]([C:3](=[C:2]1[C:10]([H:15])([H:16])[C:11]([H:17])([H:18])[O:12][H:19])[C:6]([F:7])([F:8])[F:9])[H:14],[H:12][C:1]1=[N:5][N:4]([C:3](=[C:2]1[C:10]([H:14])([H:15])[O:11][H:16])[C:6]([F:7])([F:8])[F:9])[H:13]
0.7222222089767456,240,6520,[H:19][C:10]1([C:3]2=[C:2]([N:6]=[N:5][N:4]2[C:7]([C:8]([O:9]1)([H:18])[C:11]([H:21])([H:22])[N+:12]([H:23])([H:24])[H:25])([H:16])[H:17])[C:1]([H:13])([H:14])[H:15])[H:20],[H:19][C:10]1([C:3]2=[C:2]([N:6]=[N:5][N:4]2[C:7]([C:8]([O:9]1)([H:18])[C:11]([H:21])([H:22])[N:12]([H:23])[H:24])([H:16])[H:17])[C:1]([H:13])([H:14])[H:15])[H:20]
0.7222222089767456,2899,15391,[I:1][c:2]1[c:3]([H:9])[c:4]([Br:5])[n:6][c:7]([H:10])[n:8]1,[H:7][c:6]1[c:4]([n:3][c:2]([n:10][c:8]1[Br:9])[H:1])[Br:5]
0.7222222089767456,4011,19780,[H:13][C:1]1=[C:2]([S:3][C:4]2=[C:5]1[C:6]([N:7]([C:8]([C:9]([C:10]2([H:22])[C:11]([H:23])([H:24])[N+:12]([H:25])([H:26])[H:27])([H:20])[H:21])([H:18])[H:19])[H:17])([H:15])[H:16])[H:14],[H:13][C:1]1=[C:2]([S:3][C:4]2=[C:5]1[C:6]([N:7]([C:8]([C:9]([C:10]2([H:22])[C:11]([H:23])([H:24])[O:12][H:25])([H:20])[H:21])([H:18])[H:19])[H:17])([H:15])[H:16])[H:14]
0.7222222089767456,175,32899,[H:16][C:7]1([C:4]2=[C:3]([C:10]([C:9]([N+:8]1([H:18])[H:19])([H:20])[H:21])([H:22])[C:11]([H:23])([H:24])[N+:12]([H:25])([H:26])[H:27])[N:2]([N:6]=[N:5]2)[C:1]([H:13])([H:14])[H:15])[H:17],[H:16][C:7]1([C:4]2=[C:3]([C:10]([C:9]([N+:8]1([H:18])[H:19])([H:20])[H:21])([H:22])[C:11]([H:23])([H:24])[O:12][H:25])[N:2]([N:6]=[N:5]2)[C:1]([H:13])([H:14])[H:15])[H:17]
0.7222222089767456,2597,35389,[H:14][c:5]1[c:4]([c:3]([c:2]([c:7]([c:6]1[H:15])[O:8][H:16])[C:1]([H:10])([H:11])[H:12])[O:9][H:17])[H:13],[H:14][c:4]1[c:3]([c:2]([c:7]([c:6]([c:5]1[H:15])[O:9][H:19])[C:8]([H:16])([H:17])[H:18])[C:1]([H:10])([H:11])[H:12])[H:13]
0.7200000286102295,3358,40111,[H:16][C:6](=[N:7][H:17])[C:4]1([N+:3]([C:2]([C:1]([S:5]1)([H:10])[H:11])([H:12])[C:8](=[O:9])[H:18])([H:13])[H:14])[H:15],[H:17][C:8](=[O:9])[C:2]1([C:1]([S:5][C:4]([N+:3]1([H:13])[H:14])([H:15])[C:6](=[O:7])[H:16])([H:10])[H:11])[H:12]
0.7200000286102295,4085,4535,[H:15][C:4]1=[C:5]([O:6][N:7]=[C:3]1[C:2]([H:13])([H:14])[C:1]([H:10])([H:11])[H:12])[C:8]([H:16])([H:17])[C:9]([H:18])([H:19])[H:20],[H:15][C:4]1=[C:5]([O:6][N:7]=[C:3]1[C:2]([H:13])([H:14])[C:1]([H:10])([H:11])[H:12])[C:8]([H:16])([H:17])[N:9]([H:18])[H:19]
0.7200000286102295,2390,26755,[H:17][C:7]1([C:5](=[O:6])[N:4]([C:3]([C:2]([C:1]1([H:11])[H:12])([H:13])[H:14])([H:15])[C:8]2([C:9]([C:10]2([H:22])[H:23])([H:20])[H:21])[H:19])[H:16])[H:18],[H:24][C:8]1([C:9](=[O:10])[N:11]([C:4]2([C:3]([C:2]([C:1]([C:6]([C:5]2([C:7]1([H:22])[H:23])[H:19])([H:20])[H:21])([H:12])[H:13])([H:14])[H:15])([H:16])[H:17])[H:18])[H:26])[H:25]
0.7200000286102295,3720,20770,[H:12][C:1]1([C:2]([N+:3]([C:4]([C:5]([C:6]1([H:22])[C:7]2=[N:8][N-:9][N:10]=[N:11]2)([H:20])[H:21])([H:18])[H:19])([H:16])[H:17])([H:14])[H:15])[H:13],[H:9][C:1]1([C:2]([C:3]1([H:13])[C:4]2=[N:5][N-:6][N:7]=[N:8]2)([H:11])[H:12])[H:10]
0.7200000286102295,5994,11289,[H:20][C:7](=[O:8])[C:6]1([C:1]([C:2]([C:3]([C:4]([C:5]1([H:17])[H:18])([H:16])[N+:9]([H:21])([H:22])[H:23])([H:15])[N:10]([H:24])[H:25])([H:13])[H:14])([H:11])[H:12])[H:19],[H:20][C:7](=[O:8])[C:6]1([C:1]([C:2]([C:3]([C:4]([C:5]1([H:17])[H:18])([H:16])[N:9]([H:21])[H:22])([H:15])[N+:10]([H:23])([H:24])[H:25])([H:13])[H:14])([H:11])[H:12])[H:19]
0.71875,499,4786,[H:13][C:1]1([C:2]([C:3]1([Cl:4])[Cl:5])([H:15])[C:6]2=[N:7][C:8](=[N:9][O:10]2)[C:11]([H:16])([H:17])[N+:12]([H:18])([H:19])[H:20])[H:14],[H:1][C:2]1([C:7]([C:4]1([Br:5])[Br:6])([H:8])[C:9]2=[N:10][C:11](=[N:19][O:20]2)[C:12]([H:13])([H:14])[N+:15]([H:16])([H:17])[H:18])[H:3]
0.71875,1946,30497,[H:16][c:6]1[c:5]([c:4]([c:9]([c:8]([n:7]1)[H:17])[N:10]([H:18])[H:19])[C:2](=[O:3])[C:1]([H:13])([H:14])[H:15])[C:11]([H:20])([H:21])[N+:12]([H:22])([H:23])[H:24],[H:16][c:6]1[c:5]([c:4]([c:9]([c:8]([n:7]1)[H:17])[N:10]([H:18])[H:19])[C:2](=[O:3])[C:1]([H:13])([H:14])[H:15])[C:11]([H:20])([H:21])[N:12]([H:22])[H:23]
0.71875,2051,39870,[H:16][C:6]1=[C:5]([C:3](=[O:4])[N:2]([C:8](=[O:9])[N:7]1[H:17])[C:1]([H:13])([H:14])[H:15])[C:10]([H:18])([H:19])[C:11](=[C:12]([H:21])[H:22])[H:20],[H:16][C:6]1=[C:5]([C:3](=[O:4])[N:2]([C:8](=[O:9])[N:7]1[H:17])[C:1]([H:13])([H:14])[H:15])[C:10]([H:18])([H:19])[C:11](=[O:12])[H:20]
0.71875,1047,13831,[H:12][C:1]1=[C:2]2[C:3](=[C:4]([S:5]1)[Br:6])[C:7]([N+:8]([C:9]([C:10]2=[O:11])([H:17])[H:18])([H:15])[H:16])([H:13])[H:14],[H:13][C:1]1=[C:2]2[C:3](=[C:4]([S:5]1)[Br:6])[C:7]([C:8]([N+:9]([C:10]([C:11]2=[O:12])([H:20])[H:21])([H:18])[H:19])([H:16])[H:17])([H:14])[H:15]
0.71875,3535,4964,[H:13][C:1]1=[N:5][c:4]2[c:3]([c:9]([n:8][c:7]([n:6]2)[N:12]([H:17])[H:18])[S:10][N:11]([H:15])[H:16])[N:2]1[H:14],[H:16][C:7]1=[N:6][c:5]2[c:4]([c:3]([n:11][c:10]([n:9]2)[N:12]([H:18])[H:19])[S:2][C:1]([H:13])([H:14])[H:15])[N:8]1[H:17]
0.71875,5417,8479,[H:22][C:11](=[O:12])[C:10]([H:20])([H:21])[C:6]1([C:4](=[O:5])[N:3]([C:8](=[S:9])[N:7]1[H:19])[C:2]([H:16])([H:17])[C:1]([H:13])([H:14])[H:15])[H:18],[H:22][C:11](=[O:12])[C:10]([H:20])([H:21])[C:6]1([C:4](=[O:5])[N:3]([C:8](=[O:9])[N:7]1[H:19])[C:2]([H:16])([H:17])[C:1]([H:13])([H:14])[H:15])[H:18]
0.7142857313156128,5898,15712,[H:13][C:1]1=[C:2]([S:3][C:4]2=[C:5]1[C:6](=[O:7])[N:8]([C:9](=[N:10]2)[C:11]([H:16])([H:17])[F:12])[H:15])[H:14],[H:19][C:8]1=[C:9]([S:10][C:11]2=[C:7]1[C:5](=[O:6])[N:4]([C:3](=[N:12]2)[C:2]([H:16])([H:17])[C:1]([H:13])([H:14])[H:15])[H:18])[H:20]
0.7142857313156128,56,21896,[H:15][C:4]1=[C:5]([N:6]([N:7]=[C:3]1[C:2]([H:13])([H:14])[C:1]([H:10])([H:11])[H:12])[H:16])[C:8](=[O:9])[H:17],[H:18][C:5]1=[C:6]([N:7]([N:8]=[C:4]1[C:3]([H:16])([H:17])[C:2]([H:14])([H:15])[C:1]([H:11])([H:12])[H:13])[H:19])[C:9](=[O:10])[H:20]
0.7142857313156128,5763,42327,[H:14][C:7](=[O:8])[C:6]1([C:1]([C:2]([S:3]1(=[O:4])=[O:5])([H:11])[H:12])([H:9])[H:10])[H:13],[H:17][C:8](=[O:9])[C:3]1([C:2]([C:1]([C:7]([S:4]1(=[O:5])=[O:6])([H:15])[H:16])([H:10])[H:11])([H:12])[H:13])[H:14]
0.7142857313156128,5160,24271,[H:19][C:9]1=[C:10]([C:5]2=[C:4]([C:3](=[C:2]([C:1]([C:6]2([N:7]=[C:8]1[H:18])[H:17])([H:13])[H:14])[H:15])[C:11]([H:21])([H:22])[N:12]([H:23])[H:24])[H:16])[H:20],[H:19][C:9]1=[C:10]([C:5]2=[C:4]([C:3](=[C:2]([C:1]([C:6]2([N:7]=[C:8]1[H:18])[H:17])([H:13])[H:14])[H:15])[C:11]([H:21])([H:22])[N+:12]([H:23])([H:24])[H:25])[H:16])[H:20]
0.7142857313156128,193,32458,[H:30][C:11](=[O:12])[C:8]1([C:7]([C:6]2([C:1]([C:2]([N+:3]([C:4]([C:5]2([H:21])[H:22])([H:19])[H:20])([H:17])[H:18])([H:15])[H:16])([H:13])[H:14])[C:10]([N+:9]1([H:26])[H:27])([H:28])[H:29])([H:23])[H:24])[H:25],[H:27][C:10](=[O:11])[C:7]1([C:6]([C:4]2([C:5]([C:1]([C:2]([C:3]2([H:16])[H:17])([H:14])[H:15])([H:12])[H:13])([H:18])[H:19])[C:9]([N+:8]1([H:23])[H:24])([H:25])[H:26])([H:20])[H:21])[H:22]
0.7142857313156128,5844,39812,[O:1]=[C:2]1[N:3]([H:10])[N:4]([H:11])[C:5]([H:12])=[C:6]([I:7])[C:8]1=[O:9],[O:1]=[C:2]1[N:3]([H:8])[N:4]([H:9])[C:5]([H:10])=[C:6]1[I:7]
0.7142857313156128,5793,33010,[H:19][C:5]1=[C:4]([S:8][C:7](=[C:6]1[C:9]#[C:10][C:11]([H:21])([H:22])[N:12]([H:23])[H:24])[H:20])[C:3]([H:17])([H:18])[N:2]([H:16])[C:1]([H:13])([H:14])[H:15],[H:19][C:5]1=[C:4]([S:8][C:7](=[C:6]1[C:9]#[C:10][C:11]([H:21])([H:22])[N+:12]([H:23])([H:24])[H:25])[H:20])[C:3]([H:17])([H:18])[N:2]([H:16])[C:1]([H:13])([H:14])[H:15]
0.7142857313156128,5377,1808,[H:12][c:1]1[c:2]([c:3]([c:4]2[c:5]([c:6]1[H:15])[C:7](=[C:8]([S:9]2)[H:16])[C:10]([H:17])([H:18])[N+:11]([H:19])([H:20])[H:21])[H:14])[H:13],[H:13][c:1]1[c:2]([c:3]([c:4]2[c:5]([c:6]1[H:16])[C:7](=[C:8]([S:9]2)[H:17])[C:10]([H:18])([H:19])[C:11]([H:20])([H:21])[N+:12]([H:22])([H:23])[H:24])[H:15])[H:14]
0.7142857313156128,443,19880,[H:14][C:3]1([C:4]([N+:5]([C:6]([C:2]1([H:13])[C:1]([H:10])([H:11])[H:12])([H:19])[H:20])([H:18])[C:7]([H:21])([C:8]([H:22])([H:23])[H:24])[C:9]([H:25])([H:26])[H:27])([H:16])[H:17])[H:15],[H:15][C:3]1([C:4]([N+:5]([C:6]([C:7]([C:2]1([H:14])[C:1]([H:11])([H:12])[H:13])([H:22])[H:23])([H:20])[H:21])([H:19])[C:8]([H:24])([C:9]([H:25])([H:26])[H:27])[C:10]([H:28])([H:29])[H:30])([H:17])[H:18])[H:16]
0.7142857313156128,23,17,[H:13][C:2]1([C:3]2=[C:4]([C:10]([C:1]1([H:11])[H:12])([H:20])[H:21])[N:5]([N:6]=[C:7]2[C:8]([H:16])([H:17])[N:9]([H:18])[H:19])[H:15])[H:14],[H:13][C:2]1([C:3]2=[C:4]([C:10]([C:1]1([H:11])[H:12])([H:21])[H:22])[N:5]([N:6]=[C:7]2[C:8]([H:16])([H:17])[N+:9]([H:18])([H:19])[H:20])[H:15])[H:14]
0.7142857313156128,1616,13116,[H:16][C:4]1=[C:5]([S:6][C:7]2=[C:3]1[C:2]([O:10][C:9]([C:8]2([H:18])[H:19])([H:20])[H:21])([C:1]([H:13])([H:14])[H:15])[C:11]([H:22])([H:23])[N+:12]([H:24])([H:25])[H:26])[H:17],[H:16][C:4]1=[C:5]([S:6][C:7]2=[C:3]1[C:2]([O:10][C:9]([C:8]2([H:18])[H:19])([H:20])[H:21])([C:1]([H:13])([H:14])[H:15])[C:11]([H:22])([H:23])[N:12]([H:24])[H:25])[H:17]
0.7142857313156128,2184,39216,[H:5][C:1]([H:6])([H:7])[C:2]([H:8])([C:3]([H:9])([H:10])[H:11])[O:4][H:12],[H:5][C:1]([H:6])([H:7])[C:2]([H:8])([O:3][H:9])[O:4][H:10]
0.7142857313156128,1623,23099,[H:12][c:1]1[c:2]([c:3]([c:4]2[c:5]([c:6]1[O:7][H:14])[C:8]([C:9]([C:10]2([H:19])[H:20])([H:17])[H:18])([H:15])[H:16])[F:11])[H:13],[H:12][c:1]1[c:2]([c:3]([c:4]2[c:5]([c:6]1[O:7][H:14])[C:8]([C:9]([C:10]2([H:19])[H:20])([H:17])[H:18])([H:15])[H:16])[O:11][H:21])[H:13]
0.7142857313156128,3740,498,[H:11][C:1]([H:12])([C:2]1=[N:6][O:5][C:4](=[N:3]1)[C:7](=[O:8])[N:9]([H:13])[H:14])[N:10]([H:15])[H:16],[H:11][C:1]([H:12])([C:2]1=[N:6][O:5][C:4](=[N:3]1)[C:7](=[O:8])[N:9]([H:13])[H:14])[N+:10]([H:15])([H:16])[H:17]
0.7142857313156128,1637,24205,[H:12][C:1]1=[C:2]2[C:9]([O:8][C:7]([C:6]([N:3]2[N:4]=[N:5]1)([H:13])[H:14])([H:15])[C:10]([H:18])([H:19])[N:11]([H:20])[H:21])([H:16])[H:17],[H:12][C:1]1=[C:2]2[C:9]([O:8][C:7]([C:6]([N:3]2[N:4]=[N:5]1)([H:13])[H:14])([H:15])[C:10]([H:18])([H:19])[N+:11]([H:20])([H:21])[H:22])([H:16])[H:17]
0.7142857313156128,3055,16208,[H:17][C:6]1([C:7]([N:8]([C:2]([C:3]([O:4][C:5]1([H:15])[H:16])([H:13])[H:14])([H:12])[C:1]([H:9])([H:10])[H:11])[H:21])([H:19])[H:20])[H:18],[H:16][C:6]1([C:5]([O:4][C:3]([C:2]([N:7]1[H:18])([H:11])[C:1]([H:8])([H:9])[H:10])([H:12])[H:13])([H:14])[H:15])[H:17]
0.7142857313156128,3046,35479,[H:13][c:1]1[c:2]([c:3]([c:4]([c:5]([c:6]1[F:7])[H:15])[Cl:8])[H:14])[C:9]([F:10])([F:11])[F:12],[H:13][c:1]1[c:2]([c:3]([c:4]([c:5]([c:6]1[Cl:7])[H:15])[Cl:8])[H:14])[C:9]([F:10])([F:11])[F:12]
0.7142857313156128,4916,35475,[H:15][C:4]1([C:3]([C:2]([C:6]([C:5]1([H:17])[N+:7]([H:20])([H:21])[C:8]([H:22])([H:23])[H:24])([H:18])[H:19])([C:1]([H:10])([H:11])[H:12])[C:9]([H:25])([H:26])[H:27])([H:13])[H:14])[H:16],[H:16][C:4]1([C:3]([C:2]([C:7]([C:6]([C:5]1([H:18])[N+:8]([H:23])([H:24])[C:9]([H:25])([H:26])[H:27])([H:19])[H:20])([H:21])[H:22])([C:1]([H:11])([H:12])[H:13])[C:10]([H:28])([H:29])[H:30])([H:14])[H:15])[H:17]
0.7142857313156128,2792,16926,[H:11][C:1]([H:12])([H:13])[C:2]([H:14])([H:15])[C:3]([H:16])([H:17])[C:4]([H:18])([C:5]1=[N:9][N:8]=[N:7][N-:6]1)[N+:10]([H:19])([H:20])[H:21],[H:10][C:1]([H:11])([H:12])[C:2]([H:13])([H:14])[C:3]([H:15])([C:4]1=[N:8][N:7]=[N:6][N-:5]1)[N+:9]([H:16])([H:17])[H:18]
0.7142857313156128,2771,31346,[H:15][C:5]1=[C:4]([N:3]([C:7](=[S:8])[N:6]1[H:16])[C:2]([H:13])([H:14])[C:1]([H:10])([H:11])[H:12])[O:9][H:17],[H:18][C:6]1=[C:5]([N:4]([C:8](=[S:9])[N:7]1[H:19])[C:3]([H:16])([H:17])[C:2]([H:14])([H:15])[C:1]([H:11])([H:12])[H:13])[O:10][H:20]
0.7142857313156128,1891,29440,[H:13][C:1]1=[C:2]([S:3][C:4]2=[C:5]1[N:6]=[C:7]([O:8][C:9]2=[O:10])[C:11]([H:15])([H:16])[N+:12]([H:17])([H:18])[H:19])[H:14],[H:13][C:1]1=[C:2]([S:3][C:4]2=[C:5]1[N:6]=[C:7]([O:8][C:9]2=[O:10])[C:11]([H:15])([H:16])[N:12]([H:17])[H:18])[H:14]
0.7142857313156128,588,7971,[H:18][C:5]1=[C:6]([S:7][C:8]2=[C:4]1[C:3]([O:11][C:10]([C:9]2([H:20])[H:21])([H:22])[H:23])([H:17])[C:2]([H:16])([C:1]([H:13])([H:14])[H:15])[N:12]([H:24])[H:25])[H:19],[H:18][C:5]1=[C:6]([S:7][C:8]2=[C:4]1[C:3]([O:11][C:10]([C:9]2([H:20])[H:21])([H:22])[H:23])([H:17])[C:2]([H:16])([C:1]([H:13])([H:14])[H:15])[N+:12]([H:24])([H:25])[H:26])[H:19]
0.7142857313156128,2419,31816,[H:13][c:1]1[c:2]([n:3][n:4][c:5]([c:6]1[C:7]#[N:8])[S:9][C:10](=[N+:11]([H:15])[H:16])[N:12]([H:17])[H:18])[H:14],[H:13][c:1]1[c:2]([n:3][n:4][c:5]([c:6]1[C:7]#[N:8])[S:9][C:10](=[N:11][H:15])[N:12]([H:16])[H:17])[H:14]
0.7142857313156128,2294,33002,[H:8][C:1]1([C:2]([N:3]([S:4](=[O:5])(=[O:6])[N:7]1[H:13])[H:12])([H:10])[H:11])[H:9],[H:9][C:1]1([C:2]([N:3]([S:4](=[O:5])(=[O:6])[N:7]([C:8]1([H:15])[H:16])[H:14])[H:13])([H:11])[H:12])[H:10]
0.7142857313156128,2228,34631,[H:14][c:2]1[c:1]([c:6]([c:5]([c:4]2[c:3]1[C:11](=[O:12])[C:9](=[O:10])[N:8]2[H:16])[H:15])[Br:7])[H:13],[H:14][c:2]1[c:1]([c:6]([c:5]([c:4]2[c:3]1[N:12]([C:10](=[O:11])[C:8]2=[O:9])[H:16])[H:15])[Br:7])[H:13]
0.7142857313156128,2222,11753,[H:21][C:7]1=[C:6]([C:5]2=[C:9]([S:8]1)[C:10]([N+:2]([C:3]([C:4]2([H:19])[H:20])([H:17])[H:18])([H:16])[C:1]([H:13])([H:14])[H:15])([H:22])[H:23])[C:11]([H:24])([H:25])[N:12]([H:26])[H:27],[H:21][C:7]1=[C:6]([C:5]2=[C:9]([S:8]1)[C:10]([N+:2]([C:3]([C:4]2([H:19])[H:20])([H:17])[H:18])([H:16])[C:1]([H:13])([H:14])[H:15])([H:22])[H:23])[C:11]([H:24])([H:25])[N+:12]([H:26])([H:27])[H:28]
0.7142857313156128,3973,34615,[H:12][c:1]1[c:2]([c:3]([c:4]([c:5]([c:6]1[Cl:7])[F:8])[C:9](=[O:10])[H:14])[Br:11])[H:13],[H:12][c:1]1[c:2]([c:3]([c:4]([c:5]([c:6]1[Cl:7])[C:8](=[O:9])[H:14])[F:10])[Br:11])[H:13]
0.7142857313156128,2191,3138,[H:26][C:10](=[O:11])[C:7]1([C:6]([C:4]2([C:5]([C:1]([C:2]([C:3]2([H:16])[H:17])([H:14])[H:15])([H:12])[H:13])([H:18])[H:19])[C:9]([N:8]1[H:23])([H:24])[H:25])([H:20])[H:21])[H:22],[H:29][C:11](=[O:12])[C:8]1([C:7]([C:6]2([C:1]([C:2]([N+:3]([C:4]([C:5]2([H:21])[H:22])([H:19])[H:20])([H:17])[H:18])([H:15])[H:16])([H:13])[H:14])[C:10]([N:9]1[H:26])([H:27])[H:28])([H:23])[H:24])[H:25]
0.7142857313156128,4378,17450,[H:22][c:6]1[c:7]([n:8][c:9]([c:10]([c:5]1[C:2]([C:1]([H:13])([H:14])[H:15])([C:3]([H:16])([H:17])[H:18])[C:4]([H:19])([H:20])[H:21])[C:11]([H:25])([H:26])[N:12]([H:27])[H:28])[H:24])[H:23],[H:22][c:6]1[c:7]([n:8][c:9]([c:10]([c:5]1[C:2]([C:1]([H:13])([H:14])[H:15])([C:3]([H:16])([H:17])[H:18])[C:4]([H:19])([H:20])[H:21])[C:11]([H:25])([H:26])[N+:12]([H:27])([H:28])[H:29])[H:24])[H:23]
0.7142857313156128,1067,17829,[H:20][C:6]1([C:5]([C:4]([N+:3]([C:7]1([H:22])[C:8]([H:23])([H:24])[H:25])([H:16])[C:2]([H:14])([H:15])[C:1]([H:11])([H:12])[H:13])([H:17])[H:18])([H:19])[O:9][C:10]([H:26])([H:27])[H:28])[H:21],[H:23][C:7]1([C:6]([C:5]([N+:4]([C:8]1([H:25])[C:9]([H:26])([H:27])[H:28])([H:19])[C:3]([H:17])([H:18])[C:2]([H:15])([H:16])[C:1]([H:12])([H:13])[H:14])([H:20])[H:21])([H:22])[O:10][C:11]([H:29])([H:30])[H:31])[H:24]
0.7142857313156128,4786,24084,[H:15][C:6]1([C:4](=[O:5])[N:3]([C:8](=[N:7]1)[S:9][H:17])[C:2]([H:13])([H:14])[C:1]([H:10])([H:11])[H:12])[H:16],[H:18][C:7]1([C:5](=[O:6])[N:4]([C:9](=[N:8]1)[S:10][H:20])[C:3]([H:16])([H:17])[C:2]([H:14])([H:15])[C:1]([H:11])([H:12])[H:13])[H:19]
0.7142857313156128,4137,14538,[H:13][C:1]1=[C:2]([N:3]([N:4]=[C:5]1[N+:6](=[C:7]([N:8]([H:17])[H:18])[N+:9](=[C:10]([N:11]([H:20])[H:21])[N:12]([H:22])[H:23])[H:19])[H:16])[H:15])[H:14],[H:10][C:1]1=[C:2]([N:3]([N:4]=[C:5]1[N+:6](=[C:7]([N:8]([H:14])[H:15])[N:9]([H:16])[H:17])[H:13])[H:12])[H:11]
0.7142857313156128,4227,34590,[H:23][C:10]12[C:8]3([N:7]([C:6]([N:12]1[H:25])([C:4]4([N:3]([C:2]([N:11]2[H:24])([C:1]([N:9]3[H:22])([N+:5]4([H:17])[H:18])[H:13])[H:14])[H:15])[H:16])[H:19])[H:20])[H:21],[H:22][C:8]12[C:10]3([N:12]([C:2]4([C:1]([N:11]3[H:25])([N+:6]([C:5]([N:7]1[H:21])([C:4]([N:9]2[H:23])([N+:3]4([H:15])[H:16])[H:17])[H:18])([H:19])[H:20])[H:13])[H:14])[H:26])[H:24]
0.7142857313156128,4674,38121,[H:14][C:3]1=[C:4]([N:5]([N:6]=[C:2]1[C:1]([H:11])([H:12])[H:13])[H:15])[C:7]([H:16])([H:17])[C:8]([H:18])([C:9]([H:19])([H:20])[H:21])[N+:10]([H:22])([H:23])[H:24],[H:14][C:3]1=[C:4]([N:5]([N:6]=[C:2]1[C:1]([H:11])([H:12])[H:13])[H:15])[C:7]([H:16])([H:17])[C:8]([H:18])([C:9]([H:19])([H:20])[H:21])[C:10]([H:22])([H:23])[H:24]
0.7142857313156128,758,35257,[H:17][c:5]1[c:6]([c:7]([c:2]([c:3]([c:4]1[C:10]([H:22])([C:11]([H:23])([H:24])[H:25])[N:12]([H:26])[H:27])[H:16])[C:1]([H:13])([H:14])[H:15])[O:8][C:9]([H:19])([H:20])[H:21])[H:18],[H:17][c:5]1[c:6]([c:7]([c:2]([c:3]([c:4]1[C:10]([H:22])([C:11]([H:23])([H:24])[H:25])[C:12]([H:26])([H:27])[H:28])[H:16])[C:1]([H:13])([H:14])[H:15])[O:8][C:9]([H:19])([H:20])[H:21])[H:18]
0.7142857313156128,4581,29665,[H:12][C:1]1=[N:5][C:4]2=[C:3]([N:2]1[H:13])[C:9]([C:8]([N+:7]([C:6]2([H:14])[C:10]([H:21])([H:22])[N:11]([H:23])[H:24])([H:15])[H:16])([H:17])[H:18])([H:19])[H:20],[H:12][C:1]1=[N:5][C:4]2=[C:3]([N:2]1[H:13])[C:9]([C:8]([N+:7]([C:6]2([H:14])[C:10]([H:21])([H:22])[O:11][H:23])([H:15])[H:16])([H:17])[H:18])([H:19])[H:20]
0.7142857313156128,4341,13715,[I:1][C:2]1=[N:3][N:4]=[C:5]2[N:6]1[C:7]([H:11])([H:12])[N:8]([H:13])[C:9]([H:14])([H:15])[C:10]2([H:16])[H:17],[I:1][C:2]1=[N:3][N:4]=[C:5]2[N:6]1[C:7]([H:12])([H:13])[C:8]([H:14])([H:15])[N:9]([H:16])[C:10]([H:17])([H:18])[C:11]2([H:19])[H:20]
0.7142857313156128,4418,25163,[H:13][C:1]1=[C:7]([C:5](=[O:6])[O:4][C:3](=[C:2]1[H:14])[C:9]([F:10])([F:11])[Cl:12])[N:8]([H:15])[H:16],[H:13][C:1]1=[C:7]([C:5](=[O:6])[O:4][C:3](=[C:2]1[H:14])[C:9]([F:10])([F:11])[F:12])[N:8]([H:15])[H:16]
0.7142857313156128,1133,7540,[H:13][C:1]1([C:2]([N:3]([C:4]([C:5]([C:6]12[C:7](=[O:8])[N:9]([C:10]([C:11]([N+:12]2([H:27])[H:28])([H:25])[H:26])([H:23])[H:24])[H:22])([H:20])[H:21])([H:18])[H:19])[H:17])([H:15])[H:16])[H:14],[H:13][C:1]1([C:2]([N+:3]([C:4]([C:5]([C:6]12[C:7](=[O:8])[N:9]([C:10]([C:11]([N+:12]2([H:28])[H:29])([H:26])[H:27])([H:24])[H:25])[H:23])([H:21])[H:22])([H:19])[H:20])([H:17])[H:18])([H:15])[H:16])[H:14]
0.7142857313156128,4404,40007,[H:16][C:3]1([C:4]([C:5]([N+:6]([C:7]([C:8]([C:2]1([H:15])[C:1]([H:12])([H:13])[H:14])([H:25])[H:26])([H:23])[H:24])([H:21])[H:22])([H:20])[C:9]([H:27])([C:10]([H:28])([H:29])[H:30])[C:11]([H:31])([H:32])[H:33])([H:18])[H:19])[H:17],[H:16][C:5]1([C:6]([N+:7]([C:4]1([H:15])[C:2]([H:11])([C:1]([H:8])([H:9])[H:10])[C:3]([H:12])([H:13])[H:14])([H:20])[H:21])([H:18])[H:19])[H:17]
0.7096773982048035,1492,41005,[H:16][c:6]1[n:7][c:2]([c:3]2[c:4]([n:5]1)[N:8]([C:9](=[O:10])[C:11]([C:12]2([H:20])[H:21])([H:18])[H:19])[H:17])[C:1]([H:13])([H:14])[H:15],[H:15][c:6]1[n:7][c:2]([c:3]2[c:4]([n:5]1)[N:8]([C:9](=[O:10])[C:11]2([H:17])[H:18])[H:16])[C:1]([H:12])([H:13])[H:14]
0.7096773982048035,4504,27838,[H:21][C:6]1([C:7](=[O:8])[C:3]([C:4]([C:5]1([H:19])[H:20])([H:17])[H:18])([C:9](=[O:10])[C:11]([H:23])([H:24])[H:25])[C:2]([H:16])([C:1]([H:13])([H:14])[H:15])[N:12]([H:26])[H:27])[H:22],[H:21][C:6]1([C:7](=[O:8])[C:3]([C:4]([C:5]1([H:19])[H:20])([H:17])[H:18])([C:9](=[O:10])[C:11]([H:23])([H:24])[H:25])[C:2]([H:16])([C:1]([H:13])([H:14])[H:15])[N+:12]([H:26])([H:27])[H:28])[H:22]
0.7096773982048035,1780,41019,[H:14][C:2]1=[C:1]([N:5]([C:4](=[N:3]1)[C:6]([H:16])([H:17])[C:7]2([C:8]([C:9]([N:10]([C:11]([C:12]2([H:26])[H:27])([H:24])[H:25])[H:23])([H:21])[H:22])([H:19])[H:20])[H:18])[H:15])[H:13],[H:14][C:2]1=[C:1]([N:5]([C:4](=[N:3]1)[C:6]([H:16])([H:17])[C:7]2([C:8]([C:9]([C:10]([C:11]([C:12]2([H:27])[H:28])([H:25])[H:26])([H:23])[H:24])([H:21])[H:22])([H:19])[H:20])[H:18])[H:15])[H:13]
0.7096773982048035,2860,30472,[H:18][C:4]1=[C:5]([C:6](=[O:7])[N:8]([C:9](=[C:3]1[C:2]([H:16])([H:17])[C:1]([H:13])([H:14])[H:15])[C:10]([H:20])([H:21])[H:22])[H:19])[C:11](=[C:12]([H:24])[H:25])[H:23],[H:18][C:4]1=[C:5]([C:6](=[O:7])[N:8]([C:9](=[C:3]1[C:2]([H:16])([H:17])[C:1]([H:13])([H:14])[H:15])[C:10]([H:20])([H:21])[H:22])[H:19])[C:11](=[O:12])[H:23]
0.7096773982048035,5594,22436,[H:17][C:3](=[C:2]([H:16])[C:1]([H:13])([H:14])[H:15])[C:4]#[C:5][C:6]#[C:7][C:8]([H:18])([H:19])[C:9]([H:20])([H:21])[C:10](=[O:11])[N:12]([H:22])[H:23],[H:17][C:3](=[C:2]([H:16])[C:1]([H:13])([H:14])[H:15])[C:4]#[C:5][C:6]#[C:7][C:8]([H:18])([H:19])[C:9]([H:20])([H:21])[C:10](=[O:11])[O-:12]
0.7096773982048035,3722,14651,[H:18][c:4]1[c:5]([n:6][c:7]([c:8]([c:3]1[C:2]([H:16])([H:17])[C:1]([H:13])([H:14])[H:15])[H:20])[S:9](=[O:10])(=[O:11])[C:12]([H:21])([H:22])[H:23])[H:19],[H:17][c:8]1[c:9]([n:10][c:5]([c:6]([c:7]1[C:11]([H:19])([H:20])[N+:12]([H:21])([H:22])[H:23])[H:16])[S:2](=[O:3])(=[O:4])[C:1]([H:13])([H:14])[H:15])[H:18]
0.7096773982048035,5435,33945,[H:13][C:1]1=[C:2]([S:3][C:4](=[N:5]1)[S:6][C:7]([H:15])([C:8]([Cl:9])([Cl:10])[Cl:11])[N:12]([H:16])[H:17])[H:14],[H:1][C:2]1=[C:16]([S:15][C:4](=[N:3]1)[S:5][C:6]([H:7])([C:11]([Br:12])([Br:13])[Br:14])[N:8]([H:9])[H:10])[H:17]
0.7096773982048035,4096,9857,[H:12][C:1]1=[C:2]([N:3]=[C:4]2[N:5]1[C:6]([C:7]([N:8]([C:9]([C:10]2([H:20])[H:21])([H:18])[H:19])[H:17])([H:15])[H:16])([H:13])[H:14])[Br:11],[H:11][C:1]1=[C:2]([N:3]=[C:4]2[N:5]1[C:6]([C:7]([N:8]([C:9]2([H:17])[H:18])[H:16])([H:14])[H:15])([H:12])[H:13])[Br:10]
0.7096773982048035,3889,30738,[H:12][C:1]1=[C:2]([C:3](=[N:4][N:5]1[H:13])[S:6](=[O:7])[O-:8])[C:9](=[O:10])[O-:11],[H:12][C:1]1=[C:2]([C:3](=[N:4][N:5]1[H:13])[S:6](=[O:7])[O-:8])[C:9](=[O:10])[N:11]([H:14])[H:15]
0.7083333134651184,1024,9515,[H:18][c:6]1[c:7]([c:8]([c:9]2[c:4]([c:5]1[H:17])[C:3]([C:2]([C:10]2([H:21])[H:22])([C:1]([H:12])([H:13])[H:14])[N:11]([H:23])[H:24])([H:15])[H:16])[H:20])[H:19],[H:21][c:7]1[c:8]([c:9]([c:10]2[c:5]([c:6]1[H:20])[C:4]([C:3]([C:2]([C:11]2([H:24])[H:25])([C:1]([H:13])([H:14])[H:15])[N:12]([H:26])[H:27])([H:16])[H:17])([H:18])[H:19])[H:23])[H:22]
0.7083333134651184,1755,17511,[H:12][C:1]1([C:2]([O:3][C:4]([C:5]([C:6]12[C:7]([N+:8]([C:9]([C:10]([O:11]2)([H:26])[H:27])([H:24])[H:25])([H:22])[H:23])([H:20])[H:21])([H:18])[H:19])([H:16])[H:17])([H:14])[H:15])[H:13],[H:10][C:1]1([C:2]([C:3]2([C:4]1([H:14])[H:15])[C:5]([N+:6]([C:7]([C:8]([O:9]2)([H:22])[H:23])([H:20])[H:21])([H:18])[H:19])([H:16])[H:17])([H:12])[H:13])[H:11]
0.7083333134651184,840,23956,[H:15][C:3]1([C:2]([C:6]([C:5]2([C:4]1([N+:10]([C:9]([C:8]([O:7]2)([H:21])[H:22])([H:23])[H:24])([H:25])[H:26])[H:17])[H:18])([H:19])[H:20])([H:14])[C:1]([H:11])([H:12])[H:13])[H:16],[H:13][C:5]1([C:6]2([C:4]1([O:3][C:2]([C:1]([N+:7]2([H:16])[H:17])([H:8])[H:9])([H:10])[H:11])[H:12])[H:15])[H:14]
0.7083333134651184,4950,10298,[H:16][C:7]1([C:5](=[O:6])[C:3]2([C:2]([C:1]([C:4]2([H:14])[H:15])([H:10])[H:11])([H:12])[H:13])[N:9]([C:8]1([H:18])[H:19])[H:20])[H:17],[H:20][C:8]1([C:6](=[O:7])[C:4]2([C:5]([C:1]([C:2]([C:3]2([H:16])[H:17])([H:14])[H:15])([H:12])[H:13])([H:18])[H:19])[N:11]([C:10]([C:9]1([H:22])[H:23])([H:24])[H:25])[H:26])[H:21]
0.7083333134651184,4044,26890,[H:17][C:4]1([C:3]2([C:9]3([C:8]([O:10]3)([C:7]([N+:2]2([C:1]([H:13])([H:14])[H:15])[O:12][H:26])([C:6]([C:5]1([H:19])[O:11][H:25])([H:20])[H:21])[H:22])[H:23])[H:24])[H:16])[H:18],[H:17][C:4]1([C:3]2([C:9]3([C:8]([O:10]3)([C:7]([N+:2]2([C:1]([H:13])([H:14])[H:15])[C:12]([H:26])([H:27])[H:28])([C:6]([C:5]1([H:19])[O:11][H:25])([H:20])[H:21])[H:22])[H:23])[H:24])[H:16])[H:18]
0.7083333134651184,3728,17414,[N+:1]([C:2]([C:3]([c:4]1[c:5]([H:19])[c:6]([F:7])[c:8]([H:20])[c:9]([I:10])[c:11]1[H:21])([H:17])[H:18])([H:15])[H:16])([H:12])([H:13])[H:14],[N+:1]([C:2]([C:3]([c:4]1[c:5]([H:19])[c:6]([I:7])[c:8]([H:20])[c:9]([I:10])[c:11]1[H:21])([H:17])[H:18])([H:15])[H:16])([H:12])([H:13])[H:14]
0.7083333134651184,3755,6506,[H:13][C:1]1([C:2]([N:3]([C:4]([C:5]([C:6]1([H:22])[C:7]2([C:8]([C:9]([C:10]([O:11]2)([H:27])[H:28])([H:25])[H:26])([H:24])[N:12]([H:29])[H:30])[H:23])([H:20])[H:21])([H:18])[H:19])[H:17])([H:15])[H:16])[H:14],[H:10][C:1]1([C:2]([C:3]1([H:14])[C:4]2([C:5]([C:6]([C:7]([O:8]2)([H:19])[H:20])([H:17])[H:18])([H:16])[N:9]([H:21])[H:22])[H:15])([H:12])[H:13])[H:11]
0.7083333134651184,2797,31558,[H:15][C:5]1=[C:6]([N:7]=[C:3]([N:4]1[H:14])[C:2]([H:12])([H:13])[C:1]([H:9])([H:10])[H:11])[C:8]([H:16])([H:17])[H:18],[H:18][C:6]1=[C:7]([N:8]=[C:4]([N:5]1[H:17])[C:3]([H:15])([H:16])[C:2]([H:13])([H:14])[C:1]([H:10])([H:11])[H:12])[C:9]([H:19])([H:20])[H:21]
0.7058823704719543,2750,43419,[H:17][C:6]1=[C:7]([N:8]=[C:9]([N:10]2[C:5]1=[N:4][C:3](=[N:11]2)[C:2]([H:16])([C:1]([H:13])([H:14])[H:15])[N:12]([H:20])[H:21])[H:19])[H:18],[H:17][C:6]1=[C:7]([N:8]=[C:9]([N:10]2[C:5]1=[N:4][C:3](=[N:11]2)[C:2]([H:16])([C:1]([H:13])([H:14])[H:15])[N+:12]([H:20])([H:21])[H:22])[H:19])[H:18]
0.7058823704719543,1164,26182,[H:13][C:1]1([C:2]([N:3]2[C:7](=[N:6][N:5]=[C:4]2[C:11]([H:18])([H:19])[N:12]([H:20])[H:21])[C:8](=[O:9])[N:10]1[H:17])([H:15])[H:16])[H:14],[H:13][C:1]1([C:2]([N:3]2[C:7](=[N:6][N:5]=[C:4]2[C:11]([H:18])([H:19])[N+:12]([H:20])([H:21])[H:22])[C:8](=[O:9])[N:10]1[H:17])([H:15])[H:16])[H:14]
0.7058823704719543,4963,36866,[H:13][c:1]1[c:2]([c:3]2[c:4]([c:5]([c:6]1[H:15])[F:7])[C:8]([C:9]([O:10]2)([H:18])[C:11]([H:19])([H:20])[N:12]([H:21])[H:22])([H:16])[H:17])[H:14],[H:13][c:1]1[c:2]([c:3]2[c:4]([c:5]([c:6]1[H:15])[F:7])[C:8]([C:9]([O:10]2)([H:18])[C:11]([H:19])([H:20])[N+:12]([H:21])([H:22])[H:23])([H:16])[H:17])[H:14]
0.7058823704719543,6048,31905,[H:13][N:6]1[C:2]2=[N:3][O:4][N:5]=[C:1]2[N:12]([C:8]3=[N:9][O:10][N:11]=[C:7]31)[H:14],[H:14][N:6]1[C:2]2=[N:3][N:4]([N:5]=[C:1]2[N:12]([C:8]3=[N:9][O:10][N:11]=[C:7]31)[H:15])[H:13]
0.7058823704719543,5919,24901,[H:14][c:2]1[c:1]([c:6]([c:5]([c:4]2[c:3]1[C:10]([C:9]([N:8]2[H:17])([H:18])[H:19])([H:20])[C:11]([H:21])([H:22])[Cl:12])[H:15])[S:7][H:16])[H:13],[S:1]([c:2]1[c:3]([H:14])[c:4]([H:15])[c:5]2[c:6]([c:7]1[H:16])[N:8]([H:17])[C:9]([H:18])([H:19])[C@:10]2([C:11]([I:12])([H:21])[H:22])[H:20])[H:13]
0.7058823704719543,216,18349,[H:12][C:1]1=[C:5]([N:4]2[C:3](=[C:2]1[H:13])[C:9]([N+:8]([C:7]([C:6]2([H:15])[H:16])([H:17])[H:18])([H:19])[H:20])([H:21])[C:10]([H:22])([H:23])[N:11]([H:24])[H:25])[H:14],[H:19][C:6]1=[C:7]([N:8]2[C:4](=[C:5]1[H:18])[C:3]([N+:11]([C:10]([C:9]2([H:21])[H:22])([H:23])[H:24])([H:25])[H:26])([H:17])[C:2]([H:15])([H:16])[C:1]([H:12])([H:13])[H:14])[H:20]
0.7058823704719543,1935,38702,[H:13][C:1]1=[C:2]([S:3][C:4]2=[C:5]1[S:6][C:7](=[C:8]2[C:9]([H:15])([H:16])[N:10]([H:17])[H:18])[C:11](=[O:12])[H:19])[H:14],[H:13][C:1]1=[C:2]([S:3][C:4]2=[C:5]1[S:6][C:7](=[C:8]2[C:9]([H:15])([H:16])[N+:10]([H:17])([H:18])[H:19])[C:11](=[O:12])[H:20])[H:14]
0.7037037014961243,4667,14806,[H:12][c:1]1[c:2]2[c:6]([c:7]([c:8]([c:9]1[O:10][H:16])[N:11]([H:17])[H:18])[H:15])[N:5]([N:4]=[C:3]2[H:13])[H:14],[H:12][c:1]1[c:2]2[c:6]([c:7]([c:8]([c:9]1[N:10]([H:16])[H:17])[N:11]([H:18])[H:19])[H:15])[N:5]([N:4]=[C:3]2[H:13])[H:14]
0.7037037014961243,5224,42058,[H:13][C:1]1([C:2]([C:3]([N+:4]([C:5]1([H:20])[H:21])([H:18])[H:19])([H:17])[C:6]([H:22])([H:23])[N:7]2[C:8]([C:9]([O:10][C:11]([C:12]2([H:30])[H:31])([H:28])[H:29])([H:26])[H:27])([H:24])[H:25])([H:15])[H:16])[H:14],[H:12][C:1]1([C:2]([C:3]([N:4]([C:5]1([H:18])[H:19])[C:6]([H:20])([H:21])[C:7]2([C:8]([C:9]([C:10]([N+:11]2([H:29])[H:30])([H:27])[H:28])([H:25])[H:26])([H:23])[H:24])[H:22])([H:16])[H:17])([H:14])[H:15])[H:13]
0.7037037014961243,4052,41546,[H:20][c:6]1[c:7]([c:8]([c:9]([c:4]([c:5]1[H:19])[C:2]([H:15])([C:1]([H:12])([H:13])[H:14])[C:3]([H:16])([H:17])[H:18])[H:22])[C:10]([H:23])([H:24])[N+:11]([H:25])([H:26])[H:27])[H:21],[H:12][c:1]1[c:2]([c:3]([c:4]([c:5]([c:6]1[H:15])[C:7]([H:16])([F:8])[F:9])[H:14])[C:10]([H:17])([H:18])[N+:11]([H:19])([H:20])[H:21])[H:13]
0.7037037014961243,1285,23072,[H:18][C:8]1=[N:9][N:4]([C:5](=[O:6])[N:7]1[H:17])[C:3]([H:15])([H:16])[C:2]([H:13])([H:14])[C:1]([H:10])([H:11])[H:12],[H:15][C:7]1=[N:8][N:3]([C:4](=[O:5])[N:6]1[H:14])[C:2]([H:12])([H:13])[C:1]([H:9])([H:10])[H:11]
0.7037037014961243,1282,25801,[O:1]=[C:2]1[C:3]([I:4])=[N:5][N:6]([H:13])[c:7]2[c:8]([H:14])[c:9]([H:15])[c:10]([H:16])[c:11]([H:17])[c:12]21,[I:1][C:2]1=[N:3][N:4]([H:11])[c:5]2[c:6]([H:12])[c:7]([H:13])[c:8]([H:14])[c:9]([H:15])[c:10]21
0.7037037014961243,667,19592,[H:12][c:1]1[c:2]([c:3]([c:4]2=[C:5]([N:6]([N:7]=[c:8]2[c:9]1[N:10]([H:16])[H:17])[H:15])[H:14])[O:11][H:18])[H:13],[H:12][c:1]1[c:2]([c:3]([c:4]2=[N:10][N:9]([C:8](=[c:5]2[c:6]1[N:7]([H:14])[H:15])[H:16])[H:17])[N:11]([H:18])[H:19])[H:13]
0.7037037014961243,5321,7877,[H:14][C:3]1([C:2]([O:7][C:6]([C:5]([N+:4]1([H:16])[H:17])([H:18])[H:19])([H:20])[C:8]([H:21])([H:22])[N+:9]([H:23])([H:24])[H:25])([H:13])[C:1]([H:10])([H:11])[H:12])[H:15],[H:15][C:3]1([C:2]([O:7][C:6]([C:5]([N+:4]1([H:17])[H:18])([H:19])[H:20])([H:21])[C:8]([H:22])([H:23])[C:9]([H:24])([H:25])[N+:10]([H:26])([H:27])[H:28])([H:14])[C:1]([H:11])([H:12])[H:13])[H:16]
0.7037037014961243,5735,29830,[H:20][c:6]1[c:5]([c:4]([c:9]([c:8]([c:7]1[H:21])[O:10][C:11]([H:23])([H:24])[H:25])[H:22])[C:3]([H:17])([H:18])[C:2]([H:15])([H:16])[C:1]([H:12])([H:13])[H:14])[H:19],[H:17][c:5]1[c:4]([c:3]([c:8]([c:7]([c:6]1[H:18])[O:9][C:10]([H:20])([H:21])[H:22])[H:19])[C:2]([H:14])([H:15])[C:1]([H:11])([H:12])[H:13])[H:16]
0.7037037014961243,3584,33221,[H:12][C:1]([H:13])([H:14])[C:2]([H:15])([H:16])[O:3][C:4]([H:17])([C:5]([H:18])([H:19])[O:6][H:20])[C:7]([H:21])([H:22])[P:8](=[O:9])([O-:10])[O-:11],[H:12][C:1]([H:13])([H:14])[C:2]([H:15])([H:16])[C:3]([H:17])([C:4]([H:18])([H:19])[P:5](=[O:6])([O-:7])[O-:8])[O:9][C:10]([H:20])([H:21])[C:11]([H:22])([H:23])[H:24]
0.7037037014961243,2868,20680,[H:13][C:1]1([C:2]([C:3]2([C:4]([C:5]([O:6][C:7]([C:8]2([H:23])[H:24])([H:21])[H:22])([H:19])[H:20])([H:17])[H:18])[O:9][C:10]1([H:25])[C:11]([H:26])([H:27])[N+:12]([H:28])([H:29])[H:30])([H:15])[H:16])[H:14],[H:12][C:1]1([C:2]([C:3]([C:4]2([C:5]1([H:18])[H:19])[C:6]([C:7]([C:8]([O:9]2)([H:24])[C:10]([H:25])([H:26])[N+:11]([H:27])([H:28])[H:29])([H:22])[H:23])([H:20])[H:21])([H:16])[H:17])([H:14])[H:15])[H:13]
0.7037037014961243,1983,15691,[H:16][c:3]1[c:4]([c:5]([c:6]([c:7]([c:2]1[C:1]([H:13])([H:14])[H:15])[H:18])[C:8]([H:19])([H:20])[H:21])[C:9]([H:22])([C:10]([H:23])([H:24])[H:25])[N:11]([H:26])[C:12]([H:27])([H:28])[H:29])[H:17],[H:16][c:3]1[c:4]([c:5]([c:6]([c:7]([c:2]1[C:1]([H:13])([H:14])[H:15])[H:18])[C:8]([H:19])([C:9]([H:20])([H:21])[H:22])[N:10]([H:23])[C:11]([H:24])([H:25])[H:26])[C:12]([H:27])([H:28])[H:29])[H:17]
