Para-C,Meta-C,IC50 (micro Molar),pIC50,R-group
-0.065,0.291,155,3.809668302,OMe
-0.066,0.282,1000,3,NH2
-0.017,0.249,13,4.886056648,Cl
-0.044,0.298,51,4.292429824,F
-0.009,0.246,9.8,5.008773924,Br
0.023,0.236,5.9,5.229147988,CF3
-0.012,0.258,59,4.229147988,iPr
0.018,0.223,4.1,5.387216143,SO2Me